2025-04-24 20:19:19,201 - __main__ - INFO - Creating Optuna study: multi_ethnic_moe_20250424_201919
2025-04-24 20:19:19,739 - __main__ - INFO - Using 1 GPUs for hyperparameter optimization
2025-04-24 20:19:23,111 - __mp_main__ - INFO - Running trial 0 on device cuda:0
2025-04-24 20:19:23,111 - __mp_main__ - INFO - Loaded global parameters from ./data/global_parameters.json
2025-04-24 20:19:23,116 - __mp_main__ - INFO - Loaded DA coordinates from ./data/toronto_da.csv
2025-04-24 20:19:23,162 - csrn.data_loader.spatial_data_loader - INFO - Loaded walking matrix with shape (3742, 3742)
2025-04-24 20:19:23,209 - csrn.data_loader.spatial_data_loader - INFO - Loaded transit matrix with shape (3742, 3742)
2025-04-24 20:19:23,255 - csrn.data_loader.spatial_data_loader - INFO - Loaded proximity matrix with shape (3742, 3742)
2025-04-24 20:19:23,260 - csrn.data_loader.spatial_data_loader - INFO - Loaded DA info with 3742 entries
2025-04-24 20:19:23,261 - csrn.data_loader.spatial_data_loader - INFO - Loading multi-ethnic data files...
2025-04-24 20:19:23,339 - csrn.data_loader.spatial_data_loader - INFO - Loaded train_features: 2236 rows
2025-04-24 20:19:23,342 - csrn.data_loader.spatial_data_loader - INFO - Loaded train_pop_2006: 2236 rows
2025-04-24 20:19:23,342 - csrn.data_loader.spatial_data_loader - INFO -   - Contains 5 ethnicities: ['China', 'India', 'Philippines', 'Portugal', 'Sri Lanka']
2025-04-24 20:19:23,346 - csrn.data_loader.spatial_data_loader - INFO - Loaded train_pop_2016: 2236 rows
2025-04-24 20:19:23,346 - csrn.data_loader.spatial_data_loader - INFO -   - Contains 10 ethnicities: ['China', 'Hong Kong', 'India', 'Iran', 'Italy', 'Jamaica', 'Philippines', 'Portugal', 'Sri Lanka', 'United Kingdom']
2025-04-24 20:19:23,374 - csrn.data_loader.spatial_data_loader - INFO - Loaded val_features: 745 rows
2025-04-24 20:19:23,375 - csrn.data_loader.spatial_data_loader - INFO - Loaded val_pop_2006: 745 rows
2025-04-24 20:19:23,375 - csrn.data_loader.spatial_data_loader - INFO -   - Contains 5 ethnicities: ['China', 'India', 'Philippines', 'Portugal', 'Sri Lanka']
2025-04-24 20:19:23,377 - csrn.data_loader.spatial_data_loader - INFO - Loaded val_pop_2016: 745 rows
2025-04-24 20:19:23,377 - csrn.data_loader.spatial_data_loader - INFO -   - Contains 10 ethnicities: ['China', 'Hong Kong', 'India', 'Iran', 'Italy', 'Jamaica', 'Philippines', 'Portugal', 'Sri Lanka', 'United Kingdom']
2025-04-24 20:19:23,400 - csrn.data_loader.spatial_data_loader - INFO - Loaded test_features: 746 rows
2025-04-24 20:19:23,402 - csrn.data_loader.spatial_data_loader - INFO - Loaded test_pop_2006: 746 rows
2025-04-24 20:19:23,402 - csrn.data_loader.spatial_data_loader - INFO -   - Contains 5 ethnicities: ['China', 'India', 'Philippines', 'Portugal', 'Sri Lanka']
2025-04-24 20:19:23,404 - csrn.data_loader.spatial_data_loader - INFO - Loaded test_pop_2016: 746 rows
2025-04-24 20:19:23,404 - csrn.data_loader.spatial_data_loader - INFO -   - Contains 10 ethnicities: ['China', 'Hong Kong', 'India', 'Iran', 'Italy', 'Jamaica', 'Philippines', 'Portugal', 'Sri Lanka', 'United Kingdom']
2025-04-24 20:19:23,404 - csrn.data_loader.spatial_data_loader - INFO - Creating multi-ethnic spatially-aware DataLoaders...
2025-04-24 20:19:23,404 - csrn.data_loader.spatial_data_loader - INFO - Preprocessing features...
2025-04-24 20:19:23,433 - csrn.data_loader.spatial_data_loader - INFO - Feature preprocessing complete.
2025-04-24 20:19:23,435 - csrn.data_loader.spatial_data_loader - INFO - Loaded data with 5 ethnicities: ['China', 'India', 'Philippines', 'Portugal', 'Sri Lanka']
2025-04-24 20:19:24,140 - csrn.data_loader.spatial_data_loader - INFO - Loaded coordinates for 2236 DAs
2025-04-24 20:19:24,143 - csrn.data_loader.spatial_data_loader - INFO - Loaded data with 5 ethnicities: ['China', 'India', 'Philippines', 'Portugal', 'Sri Lanka']
2025-04-24 20:19:24,374 - csrn.data_loader.spatial_data_loader - INFO - Loaded coordinates for 745 DAs
2025-04-24 20:19:24,376 - csrn.data_loader.spatial_data_loader - INFO - Loaded data with 5 ethnicities: ['China', 'India', 'Philippines', 'Portugal', 'Sri Lanka']
2025-04-24 20:19:24,607 - csrn.data_loader.spatial_data_loader - INFO - Loaded coordinates for 746 DAs
2025-04-24 20:19:24,608 - csrn.data_loader.spatial_data_loader - INFO - Created DataLoaders: Train size=2236, Val size=745, Test size=746
2025-04-24 20:19:24,608 - csrn.data_loader.spatial_data_loader - INFO - Number of ethnicities: 5
2025-04-24 20:19:24,608 - __mp_main__ - INFO - Loaded data with 5 ethnicities
2025-04-24 20:19:24,733 - __mp_main__ - INFO - Using adjusted dimensions - hidden_dims: [93, 39, 18], coord_embed_dim: 9
2025-04-24 20:19:24,782 - spatial_moe_trainer - INFO - Multi-Ethnic Spatial MoE model initialized on cuda:0
2025-04-24 20:19:24,783 - spatial_moe_trainer - INFO - Model will predict 5 ethnicities: ['China', 'India', 'Philippines', 'Portugal', 'Sri Lanka']
2025-04-24 20:19:24,803 - __mp_main__ - INFO - Testing model forward pass before training...
2025-04-24 20:19:25,087 - __mp_main__ - INFO - Test forward pass successful. Output shape: torch.Size([64, 5])
2025-04-24 20:19:25,088 - spatial_moe_trainer - INFO - Starting multi-ethnic spatial MoE model training with learnable expert router...
2025-04-24 20:19:25,088 - spatial_moe_trainer - INFO - Using colonization_weight=6.41003510568888, jump_weight=9.72918866945795, decline_weight=2.636424704863906, pde_weight=3.7381801866358395
2025-04-24 20:19:50,197 - spatial_moe_trainer - INFO - Epoch 1/100 - Train Loss: 1710.4438 (Col: 1114.0467, Jump: 1040.4068, Decline: 218.0650, PDE: 5760.9052, Reg: 25313.1544), Eth Losses: China: 2871.0207, India: 1121.2574, Philippines: 2325.7594... (more ethnicities), Val Loss: 1686.5503, Val MAE: 21.8291, Val R2: 0.4180
2025-04-24 20:20:13,962 - spatial_moe_trainer - INFO - Epoch 2/100 - Train Loss: 1415.7717 (Col: 825.5971, Jump: 800.5377, Decline: 198.1194, PDE: 5124.8324, Reg: 18324.9371), Eth Losses: China: 2341.7970, India: 927.7474, Philippines: 2088.6767... (more ethnicities), Val Loss: 1332.3774, Val MAE: 17.5752, Val R2: 0.5402
2025-04-24 20:20:37,697 - spatial_moe_trainer - INFO - Epoch 3/100 - Train Loss: 1266.0256 (Col: 702.2983, Jump: 641.5878, Decline: 192.2814, PDE: 4850.9442, Reg: 29028.6863), Eth Losses: China: 2015.1240, India: 784.5625, Philippines: 1925.6999... (more ethnicities), Val Loss: 1149.8349, Val MAE: 16.5999, Val R2: 0.6032
2025-04-24 20:21:01,476 - spatial_moe_trainer - INFO - Epoch 4/100 - Train Loss: 1124.5472 (Col: 588.3905, Jump: 633.5027, Decline: 184.4828, PDE: 4325.4792, Reg: 20446.6882), Eth Losses: China: 1726.7747, India: 767.7377, Philippines: 1725.0828... (more ethnicities), Val Loss: 1064.8800, Val MAE: 15.9130, Val R2: 0.6325
2025-04-24 20:21:25,178 - spatial_moe_trainer - INFO - Epoch 5/100 - Train Loss: 985.3950 (Col: 456.6983, Jump: 658.5534, Decline: 175.2197, PDE: 4095.7370, Reg: 17823.8809), Eth Losses: China: 1460.3510, India: 707.0976, Philippines: 1519.6361... (more ethnicities), Val Loss: 1015.2450, Val MAE: 15.4413, Val R2: 0.6497
2025-04-24 20:21:48,886 - spatial_moe_trainer - INFO - Epoch 6/100 - Train Loss: 885.3886 (Col: 323.3629, Jump: 645.6762, Decline: 172.5655, PDE: 3967.8315, Reg: 15154.6976), Eth Losses: China: 1312.9525, India: 679.0687, Philippines: 1378.3012... (more ethnicities), Val Loss: 1011.6014, Val MAE: 15.1632, Val R2: 0.6509
2025-04-24 20:22:12,672 - spatial_moe_trainer - INFO - Epoch 7/100 - Train Loss: 835.6603 (Col: 258.3756, Jump: 521.4966, Decline: 167.5438, PDE: 3896.6666, Reg: 19367.4155), Eth Losses: China: 1261.7311, India: 658.4716, Philippines: 1324.9899... (more ethnicities), Val Loss: 970.7255, Val MAE: 15.0968, Val R2: 0.6650
2025-04-24 20:22:36,239 - spatial_moe_trainer - INFO - Epoch 8/100 - Train Loss: 787.1958 (Col: 232.3758, Jump: 598.9965, Decline: 163.6098, PDE: 3691.8267, Reg: 17308.5534), Eth Losses: China: 1170.4281, India: 633.1762, Philippines: 1186.8879... (more ethnicities), Val Loss: 970.9068, Val MAE: 14.9720, Val R2: 0.6650
2025-04-24 20:22:59,865 - spatial_moe_trainer - INFO - Epoch 9/100 - Train Loss: 779.1207 (Col: 211.2840, Jump: 543.5907, Decline: 161.0541, PDE: 3751.2718, Reg: 16007.2315), Eth Losses: China: 1148.4655, India: 625.4844, Philippines: 1183.6930... (more ethnicities), Val Loss: 989.1740, Val MAE: 14.8593, Val R2: 0.6587
2025-04-24 20:23:23,584 - spatial_moe_trainer - INFO - Epoch 10/100 - Train Loss: 750.6597 (Col: 214.9352, Jump: 603.3603, Decline: 159.1191, PDE: 3632.3843, Reg: 13938.3617), Eth Losses: China: 1108.9444, India: 613.0864, Philippines: 1162.6892... (more ethnicities), Val Loss: 972.0364, Val MAE: 14.5960, Val R2: 0.6646
2025-04-24 20:23:47,208 - spatial_moe_trainer - INFO - Epoch 11/100 - Train Loss: 721.0262 (Col: 182.5274, Jump: 542.8771, Decline: 155.9474, PDE: 3606.3563, Reg: 11892.4552), Eth Losses: China: 968.3911, India: 605.1435, Philippines: 1156.4213... (more ethnicities), Val Loss: 981.7394, Val MAE: 14.7603, Val R2: 0.6612
2025-04-24 20:24:11,029 - spatial_moe_trainer - INFO - Epoch 12/100 - Train Loss: 704.9537 (Col: 186.5439, Jump: 475.3350, Decline: 145.3915, PDE: 3465.8128, Reg: 15183.9906), Eth Losses: China: 996.4436, India: 595.1959, Philippines: 1112.1249... (more ethnicities), Val Loss: 916.4956, Val MAE: 14.4240, Val R2: 0.6837
2025-04-24 20:24:34,489 - spatial_moe_trainer - INFO - Epoch 13/100 - Train Loss: 726.4037 (Col: 179.4679, Jump: 522.4172, Decline: 147.5437, PDE: 3441.5001, Reg: 21504.8249), Eth Losses: China: 1061.0839, India: 630.5049, Philippines: 1145.9617... (more ethnicities), Val Loss: 970.9242, Val MAE: 14.4022, Val R2: 0.6650
2025-04-24 20:24:58,089 - spatial_moe_trainer - INFO - Epoch 14/100 - Train Loss: 654.2125 (Col: 185.4063, Jump: 470.6832, Decline: 142.7866, PDE: 3205.6815, Reg: 7924.8922), Eth Losses: China: 920.0477, India: 561.9733, Philippines: 1067.7314... (more ethnicities), Val Loss: 950.4466, Val MAE: 14.1860, Val R2: 0.6720
2025-04-24 20:25:21,829 - spatial_moe_trainer - INFO - Epoch 15/100 - Train Loss: 627.6309 (Col: 154.8612, Jump: 526.5519, Decline: 137.1071, PDE: 3154.5577, Reg: 11726.2101), Eth Losses: China: 853.1895, India: 572.5180, Philippines: 1032.2613... (more ethnicities), Val Loss: 873.2181, Val MAE: 14.0374, Val R2: 0.6987
2025-04-24 20:25:45,479 - spatial_moe_trainer - INFO - Epoch 16/100 - Train Loss: 624.7851 (Col: 149.2060, Jump: 493.7290, Decline: 141.4985, PDE: 3072.5333, Reg: 14010.8554), Eth Losses: China: 877.7591, India: 558.7258, Philippines: 1006.5538... (more ethnicities), Val Loss: 956.6086, Val MAE: 14.0101, Val R2: 0.6699
2025-04-24 20:26:09,251 - spatial_moe_trainer - INFO - Epoch 17/100 - Train Loss: 627.4769 (Col: 154.2205, Jump: 469.9166, Decline: 130.6401, PDE: 3037.5059, Reg: 17784.2731), Eth Losses: China: 936.1697, India: 559.4835, Philippines: 971.8550... (more ethnicities), Val Loss: 926.9953, Val MAE: 14.1857, Val R2: 0.6801
2025-04-24 20:26:32,929 - spatial_moe_trainer - INFO - Epoch 18/100 - Train Loss: 612.8451 (Col: 145.1940, Jump: 430.4785, Decline: 135.1704, PDE: 2944.7889, Reg: 16233.7645), Eth Losses: China: 843.9306, India: 551.5972, Philippines: 992.8604... (more ethnicities), Val Loss: 930.9055, Val MAE: 13.9757, Val R2: 0.6788
2025-04-24 20:26:56,626 - spatial_moe_trainer - INFO - Epoch 19/100 - Train Loss: 586.0724 (Col: 128.6997, Jump: 423.1010, Decline: 140.8969, PDE: 2930.0261, Reg: 14012.8412), Eth Losses: China: 761.1162, India: 531.7806, Philippines: 960.4182... (more ethnicities), Val Loss: 900.5075, Val MAE: 13.9013, Val R2: 0.6893
2025-04-24 20:27:20,509 - spatial_moe_trainer - INFO - Epoch 20/100 - Train Loss: 575.2151 (Col: 147.4942, Jump: 459.2098, Decline: 137.9618, PDE: 2836.9403, Reg: 9762.2994), Eth Losses: China: 678.0854, India: 543.4803, Philippines: 952.6389... (more ethnicities), Val Loss: 949.1996, Val MAE: 13.8559, Val R2: 0.6725
2025-04-24 20:27:44,276 - spatial_moe_trainer - INFO - Epoch 21/100 - Train Loss: 573.9462 (Col: 130.4271, Jump: 453.2074, Decline: 132.9314, PDE: 2680.3759, Reg: 22998.6313), Eth Losses: China: 779.8534, India: 551.8996, Philippines: 924.3803... (more ethnicities), Val Loss: 887.3410, Val MAE: 13.7744, Val R2: 0.6938
2025-04-24 20:28:07,966 - spatial_moe_trainer - INFO - Epoch 22/100 - Train Loss: 537.7511 (Col: 132.1702, Jump: 416.7499, Decline: 135.1616, PDE: 2665.3381, Reg: 7619.6664), Eth Losses: China: 668.9409, India: 496.8482, Philippines: 924.9897... (more ethnicities), Val Loss: 867.0888, Val MAE: 13.6013, Val R2: 0.7008
2025-04-24 20:28:31,791 - spatial_moe_trainer - INFO - Epoch 23/100 - Train Loss: 519.4360 (Col: 109.4160, Jump: 384.3451, Decline: 133.7884, PDE: 2611.7423, Reg: 10400.4095), Eth Losses: China: 604.6562, India: 486.8013, Philippines: 876.9589... (more ethnicities), Val Loss: 835.5112, Val MAE: 13.5806, Val R2: 0.7117
2025-04-24 20:28:55,514 - spatial_moe_trainer - INFO - Epoch 24/100 - Train Loss: 533.6407 (Col: 134.0581, Jump: 411.6037, Decline: 130.5230, PDE: 2513.1693, Reg: 15772.9106), Eth Losses: China: 688.6336, India: 514.1340, Philippines: 850.6511... (more ethnicities), Val Loss: 834.2714, Val MAE: 13.5061, Val R2: 0.7121
2025-04-24 20:29:19,240 - spatial_moe_trainer - INFO - Epoch 25/100 - Train Loss: 517.7316 (Col: 139.3560, Jump: 409.8736, Decline: 132.1399, PDE: 2502.6640, Reg: 9475.8869), Eth Losses: China: 637.5526, India: 513.8947, Philippines: 828.7780... (more ethnicities), Val Loss: 852.9460, Val MAE: 13.5904, Val R2: 0.7057
2025-04-24 20:29:42,818 - spatial_moe_trainer - INFO - Epoch 26/100 - Train Loss: 539.7935 (Col: 123.0464, Jump: 387.8280, Decline: 133.1079, PDE: 2549.9757, Reg: 18311.2422), Eth Losses: China: 645.2447, India: 584.2055, Philippines: 852.5975... (more ethnicities), Val Loss: 849.5672, Val MAE: 13.5390, Val R2: 0.7068
2025-04-24 20:30:06,482 - spatial_moe_trainer - INFO - Epoch 27/100 - Train Loss: 490.9291 (Col: 109.5912, Jump: 371.2486, Decline: 134.9660, PDE: 2453.4052, Reg: 11887.1363), Eth Losses: China: 604.7253, India: 481.7156, Philippines: 795.8655... (more ethnicities), Val Loss: 827.6947, Val MAE: 13.4906, Val R2: 0.7144
2025-04-24 20:30:30,331 - spatial_moe_trainer - INFO - Epoch 28/100 - Train Loss: 500.5018 (Col: 111.5696, Jump: 417.6367, Decline: 137.8787, PDE: 2457.8382, Reg: 10871.0126), Eth Losses: China: 538.9006, India: 489.1338, Philippines: 841.6094... (more ethnicities), Val Loss: 817.9474, Val MAE: 13.4469, Val R2: 0.7178
2025-04-24 20:30:54,138 - spatial_moe_trainer - INFO - Epoch 29/100 - Train Loss: 495.4131 (Col: 121.2476, Jump: 373.6337, Decline: 128.9743, PDE: 2494.2360, Reg: 7295.0764), Eth Losses: China: 566.0711, India: 503.7052, Philippines: 823.6839... (more ethnicities), Val Loss: 833.5631, Val MAE: 13.4628, Val R2: 0.7124
2025-04-24 20:31:25,547 - spatial_moe_trainer - INFO - Epoch 30/100 - Train Loss: 484.8618 (Col: 103.1597, Jump: 329.2806, Decline: 132.1585, PDE: 2439.6223, Reg: 8029.3157), Eth Losses: China: 535.5163, India: 475.6260, Philippines: 801.0989... (more ethnicities), Val Loss: 831.9385, Val MAE: 13.4646, Val R2: 0.7129
2025-04-24 20:31:58,807 - spatial_moe_trainer - INFO - Epoch 31/100 - Train Loss: 479.9364 (Col: 102.5572, Jump: 385.6686, Decline: 129.2530, PDE: 2311.7257, Reg: 11634.9465), Eth Losses: China: 590.9964, India: 484.0676, Philippines: 756.2529... (more ethnicities), Val Loss: 823.4742, Val MAE: 13.2776, Val R2: 0.7158
2025-04-24 20:32:23,524 - spatial_moe_trainer - INFO - Epoch 32/100 - Train Loss: 475.4124 (Col: 111.7961, Jump: 322.9424, Decline: 126.5021, PDE: 2380.7240, Reg: 7283.7905), Eth Losses: China: 513.7595, India: 460.3429, Philippines: 817.7670... (more ethnicities), Val Loss: 845.7032, Val MAE: 13.4878, Val R2: 0.7082
2025-04-24 20:32:48,299 - spatial_moe_trainer - INFO - Epoch 33/100 - Train Loss: 490.8284 (Col: 109.1654, Jump: 312.8347, Decline: 133.1511, PDE: 2392.4266, Reg: 13567.4730), Eth Losses: China: 621.4505, India: 464.6626, Philippines: 782.6799... (more ethnicities), Val Loss: 845.8515, Val MAE: 13.3862, Val R2: 0.7081
2025-04-24 20:33:12,881 - spatial_moe_trainer - INFO - Epoch 34/100 - Train Loss: 463.9996 (Col: 98.2031, Jump: 390.8537, Decline: 131.2222, PDE: 2346.2202, Reg: 8529.8720), Eth Losses: China: 503.6553, India: 468.8686, Philippines: 768.9516... (more ethnicities), Val Loss: 831.0148, Val MAE: 13.3509, Val R2: 0.7132
2025-04-24 20:33:37,241 - spatial_moe_trainer - INFO - Epoch 35/100 - Train Loss: 451.9804 (Col: 102.1300, Jump: 319.0715, Decline: 131.9155, PDE: 2273.3289, Reg: 6370.0582), Eth Losses: China: 459.8028, India: 442.4743, Philippines: 759.2859... (more ethnicities), Val Loss: 860.4039, Val MAE: 13.3608, Val R2: 0.7031
2025-04-24 20:34:00,876 - spatial_moe_trainer - INFO - Epoch 36/100 - Train Loss: 477.1309 (Col: 98.0935, Jump: 369.6588, Decline: 129.5806, PDE: 2287.9686, Reg: 17939.9626), Eth Losses: China: 557.7147, India: 496.6828, Philippines: 764.4323... (more ethnicities), Val Loss: 829.9003, Val MAE: 13.3081, Val R2: 0.7136
2025-04-24 20:34:24,651 - spatial_moe_trainer - INFO - Epoch 37/100 - Train Loss: 465.9991 (Col: 101.9580, Jump: 325.4433, Decline: 135.4043, PDE: 2357.4588, Reg: 8022.5538), Eth Losses: China: 513.2822, India: 447.0272, Philippines: 794.0482... (more ethnicities), Val Loss: 824.9034, Val MAE: 13.2912, Val R2: 0.7154
2025-04-24 20:34:48,456 - spatial_moe_trainer - INFO - Epoch 38/100 - Train Loss: 455.6492 (Col: 106.5900, Jump: 397.6120, Decline: 129.0654, PDE: 2259.9656, Reg: 5411.3942), Eth Losses: China: 527.0289, India: 437.0957, Philippines: 738.0703... (more ethnicities), Val Loss: 827.2785, Val MAE: 13.2356, Val R2: 0.7145
2025-04-24 20:34:48,457 - spatial_moe_trainer - INFO - Early stopping at epoch 38
2025-04-24 20:34:48,482 - spatial_moe_trainer - INFO - Saving metrics to ./optuna_results/trial_0/metrics
2025-04-24 20:34:48,489 - spatial_moe_trainer - INFO - Training metrics saved to ./optuna_results/trial_0/metrics/training_metrics.csv
2025-04-24 20:34:48,492 - spatial_moe_trainer - INFO - Validation metrics saved to ./optuna_results/trial_0/metrics/validation_metrics.csv
2025-04-24 20:34:48,532 - spatial_moe_trainer - INFO - Multi-Ethnic Spatial MoE model saved to ./optuna_results/trial_0/model.pt
2025-04-24 20:34:48,600 - __mp_main__ - INFO - Running trial 1 on device cuda:0
2025-04-24 20:34:48,614 - __main__ - INFO - Trial 0 completed with value: 817.947386
2025-04-24 20:34:48,723 - __mp_main__ - INFO - Using adjusted dimensions - hidden_dims: [93, 39, 18], coord_embed_dim: 9
2025-04-24 20:34:48,772 - spatial_moe_trainer - INFO - Multi-Ethnic Spatial MoE model initialized on cuda:0
2025-04-24 20:34:48,772 - spatial_moe_trainer - INFO - Model will predict 5 ethnicities: ['China', 'India', 'Philippines', 'Portugal', 'Sri Lanka']
2025-04-24 20:34:48,792 - __mp_main__ - INFO - Testing model forward pass before training...
2025-04-24 20:34:48,961 - __mp_main__ - INFO - Test forward pass successful. Output shape: torch.Size([64, 5])
2025-04-24 20:34:48,961 - spatial_moe_trainer - INFO - Starting multi-ethnic spatial MoE model training with learnable expert router...
2025-04-24 20:34:48,961 - spatial_moe_trainer - INFO - Using colonization_weight=6.41003510568888, jump_weight=9.72918866945795, decline_weight=2.636424704863906, pde_weight=3.7381801866358395
2025-04-24 20:35:12,484 - spatial_moe_trainer - INFO - Epoch 1/100 - Train Loss: 1689.5672 (Col: 1205.8838, Jump: 872.2047, Decline: 198.5745, PDE: 5383.5256, Reg: 32297.3936), Eth Losses: China: 2780.4552, India: 1286.4191, Philippines: 2217.1941... (more ethnicities), Val Loss: 1679.9184, Val MAE: 22.2685, Val R2: 0.4203
2025-04-24 20:35:36,200 - spatial_moe_trainer - INFO - Epoch 2/100 - Train Loss: 1342.7364 (Col: 820.4425, Jump: 843.0882, Decline: 175.4183, PDE: 4751.1108, Reg: 22078.2915), Eth Losses: China: 2178.1672, India: 1048.0924, Philippines: 1966.7676... (more ethnicities), Val Loss: 1334.7450, Val MAE: 17.2107, Val R2: 0.5394
2025-04-24 20:35:59,663 - spatial_moe_trainer - INFO - Epoch 3/100 - Train Loss: 1216.7224 (Col: 697.0160, Jump: 747.9208, Decline: 170.0742, PDE: 4569.9757, Reg: 19913.6243), Eth Losses: China: 1956.5441, India: 948.8815, Philippines: 1824.4927... (more ethnicities), Val Loss: 1185.2465, Val MAE: 16.9423, Val R2: 0.5910
2025-04-24 20:36:22,917 - spatial_moe_trainer - INFO - Epoch 4/100 - Train Loss: 1086.4815 (Col: 601.5167, Jump: 726.9006, Decline: 163.6963, PDE: 4164.7080, Reg: 14434.7637), Eth Losses: China: 1651.5465, India: 864.9729, Philippines: 1719.2207... (more ethnicities), Val Loss: 1078.4106, Val MAE: 16.0815, Val R2: 0.6279
2025-04-24 20:36:46,114 - spatial_moe_trainer - INFO - Epoch 5/100 - Train Loss: 986.2127 (Col: 459.0868, Jump: 605.5275, Decline: 157.8268, PDE: 4034.8748, Reg: 14000.9573), Eth Losses: China: 1488.6156, India: 789.9100, Philippines: 1624.9518... (more ethnicities), Val Loss: 987.0711, Val MAE: 15.4063, Val R2: 0.6594
2025-04-24 20:37:09,545 - spatial_moe_trainer - INFO - Epoch 6/100 - Train Loss: 872.7576 (Col: 326.6067, Jump: 677.4216, Decline: 151.9894, PDE: 3971.0359, Reg: 15633.8564), Eth Losses: China: 1219.3978, India: 792.2482, Philippines: 1528.2777... (more ethnicities), Val Loss: 987.6539, Val MAE: 15.3701, Val R2: 0.6592
2025-04-24 20:37:32,939 - spatial_moe_trainer - INFO - Epoch 7/100 - Train Loss: 838.3540 (Col: 285.8985, Jump: 496.6631, Decline: 150.7956, PDE: 3827.6133, Reg: 18511.1534), Eth Losses: China: 1300.9601, India: 712.4740, Philippines: 1447.9999... (more ethnicities), Val Loss: 985.9494, Val MAE: 14.9224, Val R2: 0.6598
2025-04-24 20:37:56,411 - spatial_moe_trainer - INFO - Epoch 8/100 - Train Loss: 792.4496 (Col: 245.4582, Jump: 442.7566, Decline: 143.9936, PDE: 3673.8595, Reg: 15562.2302), Eth Losses: China: 1214.2926, India: 739.9405, Philippines: 1300.8802... (more ethnicities), Val Loss: 961.5860, Val MAE: 14.8789, Val R2: 0.6682
2025-04-24 20:38:19,762 - spatial_moe_trainer - INFO - Epoch 9/100 - Train Loss: 728.7409 (Col: 225.2133, Jump: 558.9852, Decline: 146.4666, PDE: 3483.1483, Reg: 11165.2305), Eth Losses: China: 1039.0064, India: 668.7729, Philippines: 1221.3942... (more ethnicities), Val Loss: 930.7916, Val MAE: 14.4823, Val R2: 0.6788
2025-04-24 20:38:43,046 - spatial_moe_trainer - INFO - Epoch 10/100 - Train Loss: 728.3822 (Col: 213.6299, Jump: 481.8066, Decline: 142.1942, PDE: 3502.9433, Reg: 9256.0331), Eth Losses: China: 1087.8650, India: 640.1820, Philippines: 1173.5370... (more ethnicities), Val Loss: 969.3722, Val MAE: 14.7642, Val R2: 0.6655
2025-04-24 20:39:06,142 - spatial_moe_trainer - INFO - Epoch 11/100 - Train Loss: 711.1742 (Col: 193.4749, Jump: 475.0387, Decline: 135.9568, PDE: 3387.1139, Reg: 14769.0873), Eth Losses: China: 1169.5702, India: 627.7911, Philippines: 1104.3829... (more ethnicities), Val Loss: 948.4481, Val MAE: 14.5291, Val R2: 0.6727
2025-04-24 20:39:29,153 - spatial_moe_trainer - INFO - Epoch 12/100 - Train Loss: 696.0948 (Col: 182.6786, Jump: 489.6427, Decline: 130.7395, PDE: 3341.0408, Reg: 14848.4538), Eth Losses: China: 1089.6729, India: 657.0972, Philippines: 1079.2854... (more ethnicities), Val Loss: 936.0017, Val MAE: 14.2871, Val R2: 0.6770
2025-04-24 20:39:52,266 - spatial_moe_trainer - INFO - Epoch 13/100 - Train Loss: 659.6798 (Col: 165.3541, Jump: 394.4651, Decline: 132.1612, PDE: 3224.5468, Reg: 14854.7101), Eth Losses: China: 1002.7948, India: 612.3582, Philippines: 1054.4791... (more ethnicities), Val Loss: 949.3580, Val MAE: 14.2649, Val R2: 0.6724
2025-04-24 20:40:15,246 - spatial_moe_trainer - INFO - Epoch 14/100 - Train Loss: 636.1285 (Col: 169.5856, Jump: 424.7654, Decline: 134.7018, PDE: 3216.5786, Reg: 9277.9423), Eth Losses: China: 926.3175, India: 584.5487, Philippines: 1018.0335... (more ethnicities), Val Loss: 890.4046, Val MAE: 14.0744, Val R2: 0.6927
2025-04-24 20:40:38,211 - spatial_moe_trainer - INFO - Epoch 15/100 - Train Loss: 633.5250 (Col: 175.8360, Jump: 375.6491, Decline: 129.8074, PDE: 3047.7973, Reg: 8725.3183), Eth Losses: China: 955.7718, India: 600.5469, Philippines: 982.4458... (more ethnicities), Val Loss: 879.6407, Val MAE: 14.0694, Val R2: 0.6965
2025-04-24 20:41:01,064 - spatial_moe_trainer - INFO - Epoch 16/100 - Train Loss: 622.5356 (Col: 156.5719, Jump: 414.3952, Decline: 132.6797, PDE: 3099.3268, Reg: 14132.3492), Eth Losses: China: 914.9373, India: 587.7708, Philippines: 979.5251... (more ethnicities), Val Loss: 847.8926, Val MAE: 13.9999, Val R2: 0.7074
2025-04-24 20:41:23,525 - spatial_moe_trainer - INFO - Epoch 17/100 - Train Loss: 619.7060 (Col: 153.9552, Jump: 391.8166, Decline: 132.7019, PDE: 3021.2620, Reg: 16693.1595), Eth Losses: China: 993.9553, India: 554.7936, Philippines: 923.6596... (more ethnicities), Val Loss: 850.1878, Val MAE: 13.9529, Val R2: 0.7066
2025-04-24 20:41:45,954 - spatial_moe_trainer - INFO - Epoch 18/100 - Train Loss: 613.5645 (Col: 150.6328, Jump: 363.6405, Decline: 134.1986, PDE: 2913.7594, Reg: 22295.3494), Eth Losses: China: 969.2580, India: 590.6869, Philippines: 891.8179... (more ethnicities), Val Loss: 863.8824, Val MAE: 13.9913, Val R2: 0.7019
2025-04-24 20:42:08,451 - spatial_moe_trainer - INFO - Epoch 19/100 - Train Loss: 571.2364 (Col: 148.9927, Jump: 376.7969, Decline: 126.3598, PDE: 2877.8545, Reg: 7746.8062), Eth Losses: China: 819.3410, India: 527.0507, Philippines: 914.3944... (more ethnicities), Val Loss: 849.7566, Val MAE: 13.8075, Val R2: 0.7068
2025-04-24 20:42:31,044 - spatial_moe_trainer - INFO - Epoch 20/100 - Train Loss: 555.0383 (Col: 135.7487, Jump: 407.2024, Decline: 126.6559, PDE: 2771.1742, Reg: 9366.5303), Eth Losses: China: 730.2948, India: 531.4194, Philippines: 894.8284... (more ethnicities), Val Loss: 842.3786, Val MAE: 13.6933, Val R2: 0.7093
2025-04-24 20:42:53,507 - spatial_moe_trainer - INFO - Epoch 21/100 - Train Loss: 572.4233 (Col: 131.4785, Jump: 394.7055, Decline: 127.8051, PDE: 2681.5549, Reg: 18460.5008), Eth Losses: China: 892.3002, India: 533.3684, Philippines: 835.1520... (more ethnicities), Val Loss: 863.6979, Val MAE: 13.8623, Val R2: 0.7020
2025-04-24 20:43:16,027 - spatial_moe_trainer - INFO - Epoch 22/100 - Train Loss: 556.5150 (Col: 127.1203, Jump: 392.1688, Decline: 127.1216, PDE: 2697.0408, Reg: 21198.4979), Eth Losses: China: 836.9482, India: 515.4876, Philippines: 865.1979... (more ethnicities), Val Loss: 855.7062, Val MAE: 13.7399, Val R2: 0.7047
2025-04-24 20:43:38,538 - spatial_moe_trainer - INFO - Epoch 23/100 - Train Loss: 522.4264 (Col: 136.5420, Jump: 288.9431, Decline: 128.8017, PDE: 2508.9299, Reg: 11004.8519), Eth Losses: China: 703.6895, India: 488.0849, Philippines: 809.3974... (more ethnicities), Val Loss: 891.9107, Val MAE: 13.8071, Val R2: 0.6922
2025-04-24 20:44:01,046 - spatial_moe_trainer - INFO - Epoch 24/100 - Train Loss: 523.5507 (Col: 146.1247, Jump: 283.3894, Decline: 131.5771, PDE: 2498.5313, Reg: 11293.2967), Eth Losses: China: 746.0011, India: 481.8789, Philippines: 776.2819... (more ethnicities), Val Loss: 800.6244, Val MAE: 13.5925, Val R2: 0.7237
2025-04-24 20:44:23,605 - spatial_moe_trainer - INFO - Epoch 25/100 - Train Loss: 528.2443 (Col: 118.9789, Jump: 312.9215, Decline: 131.8256, PDE: 2420.3656, Reg: 17518.7376), Eth Losses: China: 763.1485, India: 508.6538, Philippines: 771.8307... (more ethnicities), Val Loss: 849.6624, Val MAE: 13.5526, Val R2: 0.7068
2025-04-24 20:44:46,289 - spatial_moe_trainer - INFO - Epoch 26/100 - Train Loss: 506.4531 (Col: 106.8908, Jump: 274.7814, Decline: 128.2004, PDE: 2410.4919, Reg: 15256.6215), Eth Losses: China: 736.8057, India: 465.9319, Philippines: 757.2646... (more ethnicities), Val Loss: 842.7086, Val MAE: 13.5525, Val R2: 0.7092
2025-04-24 20:45:08,813 - spatial_moe_trainer - INFO - Epoch 27/100 - Train Loss: 504.7046 (Col: 114.9198, Jump: 256.5529, Decline: 133.5758, PDE: 2358.2917, Reg: 14560.8985), Eth Losses: China: 703.4785, India: 511.0968, Philippines: 718.0777... (more ethnicities), Val Loss: 855.2703, Val MAE: 13.5343, Val R2: 0.7049
2025-04-24 20:45:31,410 - spatial_moe_trainer - INFO - Epoch 28/100 - Train Loss: 501.0067 (Col: 129.6866, Jump: 287.2958, Decline: 136.8846, PDE: 2366.4298, Reg: 11296.5389), Eth Losses: China: 712.9390, India: 478.1793, Philippines: 706.2153... (more ethnicities), Val Loss: 743.0881, Val MAE: 13.4300, Val R2: 0.7436
2025-04-24 20:45:53,911 - spatial_moe_trainer - INFO - Epoch 29/100 - Train Loss: 482.6165 (Col: 119.6494, Jump: 238.6743, Decline: 128.8399, PDE: 2310.2331, Reg: 13344.1599), Eth Losses: China: 637.5345, India: 461.7573, Philippines: 691.0175... (more ethnicities), Val Loss: 770.5207, Val MAE: 13.3748, Val R2: 0.7341
2025-04-24 20:46:16,338 - spatial_moe_trainer - INFO - Epoch 30/100 - Train Loss: 469.0476 (Col: 107.6602, Jump: 260.2256, Decline: 135.4453, PDE: 2222.2665, Reg: 16231.3728), Eth Losses: China: 607.5093, India: 433.6001, Philippines: 701.3762... (more ethnicities), Val Loss: 750.4786, Val MAE: 13.2068, Val R2: 0.7410
2025-04-24 20:46:38,772 - spatial_moe_trainer - INFO - Epoch 31/100 - Train Loss: 455.0333 (Col: 107.2462, Jump: 246.0244, Decline: 128.0211, PDE: 2230.9900, Reg: 12614.2727), Eth Losses: China: 571.3162, India: 439.0171, Philippines: 682.4239... (more ethnicities), Val Loss: 734.8596, Val MAE: 13.0930, Val R2: 0.7464
2025-04-24 20:47:01,105 - spatial_moe_trainer - INFO - Epoch 32/100 - Train Loss: 438.7350 (Col: 99.5324, Jump: 265.8057, Decline: 134.7976, PDE: 2142.9363, Reg: 10152.1729), Eth Losses: China: 512.2976, India: 429.9475, Philippines: 660.8453... (more ethnicities), Val Loss: 763.9995, Val MAE: 13.1024, Val R2: 0.7364
2025-04-24 20:47:23,539 - spatial_moe_trainer - INFO - Epoch 33/100 - Train Loss: 436.7644 (Col: 114.9093, Jump: 263.6582, Decline: 137.6560, PDE: 2064.7337, Reg: 8369.2072), Eth Losses: China: 555.1749, India: 408.1702, Philippines: 626.1429... (more ethnicities), Val Loss: 770.4073, Val MAE: 13.1048, Val R2: 0.7342
2025-04-24 20:47:46,082 - spatial_moe_trainer - INFO - Epoch 34/100 - Train Loss: 447.9165 (Col: 119.6980, Jump: 289.8649, Decline: 134.3860, PDE: 2044.7122, Reg: 14097.0108), Eth Losses: China: 679.9099, India: 373.0375, Philippines: 608.8171... (more ethnicities), Val Loss: 761.8948, Val MAE: 13.1337, Val R2: 0.7371
2025-04-24 20:48:08,665 - spatial_moe_trainer - INFO - Epoch 35/100 - Train Loss: 429.3578 (Col: 94.5363, Jump: 229.7975, Decline: 135.0192, PDE: 2047.4500, Reg: 11503.9553), Eth Losses: China: 581.9051, India: 413.2253, Philippines: 579.4689... (more ethnicities), Val Loss: 753.2740, Val MAE: 12.9676, Val R2: 0.7401
2025-04-24 20:48:30,993 - spatial_moe_trainer - INFO - Epoch 36/100 - Train Loss: 417.5043 (Col: 103.4655, Jump: 250.3581, Decline: 141.3494, PDE: 1980.1265, Reg: 6498.2576), Eth Losses: China: 485.1042, India: 400.0835, Philippines: 597.4388... (more ethnicities), Val Loss: 703.6073, Val MAE: 12.9900, Val R2: 0.7572
2025-04-24 20:48:53,356 - spatial_moe_trainer - INFO - Epoch 37/100 - Train Loss: 450.8387 (Col: 104.7441, Jump: 228.9433, Decline: 136.7456, PDE: 2016.9919, Reg: 14535.4184), Eth Losses: China: 663.9367, India: 432.0564, Philippines: 587.0505... (more ethnicities), Val Loss: 729.3824, Val MAE: 12.9770, Val R2: 0.7483
2025-04-24 20:49:15,724 - spatial_moe_trainer - INFO - Epoch 38/100 - Train Loss: 440.1256 (Col: 115.3271, Jump: 223.8072, Decline: 139.7530, PDE: 2068.2882, Reg: 9561.5626), Eth Losses: China: 626.5818, India: 399.9775, Philippines: 569.4786... (more ethnicities), Val Loss: 688.6920, Val MAE: 12.9479, Val R2: 0.7624
2025-04-24 20:49:38,046 - spatial_moe_trainer - INFO - Epoch 39/100 - Train Loss: 414.6886 (Col: 97.7482, Jump: 220.4330, Decline: 141.3820, PDE: 2002.9357, Reg: 11067.9452), Eth Losses: China: 507.6133, India: 422.8576, Philippines: 566.5072... (more ethnicities), Val Loss: 732.4468, Val MAE: 12.9105, Val R2: 0.7473
2025-04-24 20:50:00,413 - spatial_moe_trainer - INFO - Epoch 40/100 - Train Loss: 396.9026 (Col: 86.6062, Jump: 211.6719, Decline: 139.8245, PDE: 1888.2339, Reg: 9333.2192), Eth Losses: China: 515.4534, India: 404.9040, Philippines: 515.0099... (more ethnicities), Val Loss: 701.8670, Val MAE: 12.7546, Val R2: 0.7578
2025-04-24 20:50:22,691 - spatial_moe_trainer - INFO - Epoch 41/100 - Train Loss: 403.9682 (Col: 98.9274, Jump: 219.1805, Decline: 138.2275, PDE: 1892.3196, Reg: 12293.4980), Eth Losses: China: 545.2353, India: 365.9658, Philippines: 550.4848... (more ethnicities), Val Loss: 721.9319, Val MAE: 12.7550, Val R2: 0.7509
2025-04-24 20:50:45,087 - spatial_moe_trainer - INFO - Epoch 42/100 - Train Loss: 404.1779 (Col: 98.1521, Jump: 206.0398, Decline: 135.0552, PDE: 1891.7369, Reg: 7918.4272), Eth Losses: China: 560.3317, India: 376.4828, Philippines: 549.0831... (more ethnicities), Val Loss: 717.4057, Val MAE: 12.8521, Val R2: 0.7524
2025-04-24 20:51:07,511 - spatial_moe_trainer - INFO - Epoch 43/100 - Train Loss: 376.0791 (Col: 86.2425, Jump: 204.2946, Decline: 138.9071, PDE: 1759.5736, Reg: 8882.7678), Eth Losses: China: 463.4132, India: 389.7065, Philippines: 501.9217... (more ethnicities), Val Loss: 749.9745, Val MAE: 12.7456, Val R2: 0.7412
2025-04-24 20:51:29,748 - spatial_moe_trainer - INFO - Epoch 44/100 - Train Loss: 372.0016 (Col: 90.3365, Jump: 208.5499, Decline: 135.6171, PDE: 1733.2844, Reg: 10921.3100), Eth Losses: China: 455.4048, India: 353.6917, Philippines: 522.9937... (more ethnicities), Val Loss: 705.8499, Val MAE: 12.7096, Val R2: 0.7564
2025-04-24 20:51:52,076 - spatial_moe_trainer - INFO - Epoch 45/100 - Train Loss: 389.3224 (Col: 113.4678, Jump: 181.6904, Decline: 124.4580, PDE: 1730.1760, Reg: 12647.3791), Eth Losses: China: 524.2583, India: 365.8351, Philippines: 515.6846... (more ethnicities), Val Loss: 746.5075, Val MAE: 12.8314, Val R2: 0.7424
2025-04-24 20:52:14,490 - spatial_moe_trainer - INFO - Epoch 46/100 - Train Loss: 368.5554 (Col: 84.0766, Jump: 207.9540, Decline: 131.1061, PDE: 1793.9794, Reg: 6201.4784), Eth Losses: China: 435.4774, India: 384.6132, Philippines: 502.2614... (more ethnicities), Val Loss: 709.0764, Val MAE: 12.6834, Val R2: 0.7553
2025-04-24 20:52:36,860 - spatial_moe_trainer - INFO - Epoch 47/100 - Train Loss: 372.4547 (Col: 81.6464, Jump: 201.1266, Decline: 138.3641, PDE: 1768.5961, Reg: 9037.3644), Eth Losses: China: 476.9135, India: 369.8196, Philippines: 493.5263... (more ethnicities), Val Loss: 699.5074, Val MAE: 12.7134, Val R2: 0.7586
2025-04-24 20:52:59,322 - spatial_moe_trainer - INFO - Epoch 48/100 - Train Loss: 365.9016 (Col: 86.6423, Jump: 179.3439, Decline: 135.1913, PDE: 1703.9072, Reg: 10460.7403), Eth Losses: China: 453.1589, India: 347.8919, Philippines: 510.4347... (more ethnicities), Val Loss: 705.1328, Val MAE: 12.7081, Val R2: 0.7567
2025-04-24 20:52:59,322 - spatial_moe_trainer - INFO - Early stopping at epoch 48
2025-04-24 20:52:59,338 - spatial_moe_trainer - INFO - Saving metrics to ./optuna_results/trial_1/metrics
2025-04-24 20:52:59,341 - spatial_moe_trainer - INFO - Training metrics saved to ./optuna_results/trial_1/metrics/training_metrics.csv
2025-04-24 20:52:59,344 - spatial_moe_trainer - INFO - Validation metrics saved to ./optuna_results/trial_1/metrics/validation_metrics.csv
2025-04-24 20:52:59,383 - spatial_moe_trainer - INFO - Multi-Ethnic Spatial MoE model saved to ./optuna_results/trial_1/model.pt
2025-04-24 20:52:59,414 - __mp_main__ - INFO - Running trial 2 on device cuda:0
2025-04-24 20:52:59,429 - __main__ - INFO - Trial 1 completed with value: 688.692002
2025-04-24 20:52:59,529 - __mp_main__ - INFO - Using adjusted dimensions - hidden_dims: [93, 39, 18], coord_embed_dim: 9
2025-04-24 20:52:59,575 - spatial_moe_trainer - INFO - Multi-Ethnic Spatial MoE model initialized on cuda:0
2025-04-24 20:52:59,575 - spatial_moe_trainer - INFO - Model will predict 5 ethnicities: ['China', 'India', 'Philippines', 'Portugal', 'Sri Lanka']
2025-04-24 20:52:59,596 - __mp_main__ - INFO - Testing model forward pass before training...
2025-04-24 20:52:59,755 - __mp_main__ - INFO - Test forward pass successful. Output shape: torch.Size([64, 5])
2025-04-24 20:52:59,755 - spatial_moe_trainer - INFO - Starting multi-ethnic spatial MoE model training with learnable expert router...
2025-04-24 20:52:59,755 - spatial_moe_trainer - INFO - Using colonization_weight=6.41003510568888, jump_weight=9.72918866945795, decline_weight=2.636424704863906, pde_weight=3.7381801866358395
2025-04-24 20:53:22,338 - spatial_moe_trainer - INFO - Epoch 1/100 - Train Loss: 1697.8616 (Col: 1142.0385, Jump: 1237.6591, Decline: 198.3753, PDE: 5658.7480, Reg: 31346.2741), Eth Losses: China: 2890.2053, India: 1113.5738, Philippines: 2225.6769... (more ethnicities), Val Loss: 1619.8916, Val MAE: 22.6081, Val R2: 0.4410
2025-04-24 20:53:44,657 - spatial_moe_trainer - INFO - Epoch 2/100 - Train Loss: 1386.0686 (Col: 830.2654, Jump: 845.0743, Decline: 188.0687, PDE: 5175.6808, Reg: 19718.7309), Eth Losses: China: 2323.5828, India: 965.2486, Philippines: 1974.1697... (more ethnicities), Val Loss: 1317.8427, Val MAE: 17.5578, Val R2: 0.5453
2025-04-24 20:54:07,073 - spatial_moe_trainer - INFO - Epoch 3/100 - Train Loss: 1216.9353 (Col: 689.1895, Jump: 809.6876, Decline: 178.1229, PDE: 4533.3184, Reg: 19060.9382), Eth Losses: China: 1976.0271, India: 845.7456, Philippines: 1765.2743... (more ethnicities), Val Loss: 1229.7340, Val MAE: 16.8067, Val R2: 0.5757
2025-04-24 20:54:29,484 - spatial_moe_trainer - INFO - Epoch 4/100 - Train Loss: 1108.7766 (Col: 575.1102, Jump: 749.8036, Decline: 166.6505, PDE: 4253.7459, Reg: 23176.2312), Eth Losses: China: 1692.8331, India: 813.9789, Philippines: 1648.1159... (more ethnicities), Val Loss: 1137.8841, Val MAE: 16.1138, Val R2: 0.6074
2025-04-24 20:54:51,875 - spatial_moe_trainer - INFO - Epoch 5/100 - Train Loss: 1006.5881 (Col: 470.1978, Jump: 486.3914, Decline: 165.0079, PDE: 4110.9381, Reg: 24035.1160), Eth Losses: China: 1440.4124, India: 735.9172, Philippines: 1570.6310... (more ethnicities), Val Loss: 1086.5456, Val MAE: 15.6873, Val R2: 0.6251
2025-04-24 20:55:14,318 - spatial_moe_trainer - INFO - Epoch 6/100 - Train Loss: 891.6197 (Col: 372.6461, Jump: 575.2539, Decline: 163.8013, PDE: 3905.1851, Reg: 14153.2124), Eth Losses: China: 1196.3997, India: 670.6341, Philippines: 1461.6284... (more ethnicities), Val Loss: 1063.2995, Val MAE: 15.5100, Val R2: 0.6331
2025-04-24 20:55:36,716 - spatial_moe_trainer - INFO - Epoch 7/100 - Train Loss: 870.9024 (Col: 337.3060, Jump: 553.4626, Decline: 158.6386, PDE: 3981.9550, Reg: 13182.9261), Eth Losses: China: 1281.4250, India: 712.9740, Philippines: 1419.8991... (more ethnicities), Val Loss: 1056.3446, Val MAE: 15.0732, Val R2: 0.6355
2025-04-24 20:55:59,138 - spatial_moe_trainer - INFO - Epoch 8/100 - Train Loss: 800.5592 (Col: 280.9753, Jump: 539.2574, Decline: 154.3656, PDE: 3754.5625, Reg: 12873.2060), Eth Losses: China: 1264.7744, India: 647.8609, Philippines: 1282.6692... (more ethnicities), Val Loss: 963.1712, Val MAE: 15.1810, Val R2: 0.6676
2025-04-24 20:56:21,615 - spatial_moe_trainer - INFO - Epoch 9/100 - Train Loss: 759.3506 (Col: 241.1007, Jump: 497.7350, Decline: 157.4104, PDE: 3522.2805, Reg: 13192.0232), Eth Losses: China: 1187.6222, India: 607.9741, Philippines: 1178.4416... (more ethnicities), Val Loss: 988.8291, Val MAE: 15.1108, Val R2: 0.6588
2025-04-24 20:56:43,951 - spatial_moe_trainer - INFO - Epoch 10/100 - Train Loss: 723.1771 (Col: 195.3234, Jump: 638.1264, Decline: 154.4519, PDE: 3490.8296, Reg: 16863.7056), Eth Losses: China: 1089.6556, India: 567.8007, Philippines: 1165.5375... (more ethnicities), Val Loss: 953.1778, Val MAE: 14.8654, Val R2: 0.6711
2025-04-24 20:57:06,359 - spatial_moe_trainer - INFO - Epoch 11/100 - Train Loss: 725.5657 (Col: 223.4909, Jump: 536.2823, Decline: 149.9846, PDE: 3464.0946, Reg: 13352.4863), Eth Losses: China: 1157.6188, India: 599.6996, Philippines: 1111.2233... (more ethnicities), Val Loss: 928.7545, Val MAE: 14.5465, Val R2: 0.6795
2025-04-24 20:57:28,703 - spatial_moe_trainer - INFO - Epoch 12/100 - Train Loss: 680.8026 (Col: 175.5792, Jump: 654.4274, Decline: 150.6388, PDE: 3287.3511, Reg: 16252.6119), Eth Losses: China: 984.7821, India: 642.8870, Philippines: 1033.1465... (more ethnicities), Val Loss: 937.7186, Val MAE: 14.7154, Val R2: 0.6764
2025-04-24 20:57:51,199 - spatial_moe_trainer - INFO - Epoch 13/100 - Train Loss: 659.8188 (Col: 170.1589, Jump: 483.7035, Decline: 150.6829, PDE: 3154.8687, Reg: 17412.5363), Eth Losses: China: 945.6651, India: 622.0028, Philippines: 997.0785... (more ethnicities), Val Loss: 888.9502, Val MAE: 14.5773, Val R2: 0.6933
2025-04-24 20:58:13,657 - spatial_moe_trainer - INFO - Epoch 14/100 - Train Loss: 638.6639 (Col: 170.0339, Jump: 397.0004, Decline: 149.0583, PDE: 3100.8385, Reg: 12909.4319), Eth Losses: China: 905.4604, India: 587.9043, Philippines: 980.8857... (more ethnicities), Val Loss: 903.7980, Val MAE: 14.3647, Val R2: 0.6881
2025-04-24 20:58:36,193 - spatial_moe_trainer - INFO - Epoch 15/100 - Train Loss: 643.5540 (Col: 210.9818, Jump: 434.6150, Decline: 145.9733, PDE: 2967.6855, Reg: 10262.2451), Eth Losses: China: 1045.0899, India: 544.8107, Philippines: 929.1875... (more ethnicities), Val Loss: 882.6884, Val MAE: 14.1543, Val R2: 0.6954
2025-04-24 20:58:58,633 - spatial_moe_trainer - INFO - Epoch 16/100 - Train Loss: 587.3097 (Col: 143.9551, Jump: 404.6060, Decline: 137.7772, PDE: 2937.2026, Reg: 11372.8364), Eth Losses: China: 817.1790, India: 550.3207, Philippines: 911.2174... (more ethnicities), Val Loss: 880.8400, Val MAE: 14.1259, Val R2: 0.6960
2025-04-24 20:59:20,972 - spatial_moe_trainer - INFO - Epoch 17/100 - Train Loss: 607.4033 (Col: 140.7247, Jump: 474.4260, Decline: 145.1726, PDE: 2767.5654, Reg: 23591.9986), Eth Losses: China: 965.8628, India: 545.2688, Philippines: 853.2038... (more ethnicities), Val Loss: 870.3820, Val MAE: 13.8295, Val R2: 0.6997
2025-04-24 20:59:43,223 - spatial_moe_trainer - INFO - Epoch 18/100 - Train Loss: 564.6517 (Col: 150.6693, Jump: 415.1049, Decline: 131.4038, PDE: 2763.7650, Reg: 8767.2720), Eth Losses: China: 802.8796, India: 544.1367, Philippines: 828.1341... (more ethnicities), Val Loss: 859.4119, Val MAE: 13.9269, Val R2: 0.7034
2025-04-24 21:00:05,560 - spatial_moe_trainer - INFO - Epoch 19/100 - Train Loss: 552.8404 (Col: 137.1212, Jump: 379.0132, Decline: 134.8083, PDE: 2671.1673, Reg: 17162.4362), Eth Losses: China: 790.2519, India: 520.4097, Philippines: 817.7182... (more ethnicities), Val Loss: 842.7929, Val MAE: 13.8366, Val R2: 0.7092
2025-04-24 21:00:27,919 - spatial_moe_trainer - INFO - Epoch 20/100 - Train Loss: 543.1630 (Col: 145.6496, Jump: 347.5493, Decline: 138.8738, PDE: 2625.6619, Reg: 10065.0100), Eth Losses: China: 807.0438, India: 502.2990, Philippines: 783.3278... (more ethnicities), Val Loss: 866.3121, Val MAE: 13.6851, Val R2: 0.7011
2025-04-24 21:00:50,274 - spatial_moe_trainer - INFO - Epoch 21/100 - Train Loss: 525.2561 (Col: 134.7653, Jump: 380.4908, Decline: 135.4198, PDE: 2532.0400, Reg: 10852.4958), Eth Losses: China: 722.9588, India: 496.3816, Philippines: 777.3750... (more ethnicities), Val Loss: 829.3070, Val MAE: 13.6993, Val R2: 0.7138
2025-04-24 21:01:12,664 - spatial_moe_trainer - INFO - Epoch 22/100 - Train Loss: 538.6240 (Col: 150.4729, Jump: 298.1467, Decline: 135.6228, PDE: 2496.5123, Reg: 13244.9349), Eth Losses: China: 803.1283, India: 532.0895, Philippines: 729.1377... (more ethnicities), Val Loss: 885.2493, Val MAE: 13.6083, Val R2: 0.6945
2025-04-24 21:01:35,213 - spatial_moe_trainer - INFO - Epoch 23/100 - Train Loss: 500.9262 (Col: 123.9315, Jump: 314.1638, Decline: 136.7180, PDE: 2363.3223, Reg: 12037.4861), Eth Losses: China: 696.8494, India: 486.4745, Philippines: 685.3393... (more ethnicities), Val Loss: 866.3048, Val MAE: 13.3413, Val R2: 0.7011
2025-04-24 21:01:57,583 - spatial_moe_trainer - INFO - Epoch 24/100 - Train Loss: 483.6408 (Col: 119.5023, Jump: 323.0938, Decline: 134.7155, PDE: 2351.9327, Reg: 11156.5768), Eth Losses: China: 611.7087, India: 483.3725, Philippines: 691.4672... (more ethnicities), Val Loss: 799.8400, Val MAE: 13.3046, Val R2: 0.7240
2025-04-24 21:02:19,987 - spatial_moe_trainer - INFO - Epoch 25/100 - Train Loss: 465.5461 (Col: 113.9608, Jump: 313.0578, Decline: 139.6796, PDE: 2209.3697, Reg: 10741.6127), Eth Losses: China: 596.7556, India: 448.7776, Philippines: 665.9327... (more ethnicities), Val Loss: 814.2986, Val MAE: 13.3022, Val R2: 0.7190
2025-04-24 21:02:42,371 - spatial_moe_trainer - INFO - Epoch 26/100 - Train Loss: 490.2859 (Col: 122.9607, Jump: 256.5873, Decline: 138.8222, PDE: 2190.1984, Reg: 21623.6369), Eth Losses: China: 743.0153, India: 469.1887, Philippines: 635.7596... (more ethnicities), Val Loss: 779.3487, Val MAE: 13.1584, Val R2: 0.7311
2025-04-24 21:03:04,845 - spatial_moe_trainer - INFO - Epoch 27/100 - Train Loss: 467.9014 (Col: 120.8180, Jump: 308.7098, Decline: 137.4950, PDE: 2223.3024, Reg: 10145.8415), Eth Losses: China: 612.2213, India: 503.8289, Philippines: 642.6525... (more ethnicities), Val Loss: 826.1900, Val MAE: 13.2357, Val R2: 0.7149
2025-04-24 21:03:27,185 - spatial_moe_trainer - INFO - Epoch 28/100 - Train Loss: 462.6461 (Col: 110.9328, Jump: 288.2569, Decline: 148.9007, PDE: 2177.9469, Reg: 11762.8971), Eth Losses: China: 632.3248, India: 469.5587, Philippines: 615.8644... (more ethnicities), Val Loss: 802.3293, Val MAE: 13.0849, Val R2: 0.7231
2025-04-24 21:03:49,589 - spatial_moe_trainer - INFO - Epoch 29/100 - Train Loss: 446.5333 (Col: 110.7869, Jump: 245.6007, Decline: 130.1991, PDE: 2118.3046, Reg: 11820.7902), Eth Losses: China: 615.9058, India: 450.0048, Philippines: 624.8166... (more ethnicities), Val Loss: 817.0937, Val MAE: 13.1454, Val R2: 0.7180
2025-04-24 21:04:11,992 - spatial_moe_trainer - INFO - Epoch 30/100 - Train Loss: 443.8540 (Col: 101.6778, Jump: 274.9491, Decline: 139.1274, PDE: 2044.3231, Reg: 14271.7494), Eth Losses: China: 609.3384, India: 463.0331, Philippines: 575.3961... (more ethnicities), Val Loss: 776.9699, Val MAE: 13.0762, Val R2: 0.7319
2025-04-24 21:04:34,606 - spatial_moe_trainer - INFO - Epoch 31/100 - Train Loss: 442.9010 (Col: 133.5615, Jump: 331.3191, Decline: 135.1181, PDE: 2022.9349, Reg: 9739.6507), Eth Losses: China: 669.4870, India: 441.9445, Philippines: 567.5379... (more ethnicities), Val Loss: 808.3968, Val MAE: 13.1291, Val R2: 0.7210
2025-04-24 21:04:56,970 - spatial_moe_trainer - INFO - Epoch 32/100 - Train Loss: 427.6865 (Col: 97.1290, Jump: 271.9819, Decline: 136.9420, PDE: 2017.9480, Reg: 13366.9368), Eth Losses: China: 548.4792, India: 461.8074, Philippines: 546.9291... (more ethnicities), Val Loss: 743.9065, Val MAE: 12.9753, Val R2: 0.7433
2025-04-24 21:05:19,495 - spatial_moe_trainer - INFO - Epoch 33/100 - Train Loss: 414.0298 (Col: 102.4333, Jump: 298.9842, Decline: 130.5487, PDE: 2008.5255, Reg: 7355.4495), Eth Losses: China: 555.5719, India: 415.2579, Philippines: 568.1222... (more ethnicities), Val Loss: 773.4254, Val MAE: 12.9697, Val R2: 0.7331
2025-04-24 21:05:41,831 - spatial_moe_trainer - INFO - Epoch 34/100 - Train Loss: 402.2219 (Col: 104.4953, Jump: 285.4192, Decline: 131.1202, PDE: 1881.5552, Reg: 10211.4650), Eth Losses: China: 518.6140, India: 424.8208, Philippines: 512.3583... (more ethnicities), Val Loss: 778.9933, Val MAE: 12.9558, Val R2: 0.7312
2025-04-24 21:06:04,322 - spatial_moe_trainer - INFO - Epoch 35/100 - Train Loss: 418.9009 (Col: 96.8482, Jump: 271.2377, Decline: 131.4148, PDE: 1936.2347, Reg: 13828.8122), Eth Losses: China: 586.6510, India: 407.7708, Philippines: 547.8008... (more ethnicities), Val Loss: 782.1655, Val MAE: 12.9308, Val R2: 0.7301
2025-04-24 21:06:26,877 - spatial_moe_trainer - INFO - Epoch 36/100 - Train Loss: 404.0434 (Col: 107.2810, Jump: 268.1718, Decline: 136.4097, PDE: 1841.6206, Reg: 8683.8795), Eth Losses: China: 565.3969, India: 407.1259, Philippines: 505.6406... (more ethnicities), Val Loss: 758.2448, Val MAE: 12.7137, Val R2: 0.7384
2025-04-24 21:06:49,214 - spatial_moe_trainer - INFO - Epoch 37/100 - Train Loss: 402.6987 (Col: 114.5330, Jump: 275.0924, Decline: 134.8462, PDE: 1825.2142, Reg: 8852.6355), Eth Losses: China: 539.4817, India: 386.5900, Philippines: 528.3903... (more ethnicities), Val Loss: 757.9053, Val MAE: 12.9816, Val R2: 0.7385
2025-04-24 21:07:11,590 - spatial_moe_trainer - INFO - Epoch 38/100 - Train Loss: 396.3478 (Col: 95.2639, Jump: 335.9354, Decline: 131.7358, PDE: 1865.9901, Reg: 9277.2811), Eth Losses: China: 530.2025, India: 465.9344, Philippines: 482.2069... (more ethnicities), Val Loss: 755.7373, Val MAE: 12.8687, Val R2: 0.7392
2025-04-24 21:07:34,150 - spatial_moe_trainer - INFO - Epoch 39/100 - Train Loss: 377.5887 (Col: 88.9098, Jump: 220.1564, Decline: 130.5894, PDE: 1812.0807, Reg: 7148.1231), Eth Losses: China: 456.7377, India: 421.3854, Philippines: 504.4404... (more ethnicities), Val Loss: 779.4868, Val MAE: 12.8879, Val R2: 0.7310
2025-04-24 21:07:56,615 - spatial_moe_trainer - INFO - Epoch 40/100 - Train Loss: 380.8494 (Col: 83.3324, Jump: 241.1797, Decline: 137.0384, PDE: 1772.5018, Reg: 11682.4822), Eth Losses: China: 507.0637, India: 413.6097, Philippines: 471.1969... (more ethnicities), Val Loss: 738.0691, Val MAE: 12.7909, Val R2: 0.7453
2025-04-24 21:08:18,974 - spatial_moe_trainer - INFO - Epoch 41/100 - Train Loss: 359.8645 (Col: 80.7481, Jump: 207.6163, Decline: 129.1938, PDE: 1750.4980, Reg: 7562.6856), Eth Losses: China: 439.0254, India: 389.7117, Philippines: 477.8199... (more ethnicities), Val Loss: 753.4639, Val MAE: 12.7501, Val R2: 0.7400
2025-04-24 21:08:41,297 - spatial_moe_trainer - INFO - Epoch 42/100 - Train Loss: 374.7173 (Col: 80.9064, Jump: 230.4463, Decline: 129.7853, PDE: 1727.5466, Reg: 14776.5555), Eth Losses: China: 554.2263, India: 370.2147, Philippines: 465.3277... (more ethnicities), Val Loss: 754.7049, Val MAE: 12.7852, Val R2: 0.7396
2025-04-24 21:09:03,761 - spatial_moe_trainer - INFO - Epoch 43/100 - Train Loss: 366.5377 (Col: 82.6412, Jump: 286.5813, Decline: 134.5760, PDE: 1755.6481, Reg: 7011.8309), Eth Losses: China: 493.5552, India: 374.4889, Philippines: 477.3183... (more ethnicities), Val Loss: 762.0815, Val MAE: 12.7764, Val R2: 0.7370
2025-04-24 21:09:26,191 - spatial_moe_trainer - INFO - Epoch 44/100 - Train Loss: 357.5531 (Col: 89.4337, Jump: 251.0556, Decline: 125.0342, PDE: 1661.1330, Reg: 8033.0085), Eth Losses: China: 494.7070, India: 367.9747, Philippines: 437.9219... (more ethnicities), Val Loss: 764.0677, Val MAE: 12.7566, Val R2: 0.7363
2025-04-24 21:09:48,518 - spatial_moe_trainer - INFO - Epoch 45/100 - Train Loss: 387.8160 (Col: 107.9195, Jump: 229.6111, Decline: 126.2550, PDE: 1702.1453, Reg: 15807.0345), Eth Losses: China: 587.7269, India: 401.9941, Philippines: 452.2532... (more ethnicities), Val Loss: 753.6342, Val MAE: 12.7377, Val R2: 0.7399
2025-04-24 21:10:10,901 - spatial_moe_trainer - INFO - Epoch 46/100 - Train Loss: 360.3539 (Col: 98.3383, Jump: 269.3030, Decline: 126.3471, PDE: 1659.8992, Reg: 8144.6736), Eth Losses: China: 514.9299, India: 352.8917, Philippines: 464.7030... (more ethnicities), Val Loss: 740.0837, Val MAE: 12.6271, Val R2: 0.7446
2025-04-24 21:10:33,484 - spatial_moe_trainer - INFO - Epoch 47/100 - Train Loss: 369.0192 (Col: 84.7179, Jump: 248.5920, Decline: 120.2240, PDE: 1731.8411, Reg: 9297.7647), Eth Losses: China: 528.1115, India: 372.8348, Philippines: 448.6452... (more ethnicities), Val Loss: 745.3628, Val MAE: 12.6377, Val R2: 0.7428
2025-04-24 21:10:56,037 - spatial_moe_trainer - INFO - Epoch 48/100 - Train Loss: 362.4737 (Col: 78.4701, Jump: 221.3206, Decline: 131.6395, PDE: 1742.0065, Reg: 10909.1926), Eth Losses: China: 511.3070, India: 355.5945, Philippines: 471.7417... (more ethnicities), Val Loss: 758.0842, Val MAE: 12.7141, Val R2: 0.7384
2025-04-24 21:11:18,604 - spatial_moe_trainer - INFO - Epoch 49/100 - Train Loss: 357.0069 (Col: 82.5594, Jump: 239.9309, Decline: 126.2930, PDE: 1666.4528, Reg: 11071.3343), Eth Losses: China: 476.0005, India: 380.6535, Philippines: 442.1155... (more ethnicities), Val Loss: 748.4240, Val MAE: 12.6120, Val R2: 0.7417
2025-04-24 21:11:40,952 - spatial_moe_trainer - INFO - Epoch 50/100 - Train Loss: 354.9174 (Col: 86.3574, Jump: 205.8110, Decline: 125.0547, PDE: 1671.1642, Reg: 9183.7450), Eth Losses: China: 473.3633, India: 358.5590, Philippines: 461.2595... (more ethnicities), Val Loss: 765.7553, Val MAE: 12.6677, Val R2: 0.7358
2025-04-24 21:11:40,952 - spatial_moe_trainer - INFO - Early stopping at epoch 50
2025-04-24 21:11:40,973 - spatial_moe_trainer - INFO - Saving metrics to ./optuna_results/trial_2/metrics
2025-04-24 21:11:40,976 - spatial_moe_trainer - INFO - Training metrics saved to ./optuna_results/trial_2/metrics/training_metrics.csv
2025-04-24 21:11:40,980 - spatial_moe_trainer - INFO - Validation metrics saved to ./optuna_results/trial_2/metrics/validation_metrics.csv
2025-04-24 21:11:41,018 - spatial_moe_trainer - INFO - Multi-Ethnic Spatial MoE model saved to ./optuna_results/trial_2/model.pt
2025-04-24 21:11:41,049 - __mp_main__ - INFO - Running trial 3 on device cuda:0
2025-04-24 21:11:41,066 - __main__ - INFO - Trial 2 completed with value: 738.069099
2025-04-24 21:11:41,170 - __mp_main__ - INFO - Using adjusted dimensions - hidden_dims: [93, 39, 18], coord_embed_dim: 9
2025-04-24 21:11:41,215 - spatial_moe_trainer - INFO - Multi-Ethnic Spatial MoE model initialized on cuda:0
2025-04-24 21:11:41,215 - spatial_moe_trainer - INFO - Model will predict 5 ethnicities: ['China', 'India', 'Philippines', 'Portugal', 'Sri Lanka']
2025-04-24 21:11:41,236 - __mp_main__ - INFO - Testing model forward pass before training...
2025-04-24 21:11:41,395 - __mp_main__ - INFO - Test forward pass successful. Output shape: torch.Size([64, 5])
2025-04-24 21:11:41,396 - spatial_moe_trainer - INFO - Starting multi-ethnic spatial MoE model training with learnable expert router...
2025-04-24 21:11:41,396 - spatial_moe_trainer - INFO - Using colonization_weight=6.41003510568888, jump_weight=9.72918866945795, decline_weight=2.636424704863906, pde_weight=3.7381801866358395
2025-04-24 21:12:03,917 - spatial_moe_trainer - INFO - Epoch 1/100 - Train Loss: 1724.5353 (Col: 1109.0131, Jump: 984.8662, Decline: 208.9915, PDE: 6048.3752, Reg: 36269.9702), Eth Losses: China: 3060.8908, India: 1114.4227, Philippines: 2299.8517... (more ethnicities), Val Loss: 1762.3523, Val MAE: 21.4893, Val R2: 0.3919
2025-04-24 21:12:26,447 - spatial_moe_trainer - INFO - Epoch 2/100 - Train Loss: 1416.7652 (Col: 796.7804, Jump: 942.5797, Decline: 191.7426, PDE: 5308.2089, Reg: 17891.5482), Eth Losses: China: 2458.5181, India: 933.4145, Philippines: 2067.0778... (more ethnicities), Val Loss: 1401.3559, Val MAE: 17.5201, Val R2: 0.5164
2025-04-24 21:12:48,916 - spatial_moe_trainer - INFO - Epoch 3/100 - Train Loss: 1244.1313 (Col: 712.7974, Jump: 953.0059, Decline: 185.3799, PDE: 4762.6160, Reg: 16461.2464), Eth Losses: China: 1953.5074, India: 860.4992, Philippines: 1879.5476... (more ethnicities), Val Loss: 1175.5447, Val MAE: 16.4611, Val R2: 0.5944
2025-04-24 21:13:11,300 - spatial_moe_trainer - INFO - Epoch 4/100 - Train Loss: 1145.6095 (Col: 616.4248, Jump: 954.6044, Decline: 177.4339, PDE: 4345.5565, Reg: 16547.1299), Eth Losses: China: 1838.6112, India: 802.9837, Philippines: 1665.2914... (more ethnicities), Val Loss: 1086.1237, Val MAE: 15.9099, Val R2: 0.6252
2025-04-24 21:13:33,704 - spatial_moe_trainer - INFO - Epoch 5/100 - Train Loss: 1058.8406 (Col: 524.8792, Jump: 695.0011, Decline: 171.6036, PDE: 4296.1058, Reg: 18232.2060), Eth Losses: China: 1647.6617, India: 772.9205, Philippines: 1520.3956... (more ethnicities), Val Loss: 1069.2706, Val MAE: 15.5301, Val R2: 0.6310
2025-04-24 21:13:56,033 - spatial_moe_trainer - INFO - Epoch 6/100 - Train Loss: 972.2236 (Col: 396.6466, Jump: 750.0846, Decline: 169.9900, PDE: 4063.8200, Reg: 30116.9128), Eth Losses: China: 1552.9279, India: 730.0237, Philippines: 1404.8929... (more ethnicities), Val Loss: 1040.7653, Val MAE: 15.1557, Val R2: 0.6409
2025-04-24 21:14:18,435 - spatial_moe_trainer - INFO - Epoch 7/100 - Train Loss: 842.2360 (Col: 297.5081, Jump: 700.2989, Decline: 165.6614, PDE: 3758.7836, Reg: 15662.9370), Eth Losses: China: 1310.9861, India: 737.8378, Philippines: 1225.9267... (more ethnicities), Val Loss: 1030.8304, Val MAE: 15.0448, Val R2: 0.6443
2025-04-24 21:14:40,707 - spatial_moe_trainer - INFO - Epoch 8/100 - Train Loss: 797.0958 (Col: 237.8357, Jump: 607.6793, Decline: 167.3572, PDE: 3687.9378, Reg: 22766.5765), Eth Losses: China: 1244.2007, India: 701.6195, Philippines: 1154.5626... (more ethnicities), Val Loss: 926.3043, Val MAE: 14.9023, Val R2: 0.6804
2025-04-24 21:15:03,056 - spatial_moe_trainer - INFO - Epoch 9/100 - Train Loss: 751.6058 (Col: 204.4520, Jump: 572.8845, Decline: 161.6506, PDE: 3627.2864, Reg: 15698.6595), Eth Losses: China: 1136.3903, India: 704.7141, Philippines: 1036.3281... (more ethnicities), Val Loss: 921.5175, Val MAE: 14.4697, Val R2: 0.6820
2025-04-24 21:15:25,550 - spatial_moe_trainer - INFO - Epoch 10/100 - Train Loss: 711.2225 (Col: 185.7746, Jump: 397.9212, Decline: 168.5434, PDE: 3398.9285, Reg: 14682.5219), Eth Losses: China: 1044.8091, India: 651.2727, Philippines: 1012.1072... (more ethnicities), Val Loss: 977.1320, Val MAE: 14.3946, Val R2: 0.6628
2025-04-24 21:15:48,093 - spatial_moe_trainer - INFO - Epoch 11/100 - Train Loss: 698.2455 (Col: 159.0483, Jump: 468.6454, Decline: 159.1731, PDE: 3474.8939, Reg: 20624.7613), Eth Losses: China: 1054.9835, India: 627.5716, Philippines: 989.8726... (more ethnicities), Val Loss: 886.2960, Val MAE: 14.2310, Val R2: 0.6942
2025-04-24 21:16:10,570 - spatial_moe_trainer - INFO - Epoch 12/100 - Train Loss: 703.6023 (Col: 167.0420, Jump: 514.6913, Decline: 164.6685, PDE: 3328.2442, Reg: 16943.2569), Eth Losses: China: 1194.8785, India: 608.6946, Philippines: 900.7114... (more ethnicities), Val Loss: 860.7760, Val MAE: 14.1766, Val R2: 0.7030
2025-04-24 21:16:32,862 - spatial_moe_trainer - INFO - Epoch 13/100 - Train Loss: 626.8589 (Col: 149.2915, Jump: 400.7526, Decline: 152.2664, PDE: 3107.1191, Reg: 10454.1468), Eth Losses: China: 889.1771, India: 566.7304, Philippines: 920.3156... (more ethnicities), Val Loss: 921.3241, Val MAE: 14.1624, Val R2: 0.6821
2025-04-24 21:16:55,343 - spatial_moe_trainer - INFO - Epoch 14/100 - Train Loss: 638.8363 (Col: 137.9087, Jump: 460.9130, Decline: 160.4355, PDE: 3213.1286, Reg: 15272.3715), Eth Losses: China: 952.4412, India: 534.7575, Philippines: 952.3509... (more ethnicities), Val Loss: 866.4444, Val MAE: 14.1690, Val R2: 0.7010
2025-04-24 21:17:17,685 - spatial_moe_trainer - INFO - Epoch 15/100 - Train Loss: 611.7425 (Col: 150.9781, Jump: 387.2662, Decline: 160.9601, PDE: 3039.2924, Reg: 11080.8076), Eth Losses: China: 882.8287, India: 561.2359, Philippines: 877.8093... (more ethnicities), Val Loss: 868.3311, Val MAE: 14.0069, Val R2: 0.7004
2025-04-24 21:17:40,093 - spatial_moe_trainer - INFO - Epoch 16/100 - Train Loss: 600.1616 (Col: 140.9566, Jump: 378.9316, Decline: 148.4538, PDE: 2911.0860, Reg: 17353.0501), Eth Losses: China: 822.1176, India: 560.0983, Philippines: 906.2230... (more ethnicities), Val Loss: 848.4102, Val MAE: 13.8418, Val R2: 0.7072
2025-04-24 21:18:02,431 - spatial_moe_trainer - INFO - Epoch 17/100 - Train Loss: 570.6325 (Col: 132.5056, Jump: 374.9514, Decline: 155.8814, PDE: 2724.6092, Reg: 20078.1310), Eth Losses: China: 846.1984, India: 532.4359, Philippines: 801.6159... (more ethnicities), Val Loss: 823.0793, Val MAE: 13.7968, Val R2: 0.7160
2025-04-24 21:18:25,031 - spatial_moe_trainer - INFO - Epoch 18/100 - Train Loss: 546.2445 (Col: 123.2800, Jump: 465.0555, Decline: 150.4252, PDE: 2651.3027, Reg: 14003.1570), Eth Losses: China: 710.9511, India: 517.6569, Philippines: 827.9886... (more ethnicities), Val Loss: 861.8105, Val MAE: 13.8419, Val R2: 0.7026
2025-04-24 21:18:47,470 - spatial_moe_trainer - INFO - Epoch 19/100 - Train Loss: 537.9121 (Col: 125.2812, Jump: 423.0591, Decline: 146.0201, PDE: 2592.3337, Reg: 13602.3250), Eth Losses: China: 768.8263, India: 510.9401, Philippines: 756.8673... (more ethnicities), Val Loss: 891.8771, Val MAE: 13.6459, Val R2: 0.6922
2025-04-24 21:19:09,988 - spatial_moe_trainer - INFO - Epoch 20/100 - Train Loss: 531.0200 (Col: 120.5316, Jump: 488.8795, Decline: 150.0241, PDE: 2541.5283, Reg: 17693.5320), Eth Losses: China: 795.1022, India: 514.3171, Philippines: 716.4527... (more ethnicities), Val Loss: 818.4896, Val MAE: 13.6749, Val R2: 0.7176
2025-04-24 21:19:32,427 - spatial_moe_trainer - INFO - Epoch 21/100 - Train Loss: 518.6296 (Col: 119.9653, Jump: 284.7106, Decline: 152.1818, PDE: 2435.3199, Reg: 14769.2954), Eth Losses: China: 725.1526, India: 504.1466, Philippines: 738.6549... (more ethnicities), Val Loss: 850.5372, Val MAE: 13.6302, Val R2: 0.7065
2025-04-24 21:19:54,807 - spatial_moe_trainer - INFO - Epoch 22/100 - Train Loss: 512.8267 (Col: 108.8003, Jump: 300.4987, Decline: 152.8742, PDE: 2487.8728, Reg: 12082.7635), Eth Losses: China: 673.4155, India: 527.7663, Philippines: 740.1720... (more ethnicities), Val Loss: 816.7641, Val MAE: 13.4372, Val R2: 0.7182
2025-04-24 21:20:17,273 - spatial_moe_trainer - INFO - Epoch 23/100 - Train Loss: 481.9620 (Col: 112.6936, Jump: 350.8859, Decline: 152.8495, PDE: 2370.6477, Reg: 7604.9466), Eth Losses: China: 611.8845, India: 457.3738, Philippines: 731.4289... (more ethnicities), Val Loss: 894.3378, Val MAE: 13.4349, Val R2: 0.6914
2025-04-24 21:20:39,828 - spatial_moe_trainer - INFO - Epoch 24/100 - Train Loss: 487.3706 (Col: 119.4830, Jump: 451.7799, Decline: 146.4150, PDE: 2237.0095, Reg: 14425.9285), Eth Losses: China: 700.0333, India: 469.8946, Philippines: 678.7362... (more ethnicities), Val Loss: 804.4661, Val MAE: 13.3738, Val R2: 0.7224
2025-04-24 21:21:02,271 - spatial_moe_trainer - INFO - Epoch 25/100 - Train Loss: 460.9278 (Col: 103.2911, Jump: 287.9107, Decline: 145.6561, PDE: 2216.0724, Reg: 12026.5256), Eth Losses: China: 603.9110, India: 478.3850, Philippines: 653.4021... (more ethnicities), Val Loss: 804.3360, Val MAE: 13.1887, Val R2: 0.7224
2025-04-24 21:21:24,574 - spatial_moe_trainer - INFO - Epoch 26/100 - Train Loss: 468.6489 (Col: 107.4112, Jump: 334.5625, Decline: 147.7308, PDE: 2263.8895, Reg: 11505.7364), Eth Losses: China: 641.5132, India: 494.3675, Philippines: 626.7849... (more ethnicities), Val Loss: 796.0480, Val MAE: 13.2179, Val R2: 0.7253
2025-04-24 21:21:46,891 - spatial_moe_trainer - INFO - Epoch 27/100 - Train Loss: 456.8180 (Col: 113.0011, Jump: 230.9639, Decline: 142.2239, PDE: 2189.4214, Reg: 8908.4946), Eth Losses: China: 572.3113, India: 450.8163, Philippines: 684.4601... (more ethnicities), Val Loss: 796.6806, Val MAE: 13.2020, Val R2: 0.7251
2025-04-24 21:22:09,207 - spatial_moe_trainer - INFO - Epoch 28/100 - Train Loss: 461.4146 (Col: 111.3005, Jump: 204.4844, Decline: 146.6591, PDE: 2126.2354, Reg: 12371.4103), Eth Losses: China: 687.8519, India: 427.1348, Philippines: 629.9352... (more ethnicities), Val Loss: 822.2125, Val MAE: 13.0756, Val R2: 0.7163
2025-04-24 21:22:31,471 - spatial_moe_trainer - INFO - Epoch 29/100 - Train Loss: 441.1042 (Col: 104.0235, Jump: 243.2917, Decline: 141.1822, PDE: 2091.7945, Reg: 11315.4158), Eth Losses: China: 596.0536, India: 447.5023, Philippines: 598.4908... (more ethnicities), Val Loss: 763.0203, Val MAE: 12.9814, Val R2: 0.7367
2025-04-24 21:22:53,760 - spatial_moe_trainer - INFO - Epoch 30/100 - Train Loss: 432.6546 (Col: 99.3158, Jump: 319.0898, Decline: 144.1650, PDE: 2117.9609, Reg: 8775.4113), Eth Losses: China: 548.9286, India: 400.9308, Philippines: 652.5321... (more ethnicities), Val Loss: 795.6165, Val MAE: 13.1301, Val R2: 0.7255
2025-04-24 21:23:16,157 - spatial_moe_trainer - INFO - Epoch 31/100 - Train Loss: 411.7824 (Col: 99.0043, Jump: 238.7797, Decline: 148.1499, PDE: 1933.9476, Reg: 9199.5097), Eth Losses: China: 521.9085, India: 394.5085, Philippines: 576.1010... (more ethnicities), Val Loss: 759.3094, Val MAE: 12.9512, Val R2: 0.7380
2025-04-24 21:23:38,587 - spatial_moe_trainer - INFO - Epoch 32/100 - Train Loss: 417.5573 (Col: 93.5374, Jump: 197.7880, Decline: 147.2459, PDE: 1967.9770, Reg: 11631.5121), Eth Losses: China: 567.0550, India: 401.6984, Philippines: 584.2942... (more ethnicities), Val Loss: 772.5119, Val MAE: 12.7153, Val R2: 0.7334
2025-04-24 21:24:01,178 - spatial_moe_trainer - INFO - Epoch 33/100 - Train Loss: 406.7904 (Col: 93.2111, Jump: 202.0503, Decline: 142.9686, PDE: 1953.3287, Reg: 8924.1597), Eth Losses: China: 528.7674, India: 400.5399, Philippines: 564.2412... (more ethnicities), Val Loss: 749.6553, Val MAE: 12.7706, Val R2: 0.7413
2025-04-24 21:24:23,549 - spatial_moe_trainer - INFO - Epoch 34/100 - Train Loss: 383.1307 (Col: 95.2550, Jump: 194.9167, Decline: 133.2879, PDE: 1805.8545, Reg: 9217.7848), Eth Losses: China: 505.4030, India: 376.4337, Philippines: 512.0195... (more ethnicities), Val Loss: 738.4546, Val MAE: 12.6877, Val R2: 0.7452
2025-04-24 21:24:45,923 - spatial_moe_trainer - INFO - Epoch 35/100 - Train Loss: 381.5647 (Col: 91.0180, Jump: 222.5693, Decline: 142.6209, PDE: 1759.1858, Reg: 11911.4880), Eth Losses: China: 482.6302, India: 352.9597, Philippines: 533.8724... (more ethnicities), Val Loss: 712.1373, Val MAE: 12.5802, Val R2: 0.7543
2025-04-24 21:25:08,322 - spatial_moe_trainer - INFO - Epoch 36/100 - Train Loss: 395.0927 (Col: 89.9522, Jump: 196.6406, Decline: 140.1988, PDE: 1853.0547, Reg: 12026.4035), Eth Losses: China: 523.5665, India: 370.3145, Philippines: 564.5357... (more ethnicities), Val Loss: 792.5548, Val MAE: 12.6922, Val R2: 0.7265
2025-04-24 21:25:30,612 - spatial_moe_trainer - INFO - Epoch 37/100 - Train Loss: 377.0217 (Col: 89.1484, Jump: 216.3466, Decline: 135.9718, PDE: 1820.7881, Reg: 7221.2750), Eth Losses: China: 488.6098, India: 357.6331, Philippines: 538.1110... (more ethnicities), Val Loss: 720.5484, Val MAE: 12.5976, Val R2: 0.7514
2025-04-24 21:25:52,982 - spatial_moe_trainer - INFO - Epoch 38/100 - Train Loss: 371.4561 (Col: 82.4075, Jump: 172.0754, Decline: 140.4600, PDE: 1716.0090, Reg: 12625.7607), Eth Losses: China: 446.0607, India: 372.0622, Philippines: 541.4928... (more ethnicities), Val Loss: 760.7998, Val MAE: 12.6837, Val R2: 0.7375
2025-04-24 21:26:15,346 - spatial_moe_trainer - INFO - Epoch 39/100 - Train Loss: 370.3988 (Col: 90.7431, Jump: 190.1150, Decline: 133.7947, PDE: 1663.9838, Reg: 13782.0878), Eth Losses: China: 494.6540, India: 365.1149, Philippines: 499.1837... (more ethnicities), Val Loss: 710.3720, Val MAE: 12.5354, Val R2: 0.7549
2025-04-24 21:26:37,845 - spatial_moe_trainer - INFO - Epoch 40/100 - Train Loss: 361.6114 (Col: 92.0441, Jump: 171.3261, Decline: 139.9645, PDE: 1693.2384, Reg: 9262.1922), Eth Losses: China: 441.7768, India: 356.7497, Philippines: 499.2332... (more ethnicities), Val Loss: 755.3261, Val MAE: 12.5790, Val R2: 0.7394
2025-04-24 21:27:00,148 - spatial_moe_trainer - INFO - Epoch 41/100 - Train Loss: 345.6078 (Col: 80.6771, Jump: 193.1375, Decline: 128.0116, PDE: 1629.5177, Reg: 8194.1526), Eth Losses: China: 448.7510, India: 325.2430, Philippines: 471.5684... (more ethnicities), Val Loss: 707.2581, Val MAE: 12.6022, Val R2: 0.7559
2025-04-24 21:27:22,526 - spatial_moe_trainer - INFO - Epoch 42/100 - Train Loss: 353.8209 (Col: 87.5613, Jump: 185.1421, Decline: 128.3789, PDE: 1645.1081, Reg: 6446.7744), Eth Losses: China: 424.8591, India: 362.4712, Philippines: 507.8101... (more ethnicities), Val Loss: 721.5940, Val MAE: 12.5331, Val R2: 0.7510
2025-04-24 21:27:44,956 - spatial_moe_trainer - INFO - Epoch 43/100 - Train Loss: 341.4778 (Col: 81.1621, Jump: 176.6618, Decline: 121.3893, PDE: 1600.5572, Reg: 9778.7059), Eth Losses: China: 470.3262, India: 322.3953, Philippines: 468.0216... (more ethnicities), Val Loss: 719.6603, Val MAE: 12.4229, Val R2: 0.7517
2025-04-24 21:28:07,354 - spatial_moe_trainer - INFO - Epoch 44/100 - Train Loss: 343.2620 (Col: 84.9432, Jump: 199.8470, Decline: 123.3766, PDE: 1625.1010, Reg: 7395.0942), Eth Losses: China: 465.7099, India: 318.0240, Philippines: 483.5063... (more ethnicities), Val Loss: 781.0791, Val MAE: 12.4495, Val R2: 0.7305
2025-04-24 21:28:29,769 - spatial_moe_trainer - INFO - Epoch 45/100 - Train Loss: 349.1630 (Col: 85.0139, Jump: 189.4439, Decline: 124.6570, PDE: 1518.0348, Reg: 17820.5250), Eth Losses: China: 528.6225, India: 315.7695, Philippines: 447.4259... (more ethnicities), Val Loss: 735.5332, Val MAE: 12.4666, Val R2: 0.7462
2025-04-24 21:28:52,282 - spatial_moe_trainer - INFO - Epoch 46/100 - Train Loss: 334.5102 (Col: 83.1107, Jump: 180.5379, Decline: 117.1889, PDE: 1515.2566, Reg: 10518.1653), Eth Losses: China: 457.5859, India: 331.4899, Philippines: 439.1982... (more ethnicities), Val Loss: 737.2834, Val MAE: 12.2404, Val R2: 0.7456
2025-04-24 21:29:14,750 - spatial_moe_trainer - INFO - Epoch 47/100 - Train Loss: 330.1241 (Col: 80.4954, Jump: 185.9691, Decline: 121.7949, PDE: 1527.1774, Reg: 10379.4729), Eth Losses: China: 438.2129, India: 308.3196, Philippines: 459.3681... (more ethnicities), Val Loss: 726.5169, Val MAE: 12.2416, Val R2: 0.7493
2025-04-24 21:29:37,287 - spatial_moe_trainer - INFO - Epoch 48/100 - Train Loss: 324.7547 (Col: 70.9675, Jump: 197.6984, Decline: 125.8137, PDE: 1487.1206, Reg: 12537.6679), Eth Losses: China: 448.7730, India: 298.7800, Philippines: 439.6651... (more ethnicities), Val Loss: 706.5059, Val MAE: 12.3711, Val R2: 0.7562
2025-04-24 21:29:59,739 - spatial_moe_trainer - INFO - Epoch 49/100 - Train Loss: 322.3230 (Col: 75.8294, Jump: 154.8156, Decline: 123.2315, PDE: 1505.0612, Reg: 6732.6458), Eth Losses: China: 412.9760, India: 323.8962, Philippines: 444.5490... (more ethnicities), Val Loss: 717.4915, Val MAE: 12.3355, Val R2: 0.7524
2025-04-24 21:30:22,159 - spatial_moe_trainer - INFO - Epoch 50/100 - Train Loss: 316.8639 (Col: 70.8656, Jump: 182.2614, Decline: 125.3356, PDE: 1472.7020, Reg: 9798.6583), Eth Losses: China: 439.6738, India: 280.0048, Philippines: 424.3464... (more ethnicities), Val Loss: 702.9552, Val MAE: 12.2102, Val R2: 0.7574
2025-04-24 21:30:44,544 - spatial_moe_trainer - INFO - Epoch 51/100 - Train Loss: 315.5887 (Col: 74.1374, Jump: 195.4767, Decline: 126.7251, PDE: 1478.5079, Reg: 7396.9436), Eth Losses: China: 400.8787, India: 296.2463, Philippines: 454.3835... (more ethnicities), Val Loss: 705.5214, Val MAE: 12.2440, Val R2: 0.7565
2025-04-24 21:31:06,964 - spatial_moe_trainer - INFO - Epoch 52/100 - Train Loss: 316.7994 (Col: 73.9344, Jump: 178.4819, Decline: 125.8312, PDE: 1499.4908, Reg: 7793.7484), Eth Losses: China: 402.1831, India: 312.7758, Philippines: 433.3589... (more ethnicities), Val Loss: 709.0707, Val MAE: 12.2503, Val R2: 0.7553
2025-04-24 21:31:29,316 - spatial_moe_trainer - INFO - Epoch 53/100 - Train Loss: 301.2253 (Col: 68.9300, Jump: 155.6059, Decline: 115.2083, PDE: 1434.5719, Reg: 6541.4345), Eth Losses: China: 378.4118, India: 284.1348, Philippines: 444.2388... (more ethnicities), Val Loss: 705.3403, Val MAE: 12.2087, Val R2: 0.7566
2025-04-24 21:31:51,749 - spatial_moe_trainer - INFO - Epoch 54/100 - Train Loss: 311.1038 (Col: 72.1269, Jump: 182.3164, Decline: 119.9424, PDE: 1407.1961, Reg: 12141.3965), Eth Losses: China: 422.8499, India: 294.5913, Philippines: 421.7669... (more ethnicities), Val Loss: 700.5414, Val MAE: 12.3053, Val R2: 0.7583
2025-04-24 21:32:14,309 - spatial_moe_trainer - INFO - Epoch 55/100 - Train Loss: 314.8915 (Col: 69.7827, Jump: 173.3804, Decline: 118.7562, PDE: 1405.1546, Reg: 14779.8678), Eth Losses: China: 444.7026, India: 303.3079, Philippines: 421.3415... (more ethnicities), Val Loss: 684.3436, Val MAE: 12.2578, Val R2: 0.7639
2025-04-24 21:32:36,707 - spatial_moe_trainer - INFO - Epoch 56/100 - Train Loss: 301.0660 (Col: 71.8918, Jump: 157.0286, Decline: 121.0243, PDE: 1390.8169, Reg: 9338.5714), Eth Losses: China: 421.0819, India: 268.5197, Philippines: 410.0828... (more ethnicities), Val Loss: 719.6136, Val MAE: 12.2413, Val R2: 0.7517
2025-04-24 21:32:59,136 - spatial_moe_trainer - INFO - Epoch 57/100 - Train Loss: 300.8627 (Col: 78.2697, Jump: 178.4579, Decline: 119.3723, PDE: 1406.1352, Reg: 5885.5565), Eth Losses: China: 389.4605, India: 266.8249, Philippines: 415.2162... (more ethnicities), Val Loss: 720.2673, Val MAE: 12.2258, Val R2: 0.7515
2025-04-24 21:33:21,523 - spatial_moe_trainer - INFO - Epoch 58/100 - Train Loss: 301.9278 (Col: 69.2334, Jump: 177.9073, Decline: 117.7021, PDE: 1375.1281, Reg: 8459.7241), Eth Losses: China: 422.2411, India: 269.8504, Philippines: 404.3668... (more ethnicities), Val Loss: 703.2960, Val MAE: 12.2796, Val R2: 0.7573
2025-04-24 21:33:43,937 - spatial_moe_trainer - INFO - Epoch 59/100 - Train Loss: 312.1574 (Col: 68.0369, Jump: 151.7300, Decline: 119.9811, PDE: 1439.0052, Reg: 8312.7310), Eth Losses: China: 427.4702, India: 282.7871, Philippines: 448.8072... (more ethnicities), Val Loss: 704.3537, Val MAE: 12.2188, Val R2: 0.7569
2025-04-24 21:34:06,341 - spatial_moe_trainer - INFO - Epoch 60/100 - Train Loss: 303.8911 (Col: 68.0223, Jump: 171.3727, Decline: 112.9591, PDE: 1413.4307, Reg: 10153.2020), Eth Losses: China: 383.2921, India: 309.9465, Philippines: 421.7201... (more ethnicities), Val Loss: 706.7639, Val MAE: 12.0882, Val R2: 0.7561
2025-04-24 21:34:28,570 - spatial_moe_trainer - INFO - Epoch 61/100 - Train Loss: 298.2538 (Col: 67.8374, Jump: 166.3880, Decline: 122.5487, PDE: 1336.6757, Reg: 8147.2594), Eth Losses: China: 408.7180, India: 268.7532, Philippines: 423.3058... (more ethnicities), Val Loss: 698.6946, Val MAE: 12.2283, Val R2: 0.7589
2025-04-24 21:34:51,014 - spatial_moe_trainer - INFO - Epoch 62/100 - Train Loss: 289.3772 (Col: 64.8590, Jump: 162.9055, Decline: 116.4876, PDE: 1388.7979, Reg: 5231.4462), Eth Losses: China: 373.1679, India: 267.4816, Philippines: 405.7801... (more ethnicities), Val Loss: 710.9073, Val MAE: 12.1380, Val R2: 0.7547
2025-04-24 21:35:13,418 - spatial_moe_trainer - INFO - Epoch 63/100 - Train Loss: 283.8367 (Col: 68.0636, Jump: 167.1508, Decline: 119.8904, PDE: 1314.0847, Reg: 6533.7116), Eth Losses: China: 349.3957, India: 255.1710, Philippines: 413.8092... (more ethnicities), Val Loss: 693.1408, Val MAE: 12.1322, Val R2: 0.7608
2025-04-24 21:35:35,662 - spatial_moe_trainer - INFO - Epoch 64/100 - Train Loss: 297.0547 (Col: 67.7259, Jump: 174.7664, Decline: 121.7280, PDE: 1365.8383, Reg: 9006.8357), Eth Losses: China: 396.8143, India: 275.6669, Philippines: 409.9295... (more ethnicities), Val Loss: 711.5712, Val MAE: 12.1930, Val R2: 0.7545
2025-04-24 21:35:57,990 - spatial_moe_trainer - INFO - Epoch 65/100 - Train Loss: 295.0353 (Col: 65.9371, Jump: 152.3853, Decline: 119.3847, PDE: 1389.7288, Reg: 6442.5564), Eth Losses: China: 379.4985, India: 275.3087, Philippines: 423.8224... (more ethnicities), Val Loss: 711.3239, Val MAE: 12.1289, Val R2: 0.7545
2025-04-24 21:35:57,990 - spatial_moe_trainer - INFO - Early stopping at epoch 65
2025-04-24 21:35:58,011 - spatial_moe_trainer - INFO - Saving metrics to ./optuna_results/trial_3/metrics
2025-04-24 21:35:58,015 - spatial_moe_trainer - INFO - Training metrics saved to ./optuna_results/trial_3/metrics/training_metrics.csv
2025-04-24 21:35:58,019 - spatial_moe_trainer - INFO - Validation metrics saved to ./optuna_results/trial_3/metrics/validation_metrics.csv
2025-04-24 21:35:58,057 - spatial_moe_trainer - INFO - Multi-Ethnic Spatial MoE model saved to ./optuna_results/trial_3/model.pt
2025-04-24 21:35:58,089 - __mp_main__ - INFO - Running trial 4 on device cuda:0
2025-04-24 21:35:58,105 - __main__ - INFO - Trial 3 completed with value: 684.343620
2025-04-24 21:35:58,212 - __mp_main__ - INFO - Using adjusted dimensions - hidden_dims: [93, 39, 18], coord_embed_dim: 9
2025-04-24 21:35:58,265 - spatial_moe_trainer - INFO - Multi-Ethnic Spatial MoE model initialized on cuda:0
2025-04-24 21:35:58,265 - spatial_moe_trainer - INFO - Model will predict 5 ethnicities: ['China', 'India', 'Philippines', 'Portugal', 'Sri Lanka']
2025-04-24 21:35:58,287 - __mp_main__ - INFO - Testing model forward pass before training...
2025-04-24 21:35:58,475 - __mp_main__ - INFO - Test forward pass successful. Output shape: torch.Size([64, 5])
2025-04-24 21:35:58,476 - spatial_moe_trainer - INFO - Starting multi-ethnic spatial MoE model training with learnable expert router...
2025-04-24 21:35:58,476 - spatial_moe_trainer - INFO - Using colonization_weight=6.41003510568888, jump_weight=9.72918866945795, decline_weight=2.636424704863906, pde_weight=3.7381801866358395
2025-04-24 21:36:20,855 - spatial_moe_trainer - INFO - Epoch 1/100 - Train Loss: 1763.1445 (Col: 1176.2276, Jump: 881.2282, Decline: 207.5574, PDE: 5986.0176, Reg: 18014.0795), Eth Losses: China: 3205.3704, India: 1418.2240, Philippines: 2049.4405... (more ethnicities), Val Loss: 1904.8739, Val MAE: 23.3560, Val R2: 0.3427
2025-04-24 21:36:43,139 - spatial_moe_trainer - INFO - Epoch 2/100 - Train Loss: 1456.9436 (Col: 847.8513, Jump: 971.4576, Decline: 197.1406, PDE: 5396.1375, Reg: 26093.6413), Eth Losses: China: 2703.1148, India: 1114.8583, Philippines: 1815.8156... (more ethnicities), Val Loss: 1459.4817, Val MAE: 18.1521, Val R2: 0.4964
2025-04-24 21:37:05,623 - spatial_moe_trainer - INFO - Epoch 3/100 - Train Loss: 1260.0025 (Col: 706.1871, Jump: 749.3423, Decline: 186.8190, PDE: 4724.8915, Reg: 20503.2416), Eth Losses: China: 2173.7982, India: 991.8486, Philippines: 1623.9906... (more ethnicities), Val Loss: 1259.9547, Val MAE: 17.0843, Val R2: 0.5652
2025-04-24 21:37:28,062 - spatial_moe_trainer - INFO - Epoch 4/100 - Train Loss: 1117.4619 (Col: 596.8212, Jump: 774.1795, Decline: 181.8879, PDE: 4291.0512, Reg: 19382.2809), Eth Losses: China: 1762.3609, India: 898.6254, Philippines: 1485.6619... (more ethnicities), Val Loss: 1180.6260, Val MAE: 16.3011, Val R2: 0.5926
2025-04-24 21:37:50,552 - spatial_moe_trainer - INFO - Epoch 5/100 - Train Loss: 1019.9758 (Col: 505.9824, Jump: 477.5906, Decline: 171.7564, PDE: 4254.8938, Reg: 13735.3573), Eth Losses: China: 1544.4575, India: 823.5674, Philippines: 1380.8597... (more ethnicities), Val Loss: 1139.6135, Val MAE: 16.0486, Val R2: 0.6068
2025-04-24 21:38:12,947 - spatial_moe_trainer - INFO - Epoch 6/100 - Train Loss: 928.3661 (Col: 410.8251, Jump: 455.5342, Decline: 174.7666, PDE: 4035.3778, Reg: 11010.6984), Eth Losses: China: 1298.0020, India: 784.0754, Philippines: 1324.7425... (more ethnicities), Val Loss: 1094.1173, Val MAE: 15.5947, Val R2: 0.6225
2025-04-24 21:38:35,464 - spatial_moe_trainer - INFO - Epoch 7/100 - Train Loss: 886.5540 (Col: 327.3540, Jump: 518.6649, Decline: 168.2840, PDE: 3908.9460, Reg: 25096.6416), Eth Losses: China: 1404.7742, India: 769.6570, Philippines: 1259.1524... (more ethnicities), Val Loss: 1070.4857, Val MAE: 15.2844, Val R2: 0.6306
2025-04-24 21:38:57,960 - spatial_moe_trainer - INFO - Epoch 8/100 - Train Loss: 809.9531 (Col: 251.9695, Jump: 536.6903, Decline: 160.7741, PDE: 3843.9783, Reg: 13548.5741), Eth Losses: China: 1258.5921, India: 756.7491, Philippines: 1184.2647... (more ethnicities), Val Loss: 995.6127, Val MAE: 15.2900, Val R2: 0.6564
2025-04-24 21:39:20,355 - spatial_moe_trainer - INFO - Epoch 9/100 - Train Loss: 764.9023 (Col: 227.7032, Jump: 528.1548, Decline: 155.8254, PDE: 3698.6459, Reg: 15105.8019), Eth Losses: China: 1231.1083, India: 715.9957, Philippines: 1077.6897... (more ethnicities), Val Loss: 993.7773, Val MAE: 14.7983, Val R2: 0.6571
2025-04-24 21:39:42,741 - spatial_moe_trainer - INFO - Epoch 10/100 - Train Loss: 713.4416 (Col: 184.7358, Jump: 415.4534, Decline: 152.9860, PDE: 3483.0350, Reg: 13680.9595), Eth Losses: China: 1154.0547, India: 689.7597, Philippines: 1007.6392... (more ethnicities), Val Loss: 973.1975, Val MAE: 14.7814, Val R2: 0.6642
2025-04-24 21:40:05,288 - spatial_moe_trainer - INFO - Epoch 11/100 - Train Loss: 691.5612 (Col: 185.7970, Jump: 438.9260, Decline: 146.4867, PDE: 3402.6295, Reg: 12877.3849), Eth Losses: China: 1138.8502, India: 655.5712, Philippines: 940.3033... (more ethnicities), Val Loss: 943.4812, Val MAE: 14.3468, Val R2: 0.6744
2025-04-24 21:40:27,635 - spatial_moe_trainer - INFO - Epoch 12/100 - Train Loss: 662.1072 (Col: 155.4298, Jump: 417.3851, Decline: 145.8428, PDE: 3367.9761, Reg: 11421.6034), Eth Losses: China: 1067.1229, India: 627.7692, Philippines: 958.9160... (more ethnicities), Val Loss: 929.9869, Val MAE: 14.3260, Val R2: 0.6791
2025-04-24 21:40:50,041 - spatial_moe_trainer - INFO - Epoch 13/100 - Train Loss: 673.4314 (Col: 148.8648, Jump: 472.9344, Decline: 148.7510, PDE: 3184.6013, Reg: 25464.9001), Eth Losses: China: 1189.2988, India: 642.5521, Philippines: 885.0375... (more ethnicities), Val Loss: 922.6978, Val MAE: 14.2229, Val R2: 0.6816
2025-04-24 21:41:12,342 - spatial_moe_trainer - INFO - Epoch 14/100 - Train Loss: 645.2789 (Col: 143.2099, Jump: 450.9378, Decline: 141.9443, PDE: 3228.9561, Reg: 13757.6338), Eth Losses: China: 1056.4496, India: 608.3381, Philippines: 893.7935... (more ethnicities), Val Loss: 926.0104, Val MAE: 14.1580, Val R2: 0.6805
2025-04-24 21:41:34,704 - spatial_moe_trainer - INFO - Epoch 15/100 - Train Loss: 631.0213 (Col: 147.1179, Jump: 376.8335, Decline: 141.5346, PDE: 3218.9694, Reg: 11291.9898), Eth Losses: China: 1031.9997, India: 575.8256, Philippines: 862.0500... (more ethnicities), Val Loss: 867.8190, Val MAE: 14.1004, Val R2: 0.7005
2025-04-24 21:41:57,172 - spatial_moe_trainer - INFO - Epoch 16/100 - Train Loss: 597.5358 (Col: 139.3304, Jump: 405.4044, Decline: 135.6738, PDE: 2974.9641, Reg: 10036.5666), Eth Losses: China: 994.3203, India: 552.7606, Philippines: 772.0464... (more ethnicities), Val Loss: 879.4665, Val MAE: 13.9141, Val R2: 0.6965
2025-04-24 21:42:19,646 - spatial_moe_trainer - INFO - Epoch 17/100 - Train Loss: 590.4064 (Col: 131.9606, Jump: 396.6534, Decline: 135.8936, PDE: 2920.3593, Reg: 14841.8265), Eth Losses: China: 947.0510, India: 579.9079, Philippines: 777.3280... (more ethnicities), Val Loss: 869.7113, Val MAE: 13.9373, Val R2: 0.6999
2025-04-24 21:42:42,229 - spatial_moe_trainer - INFO - Epoch 18/100 - Train Loss: 560.7996 (Col: 131.5238, Jump: 354.6731, Decline: 133.6882, PDE: 2797.3681, Reg: 9122.0580), Eth Losses: China: 907.8697, India: 532.1862, Philippines: 742.9412... (more ethnicities), Val Loss: 848.5620, Val MAE: 13.8752, Val R2: 0.7072
2025-04-24 21:43:04,675 - spatial_moe_trainer - INFO - Epoch 19/100 - Train Loss: 569.7129 (Col: 126.9868, Jump: 348.8668, Decline: 131.3195, PDE: 2771.2447, Reg: 16209.0536), Eth Losses: China: 932.0811, India: 554.0185, Philippines: 758.4019... (more ethnicities), Val Loss: 896.3309, Val MAE: 13.8192, Val R2: 0.6907
2025-04-24 21:43:26,977 - spatial_moe_trainer - INFO - Epoch 20/100 - Train Loss: 542.0162 (Col: 111.8122, Jump: 371.4042, Decline: 129.7663, PDE: 2740.1831, Reg: 13234.3856), Eth Losses: China: 863.2438, India: 531.1890, Philippines: 719.6678... (more ethnicities), Val Loss: 836.5567, Val MAE: 13.6163, Val R2: 0.7113
2025-04-24 21:43:49,335 - spatial_moe_trainer - INFO - Epoch 21/100 - Train Loss: 499.2084 (Col: 104.1101, Jump: 341.3888, Decline: 133.1647, PDE: 2510.4797, Reg: 8096.4064), Eth Losses: China: 676.4586, India: 511.0368, Philippines: 737.2667... (more ethnicities), Val Loss: 835.1331, Val MAE: 13.4571, Val R2: 0.7118
2025-04-24 21:44:11,744 - spatial_moe_trainer - INFO - Epoch 22/100 - Train Loss: 508.7564 (Col: 115.3564, Jump: 378.9920, Decline: 131.6010, PDE: 2506.9149, Reg: 13792.2518), Eth Losses: China: 777.2429, India: 515.7663, Philippines: 666.4445... (more ethnicities), Val Loss: 816.5701, Val MAE: 13.4169, Val R2: 0.7182
2025-04-24 21:44:34,130 - spatial_moe_trainer - INFO - Epoch 23/100 - Train Loss: 483.9889 (Col: 102.9989, Jump: 276.4526, Decline: 130.9165, PDE: 2472.6997, Reg: 7047.6780), Eth Losses: China: 691.4903, India: 489.6866, Philippines: 675.3831... (more ethnicities), Val Loss: 830.7117, Val MAE: 13.3525, Val R2: 0.7133
2025-04-24 21:44:56,473 - spatial_moe_trainer - INFO - Epoch 24/100 - Train Loss: 482.9549 (Col: 100.6124, Jump: 324.4809, Decline: 130.0266, PDE: 2406.9588, Reg: 10897.0929), Eth Losses: China: 693.7673, India: 515.7698, Philippines: 646.4121... (more ethnicities), Val Loss: 796.4992, Val MAE: 13.2477, Val R2: 0.7252
2025-04-24 21:45:18,990 - spatial_moe_trainer - INFO - Epoch 25/100 - Train Loss: 456.8162 (Col: 103.7949, Jump: 272.7140, Decline: 128.7048, PDE: 2286.8486, Reg: 7409.6766), Eth Losses: China: 619.6676, India: 490.2601, Philippines: 615.7666... (more ethnicities), Val Loss: 816.3369, Val MAE: 13.3651, Val R2: 0.7183
2025-04-24 21:45:41,400 - spatial_moe_trainer - INFO - Epoch 26/100 - Train Loss: 451.1028 (Col: 96.0648, Jump: 290.5129, Decline: 129.0991, PDE: 2294.9679, Reg: 7111.9129), Eth Losses: China: 624.5484, India: 471.4717, Philippines: 633.6642... (more ethnicities), Val Loss: 865.4965, Val MAE: 13.2987, Val R2: 0.7013
2025-04-24 21:46:03,938 - spatial_moe_trainer - INFO - Epoch 27/100 - Train Loss: 448.1992 (Col: 99.1467, Jump: 298.0606, Decline: 125.9714, PDE: 2224.4587, Reg: 8591.3060), Eth Losses: China: 634.6927, India: 457.0454, Philippines: 604.8010... (more ethnicities), Val Loss: 799.5363, Val MAE: 13.1976, Val R2: 0.7241
2025-04-24 21:46:26,267 - spatial_moe_trainer - INFO - Epoch 28/100 - Train Loss: 433.7370 (Col: 92.7147, Jump: 264.9940, Decline: 129.8905, PDE: 2225.5709, Reg: 8733.1262), Eth Losses: China: 615.3610, India: 439.8754, Philippines: 561.0653... (more ethnicities), Val Loss: 818.0080, Val MAE: 13.1201, Val R2: 0.7177
2025-04-24 21:46:48,564 - spatial_moe_trainer - INFO - Epoch 29/100 - Train Loss: 456.1213 (Col: 99.9713, Jump: 316.2775, Decline: 128.0085, PDE: 2135.1189, Reg: 21708.0841), Eth Losses: China: 752.3970, India: 417.1017, Philippines: 578.0957... (more ethnicities), Val Loss: 803.9985, Val MAE: 13.0865, Val R2: 0.7226
2025-04-24 21:47:10,822 - spatial_moe_trainer - INFO - Epoch 30/100 - Train Loss: 406.0565 (Col: 96.8138, Jump: 270.0807, Decline: 133.7638, PDE: 1978.7451, Reg: 7022.5802), Eth Losses: China: 501.9026, India: 434.6978, Philippines: 553.8873... (more ethnicities), Val Loss: 761.6642, Val MAE: 12.8670, Val R2: 0.7372
2025-04-24 21:47:33,194 - spatial_moe_trainer - INFO - Epoch 31/100 - Train Loss: 409.6269 (Col: 93.2902, Jump: 269.3095, Decline: 127.3901, PDE: 1999.8013, Reg: 10525.9146), Eth Losses: China: 519.4480, India: 445.1477, Philippines: 554.9061... (more ethnicities), Val Loss: 772.8620, Val MAE: 12.8000, Val R2: 0.7333
2025-04-24 21:47:55,726 - spatial_moe_trainer - INFO - Epoch 32/100 - Train Loss: 412.1153 (Col: 104.8614, Jump: 300.9046, Decline: 125.7069, PDE: 1918.3995, Reg: 10579.0848), Eth Losses: China: 571.7904, India: 432.1044, Philippines: 520.3028... (more ethnicities), Val Loss: 773.2832, Val MAE: 12.8138, Val R2: 0.7332
2025-04-24 21:48:18,117 - spatial_moe_trainer - INFO - Epoch 33/100 - Train Loss: 402.4993 (Col: 98.6306, Jump: 228.1604, Decline: 122.9830, PDE: 1977.6125, Reg: 7076.5858), Eth Losses: China: 556.5267, India: 404.9002, Philippines: 525.7039... (more ethnicities), Val Loss: 759.1518, Val MAE: 12.8288, Val R2: 0.7380
2025-04-24 21:48:40,400 - spatial_moe_trainer - INFO - Epoch 34/100 - Train Loss: 388.7992 (Col: 86.8407, Jump: 346.3028, Decline: 124.9810, PDE: 1837.9776, Reg: 14215.3789), Eth Losses: China: 491.9794, India: 458.4514, Philippines: 495.1986... (more ethnicities), Val Loss: 797.3933, Val MAE: 12.7694, Val R2: 0.7248
2025-04-24 21:49:02,834 - spatial_moe_trainer - INFO - Epoch 35/100 - Train Loss: 375.7725 (Col: 85.5776, Jump: 277.4296, Decline: 121.7056, PDE: 1861.2152, Reg: 6146.8959), Eth Losses: China: 479.1463, India: 399.3509, Philippines: 491.3370... (more ethnicities), Val Loss: 761.1392, Val MAE: 12.6121, Val R2: 0.7374
2025-04-24 21:49:25,276 - spatial_moe_trainer - INFO - Epoch 36/100 - Train Loss: 369.9517 (Col: 86.6228, Jump: 218.3187, Decline: 124.4563, PDE: 1791.3633, Reg: 6888.6736), Eth Losses: China: 490.5149, India: 356.3819, Philippines: 513.8301... (more ethnicities), Val Loss: 753.9295, Val MAE: 12.7667, Val R2: 0.7398
2025-04-24 21:49:47,507 - spatial_moe_trainer - INFO - Epoch 37/100 - Train Loss: 372.6291 (Col: 91.0018, Jump: 247.9882, Decline: 122.2366, PDE: 1769.0903, Reg: 9176.9415), Eth Losses: China: 528.5782, India: 364.9168, Philippines: 467.4020... (more ethnicities), Val Loss: 817.6695, Val MAE: 12.7231, Val R2: 0.7178
2025-04-24 21:50:09,898 - spatial_moe_trainer - INFO - Epoch 38/100 - Train Loss: 361.5552 (Col: 90.8197, Jump: 234.9500, Decline: 119.5145, PDE: 1730.7774, Reg: 7323.5249), Eth Losses: China: 499.4024, India: 367.9328, Philippines: 465.8822... (more ethnicities), Val Loss: 750.4305, Val MAE: 12.6032, Val R2: 0.7411
2025-04-24 21:50:32,264 - spatial_moe_trainer - INFO - Epoch 39/100 - Train Loss: 371.2111 (Col: 78.0391, Jump: 262.5107, Decline: 117.8531, PDE: 1797.2287, Reg: 9390.5885), Eth Losses: China: 506.9076, India: 371.9785, Philippines: 482.8712... (more ethnicities), Val Loss: 772.2010, Val MAE: 12.6036, Val R2: 0.7335
2025-04-24 21:50:54,583 - spatial_moe_trainer - INFO - Epoch 40/100 - Train Loss: 369.8432 (Col: 86.5978, Jump: 257.1585, Decline: 122.5618, PDE: 1678.1968, Reg: 11123.6926), Eth Losses: China: 544.4528, India: 393.1213, Philippines: 442.3668... (more ethnicities), Val Loss: 733.0226, Val MAE: 12.3553, Val R2: 0.7471
2025-04-24 21:51:16,859 - spatial_moe_trainer - INFO - Epoch 41/100 - Train Loss: 357.1321 (Col: 81.7061, Jump: 229.0657, Decline: 126.0298, PDE: 1633.0513, Reg: 15216.7046), Eth Losses: China: 516.6203, India: 354.7325, Philippines: 438.6093... (more ethnicities), Val Loss: 689.4859, Val MAE: 12.3325, Val R2: 0.7621
2025-04-24 21:51:39,299 - spatial_moe_trainer - INFO - Epoch 42/100 - Train Loss: 347.8476 (Col: 94.9724, Jump: 212.6403, Decline: 118.7246, PDE: 1659.2358, Reg: 6088.3846), Eth Losses: China: 474.2815, India: 361.1676, Philippines: 438.8878... (more ethnicities), Val Loss: 764.5177, Val MAE: 12.5371, Val R2: 0.7362
2025-04-24 21:52:01,576 - spatial_moe_trainer - INFO - Epoch 43/100 - Train Loss: 339.8737 (Col: 78.5166, Jump: 369.5063, Decline: 117.8273, PDE: 1628.5105, Reg: 6391.9304), Eth Losses: China: 410.5432, India: 355.1307, Philippines: 458.2240... (more ethnicities), Val Loss: 691.9028, Val MAE: 12.3577, Val R2: 0.7612
2025-04-24 21:52:23,969 - spatial_moe_trainer - INFO - Epoch 44/100 - Train Loss: 338.9114 (Col: 85.5120, Jump: 239.5826, Decline: 115.1390, PDE: 1582.8612, Reg: 7653.0892), Eth Losses: China: 447.7490, India: 339.4704, Philippines: 456.9761... (more ethnicities), Val Loss: 739.3741, Val MAE: 12.4628, Val R2: 0.7449
2025-04-24 21:52:46,286 - spatial_moe_trainer - INFO - Epoch 45/100 - Train Loss: 331.0766 (Col: 72.5591, Jump: 248.6930, Decline: 115.3303, PDE: 1575.5343, Reg: 10874.5832), Eth Losses: China: 444.0688, India: 363.1616, Philippines: 398.6775... (more ethnicities), Val Loss: 701.3383, Val MAE: 12.3382, Val R2: 0.7580
2025-04-24 21:53:08,709 - spatial_moe_trainer - INFO - Epoch 46/100 - Train Loss: 322.2581 (Col: 83.4598, Jump: 216.7317, Decline: 115.2946, PDE: 1502.2892, Reg: 6850.0160), Eth Losses: China: 416.4819, India: 334.8003, Philippines: 417.3848... (more ethnicities), Val Loss: 723.2785, Val MAE: 12.4038, Val R2: 0.7504
2025-04-24 21:53:31,100 - spatial_moe_trainer - INFO - Epoch 47/100 - Train Loss: 322.0027 (Col: 77.4197, Jump: 222.3802, Decline: 116.1083, PDE: 1540.0191, Reg: 7194.9852), Eth Losses: China: 423.1030, India: 338.1612, Philippines: 430.6133... (more ethnicities), Val Loss: 728.2279, Val MAE: 12.3366, Val R2: 0.7487
2025-04-24 21:53:53,413 - spatial_moe_trainer - INFO - Epoch 48/100 - Train Loss: 315.1245 (Col: 74.9301, Jump: 229.6333, Decline: 121.6547, PDE: 1467.2202, Reg: 7617.6939), Eth Losses: China: 413.7378, India: 313.1417, Philippines: 400.3806... (more ethnicities), Val Loss: 722.4404, Val MAE: 12.2926, Val R2: 0.7507
2025-04-24 21:54:15,873 - spatial_moe_trainer - INFO - Epoch 49/100 - Train Loss: 320.9394 (Col: 70.1445, Jump: 209.4688, Decline: 110.9291, PDE: 1503.2312, Reg: 8358.0650), Eth Losses: China: 444.3632, India: 322.6280, Philippines: 407.6681... (more ethnicities), Val Loss: 681.4146, Val MAE: 12.2089, Val R2: 0.7649
2025-04-24 21:54:38,454 - spatial_moe_trainer - INFO - Epoch 50/100 - Train Loss: 302.1828 (Col: 68.4569, Jump: 257.2745, Decline: 113.9276, PDE: 1472.4007, Reg: 4887.8113), Eth Losses: China: 374.1868, India: 313.1538, Philippines: 395.6039... (more ethnicities), Val Loss: 715.0929, Val MAE: 12.3199, Val R2: 0.7532
2025-04-24 21:55:00,904 - spatial_moe_trainer - INFO - Epoch 51/100 - Train Loss: 317.9088 (Col: 67.3783, Jump: 214.0588, Decline: 115.9846, PDE: 1431.6275, Reg: 11247.5300), Eth Losses: China: 489.5950, India: 302.8746, Philippines: 397.2031... (more ethnicities), Val Loss: 697.3723, Val MAE: 12.2353, Val R2: 0.7594
2025-04-24 21:55:23,381 - spatial_moe_trainer - INFO - Epoch 52/100 - Train Loss: 306.4195 (Col: 70.1577, Jump: 214.9091, Decline: 115.7509, PDE: 1470.5946, Reg: 4616.9549), Eth Losses: China: 412.5357, India: 303.5052, Philippines: 394.3697... (more ethnicities), Val Loss: 715.7321, Val MAE: 12.2372, Val R2: 0.7530
2025-04-24 21:55:45,832 - spatial_moe_trainer - INFO - Epoch 53/100 - Train Loss: 311.1007 (Col: 71.3027, Jump: 209.6683, Decline: 118.2663, PDE: 1456.6829, Reg: 9410.5138), Eth Losses: China: 428.8648, India: 311.6502, Philippines: 404.4589... (more ethnicities), Val Loss: 680.7075, Val MAE: 12.2484, Val R2: 0.7651
2025-04-24 21:56:08,368 - spatial_moe_trainer - INFO - Epoch 54/100 - Train Loss: 308.2605 (Col: 63.2347, Jump: 192.9825, Decline: 109.8074, PDE: 1491.9836, Reg: 5985.3185), Eth Losses: China: 404.8685, India: 308.2750, Philippines: 414.3488... (more ethnicities), Val Loss: 724.1653, Val MAE: 12.2466, Val R2: 0.7501
2025-04-24 21:56:30,789 - spatial_moe_trainer - INFO - Epoch 55/100 - Train Loss: 299.7758 (Col: 66.4212, Jump: 209.0844, Decline: 117.2625, PDE: 1451.9875, Reg: 5794.7063), Eth Losses: China: 378.8501, India: 319.6772, Philippines: 386.8734... (more ethnicities), Val Loss: 720.3846, Val MAE: 12.3005, Val R2: 0.7514
2025-04-24 21:56:53,134 - spatial_moe_trainer - INFO - Epoch 56/100 - Train Loss: 307.5186 (Col: 65.8605, Jump: 195.5175, Decline: 116.3468, PDE: 1459.9111, Reg: 6655.0331), Eth Losses: China: 445.0233, India: 307.7343, Philippines: 377.7654... (more ethnicities), Val Loss: 717.7401, Val MAE: 12.2459, Val R2: 0.7523
2025-04-24 21:57:15,724 - spatial_moe_trainer - INFO - Epoch 57/100 - Train Loss: 291.0804 (Col: 67.4786, Jump: 237.4400, Decline: 104.6284, PDE: 1391.1495, Reg: 5902.0583), Eth Losses: China: 367.4138, India: 303.1923, Philippines: 366.6838... (more ethnicities), Val Loss: 713.2365, Val MAE: 12.2118, Val R2: 0.7539
2025-04-24 21:57:38,279 - spatial_moe_trainer - INFO - Epoch 58/100 - Train Loss: 310.3771 (Col: 75.3275, Jump: 198.6493, Decline: 110.6092, PDE: 1432.8394, Reg: 6260.0123), Eth Losses: China: 462.9278, India: 293.3399, Philippines: 397.4321... (more ethnicities), Val Loss: 676.2067, Val MAE: 12.2558, Val R2: 0.7667
2025-04-24 21:58:00,621 - spatial_moe_trainer - INFO - Epoch 59/100 - Train Loss: 301.2138 (Col: 64.6536, Jump: 269.7893, Decline: 109.4543, PDE: 1411.9384, Reg: 8280.5178), Eth Losses: China: 426.4863, India: 316.1100, Philippines: 358.5383... (more ethnicities), Val Loss: 698.2905, Val MAE: 12.1385, Val R2: 0.7590
2025-04-24 21:58:23,068 - spatial_moe_trainer - INFO - Epoch 60/100 - Train Loss: 290.3799 (Col: 64.4967, Jump: 202.2995, Decline: 107.6740, PDE: 1365.8592, Reg: 6161.5779), Eth Losses: China: 355.4326, India: 315.9980, Philippines: 365.5919... (more ethnicities), Val Loss: 713.9163, Val MAE: 12.1539, Val R2: 0.7536
2025-04-24 21:58:45,446 - spatial_moe_trainer - INFO - Epoch 61/100 - Train Loss: 298.6781 (Col: 63.2618, Jump: 232.4275, Decline: 117.4865, PDE: 1419.9495, Reg: 8068.2407), Eth Losses: China: 410.5068, India: 315.9561, Philippines: 376.8568... (more ethnicities), Val Loss: 683.5851, Val MAE: 12.1015, Val R2: 0.7641
2025-04-24 21:59:07,835 - spatial_moe_trainer - INFO - Epoch 62/100 - Train Loss: 300.5317 (Col: 80.8507, Jump: 238.2759, Decline: 115.3121, PDE: 1381.0248, Reg: 5387.3864), Eth Losses: China: 414.0298, India: 316.7740, Philippines: 369.7728... (more ethnicities), Val Loss: 685.3606, Val MAE: 12.0632, Val R2: 0.7635
2025-04-24 21:59:30,208 - spatial_moe_trainer - INFO - Epoch 63/100 - Train Loss: 289.3624 (Col: 75.0928, Jump: 252.7461, Decline: 110.1772, PDE: 1358.2813, Reg: 5288.1036), Eth Losses: China: 410.9132, India: 285.5999, Philippines: 355.1729... (more ethnicities), Val Loss: 737.1461, Val MAE: 12.1878, Val R2: 0.7456
2025-04-24 21:59:52,667 - spatial_moe_trainer - INFO - Epoch 64/100 - Train Loss: 293.0240 (Col: 67.1373, Jump: 200.9582, Decline: 107.7995, PDE: 1371.2555, Reg: 7334.5725), Eth Losses: China: 421.1149, India: 295.3190, Philippines: 355.4255... (more ethnicities), Val Loss: 697.5265, Val MAE: 12.1343, Val R2: 0.7593
2025-04-24 22:00:15,263 - spatial_moe_trainer - INFO - Epoch 65/100 - Train Loss: 284.7488 (Col: 54.8119, Jump: 195.6672, Decline: 107.7412, PDE: 1394.1336, Reg: 9428.8491), Eth Losses: China: 411.2931, India: 277.0562, Philippines: 355.6221... (more ethnicities), Val Loss: 666.9448, Val MAE: 11.9910, Val R2: 0.7699
2025-04-24 22:00:37,721 - spatial_moe_trainer - INFO - Epoch 66/100 - Train Loss: 289.9332 (Col: 66.0090, Jump: 206.7452, Decline: 108.8861, PDE: 1332.1284, Reg: 8374.1160), Eth Losses: China: 412.2425, India: 289.6769, Philippines: 373.1912... (more ethnicities), Val Loss: 658.6047, Val MAE: 12.0491, Val R2: 0.7727
2025-04-24 22:00:59,965 - spatial_moe_trainer - INFO - Epoch 67/100 - Train Loss: 280.6746 (Col: 58.9584, Jump: 184.9869, Decline: 108.1308, PDE: 1342.9029, Reg: 6524.2416), Eth Losses: China: 369.7812, India: 264.7527, Philippines: 375.5695... (more ethnicities), Val Loss: 669.7787, Val MAE: 12.0026, Val R2: 0.7689
2025-04-24 22:01:22,380 - spatial_moe_trainer - INFO - Epoch 68/100 - Train Loss: 278.1008 (Col: 63.4589, Jump: 179.7320, Decline: 109.2504, PDE: 1339.0533, Reg: 5442.9894), Eth Losses: China: 354.1623, India: 261.8727, Philippines: 373.5520... (more ethnicities), Val Loss: 669.1340, Val MAE: 11.9989, Val R2: 0.7691
2025-04-24 22:01:44,737 - spatial_moe_trainer - INFO - Epoch 69/100 - Train Loss: 285.5403 (Col: 59.3768, Jump: 146.5022, Decline: 110.8069, PDE: 1361.6575, Reg: 10022.1770), Eth Losses: China: 391.5648, India: 281.1399, Philippines: 360.4782... (more ethnicities), Val Loss: 663.2715, Val MAE: 12.0161, Val R2: 0.7711
2025-04-24 22:02:07,086 - spatial_moe_trainer - INFO - Epoch 70/100 - Train Loss: 279.8495 (Col: 65.0098, Jump: 212.1027, Decline: 108.7056, PDE: 1334.2061, Reg: 6077.5757), Eth Losses: China: 358.8980, India: 300.4887, Philippines: 362.6854... (more ethnicities), Val Loss: 680.2577, Val MAE: 12.0775, Val R2: 0.7653
2025-04-24 22:02:29,408 - spatial_moe_trainer - INFO - Epoch 71/100 - Train Loss: 279.5330 (Col: 60.8102, Jump: 199.4775, Decline: 104.1786, PDE: 1339.6313, Reg: 6353.4378), Eth Losses: China: 350.1101, India: 316.8388, Philippines: 359.1920... (more ethnicities), Val Loss: 677.0807, Val MAE: 12.0816, Val R2: 0.7664
2025-04-24 22:02:51,687 - spatial_moe_trainer - INFO - Epoch 72/100 - Train Loss: 281.7266 (Col: 60.6818, Jump: 183.1501, Decline: 109.5904, PDE: 1341.6527, Reg: 7371.6014), Eth Losses: China: 400.4358, India: 275.4475, Philippines: 360.3086... (more ethnicities), Val Loss: 677.1727, Val MAE: 12.0303, Val R2: 0.7663
2025-04-24 22:03:14,146 - spatial_moe_trainer - INFO - Epoch 73/100 - Train Loss: 282.2384 (Col: 60.2195, Jump: 149.6622, Decline: 101.7497, PDE: 1352.2405, Reg: 5252.8006), Eth Losses: China: 350.0234, India: 325.1557, Philippines: 349.4673... (more ethnicities), Val Loss: 683.3006, Val MAE: 12.0576, Val R2: 0.7642
2025-04-24 22:03:36,444 - spatial_moe_trainer - INFO - Epoch 74/100 - Train Loss: 271.3150 (Col: 59.9618, Jump: 252.3480, Decline: 106.2566, PDE: 1314.2577, Reg: 4379.2774), Eth Losses: China: 342.6166, India: 269.6806, Philippines: 360.3553... (more ethnicities), Val Loss: 676.7856, Val MAE: 12.0351, Val R2: 0.7665
2025-04-24 22:03:58,778 - spatial_moe_trainer - INFO - Epoch 75/100 - Train Loss: 289.6813 (Col: 61.1736, Jump: 195.8206, Decline: 107.1337, PDE: 1287.5641, Reg: 9958.3287), Eth Losses: China: 419.0090, India: 310.7356, Philippines: 346.5960... (more ethnicities), Val Loss: 679.7540, Val MAE: 12.0298, Val R2: 0.7654
2025-04-24 22:04:21,195 - spatial_moe_trainer - INFO - Epoch 76/100 - Train Loss: 281.5427 (Col: 60.7644, Jump: 243.8565, Decline: 110.7205, PDE: 1319.4949, Reg: 5998.8614), Eth Losses: China: 355.0156, India: 319.0917, Philippines: 353.5124... (more ethnicities), Val Loss: 667.4714, Val MAE: 12.0076, Val R2: 0.7697
2025-04-24 22:04:21,195 - spatial_moe_trainer - INFO - Early stopping at epoch 76
2025-04-24 22:04:21,216 - spatial_moe_trainer - INFO - Saving metrics to ./optuna_results/trial_4/metrics
2025-04-24 22:04:21,220 - spatial_moe_trainer - INFO - Training metrics saved to ./optuna_results/trial_4/metrics/training_metrics.csv
2025-04-24 22:04:21,224 - spatial_moe_trainer - INFO - Validation metrics saved to ./optuna_results/trial_4/metrics/validation_metrics.csv
2025-04-24 22:04:21,262 - spatial_moe_trainer - INFO - Multi-Ethnic Spatial MoE model saved to ./optuna_results/trial_4/model.pt
2025-04-24 22:04:21,294 - __mp_main__ - INFO - Running trial 5 on device cuda:0
2025-04-24 22:04:21,310 - __main__ - INFO - Trial 4 completed with value: 658.604749
2025-04-24 22:04:21,416 - __mp_main__ - INFO - Using adjusted dimensions - hidden_dims: [93, 39, 18], coord_embed_dim: 9
2025-04-24 22:04:21,462 - spatial_moe_trainer - INFO - Multi-Ethnic Spatial MoE model initialized on cuda:0
2025-04-24 22:04:21,462 - spatial_moe_trainer - INFO - Model will predict 5 ethnicities: ['China', 'India', 'Philippines', 'Portugal', 'Sri Lanka']
2025-04-24 22:04:21,482 - __mp_main__ - INFO - Testing model forward pass before training...
2025-04-24 22:04:21,642 - __mp_main__ - INFO - Test forward pass successful. Output shape: torch.Size([64, 5])
2025-04-24 22:04:21,642 - spatial_moe_trainer - INFO - Starting multi-ethnic spatial MoE model training with learnable expert router...
2025-04-24 22:04:21,642 - spatial_moe_trainer - INFO - Using colonization_weight=6.41003510568888, jump_weight=9.72918866945795, decline_weight=2.636424704863906, pde_weight=3.7381801866358395
2025-04-24 22:04:43,942 - spatial_moe_trainer - INFO - Epoch 1/100 - Train Loss: 1673.3458 (Col: 1102.0440, Jump: 1158.4371, Decline: 208.2055, PDE: 5676.5691, Reg: 29965.0445), Eth Losses: China: 2923.1955, India: 1267.6977, Philippines: 2152.8498... (more ethnicities), Val Loss: 1817.7587, Val MAE: 21.5931, Val R2: 0.3727
2025-04-24 22:05:06,344 - spatial_moe_trainer - INFO - Epoch 2/100 - Train Loss: 1384.6712 (Col: 823.3982, Jump: 915.8437, Decline: 190.5937, PDE: 5129.0992, Reg: 23695.9248), Eth Losses: China: 2466.0717, India: 1077.6997, Philippines: 1854.6512... (more ethnicities), Val Loss: 1516.7211, Val MAE: 18.1656, Val R2: 0.4766
2025-04-24 22:05:28,889 - spatial_moe_trainer - INFO - Epoch 3/100 - Train Loss: 1199.9467 (Col: 707.1310, Jump: 709.7160, Decline: 183.6455, PDE: 4386.4547, Reg: 19604.1608), Eth Losses: China: 2007.8893, India: 1002.5776, Philippines: 1598.3949... (more ethnicities), Val Loss: 1286.3312, Val MAE: 16.8229, Val R2: 0.5561
2025-04-24 22:05:51,312 - spatial_moe_trainer - INFO - Epoch 4/100 - Train Loss: 1045.9273 (Col: 598.9100, Jump: 605.6799, Decline: 168.1209, PDE: 3874.4313, Reg: 15632.0402), Eth Losses: China: 1691.6128, India: 886.7809, Philippines: 1364.8283... (more ethnicities), Val Loss: 1112.5920, Val MAE: 16.0632, Val R2: 0.6161
2025-04-24 22:06:13,739 - spatial_moe_trainer - INFO - Epoch 5/100 - Train Loss: 970.6516 (Col: 468.1543, Jump: 790.9341, Decline: 164.7095, PDE: 3874.6611, Reg: 19799.9553), Eth Losses: China: 1581.5244, India: 865.2843, Philippines: 1343.4700... (more ethnicities), Val Loss: 994.7934, Val MAE: 15.5290, Val R2: 0.6567
2025-04-24 22:06:36,078 - spatial_moe_trainer - INFO - Epoch 6/100 - Train Loss: 845.7417 (Col: 314.0987, Jump: 815.3056, Decline: 167.9631, PDE: 3755.6132, Reg: 16990.4372), Eth Losses: China: 1322.0050, India: 834.3074, Philippines: 1221.8604... (more ethnicities), Val Loss: 1023.0250, Val MAE: 15.1965, Val R2: 0.6470
2025-04-24 22:06:58,404 - spatial_moe_trainer - INFO - Epoch 7/100 - Train Loss: 770.3485 (Col: 261.2498, Jump: 547.6620, Decline: 162.3062, PDE: 3553.0335, Reg: 11058.3173), Eth Losses: China: 1141.6481, India: 847.8481, Philippines: 1121.5792... (more ethnicities), Val Loss: 922.3668, Val MAE: 15.1910, Val R2: 0.6817
2025-04-24 22:07:20,948 - spatial_moe_trainer - INFO - Epoch 8/100 - Train Loss: 727.7779 (Col: 236.0029, Jump: 522.3417, Decline: 163.7748, PDE: 3412.8600, Reg: 9460.2313), Eth Losses: China: 1077.6073, India: 736.5758, Philippines: 1020.2852... (more ethnicities), Val Loss: 936.7050, Val MAE: 14.7822, Val R2: 0.6768
2025-04-24 22:07:43,445 - spatial_moe_trainer - INFO - Epoch 9/100 - Train Loss: 720.8639 (Col: 232.4968, Jump: 493.9110, Decline: 159.3300, PDE: 3315.4192, Reg: 18369.6710), Eth Losses: China: 1094.5394, India: 696.2698, Philippines: 1013.1545... (more ethnicities), Val Loss: 904.5739, Val MAE: 14.5435, Val R2: 0.6879
2025-04-24 22:08:06,099 - spatial_moe_trainer - INFO - Epoch 10/100 - Train Loss: 692.1901 (Col: 211.5802, Jump: 523.3525, Decline: 156.6366, PDE: 3312.1595, Reg: 14554.9238), Eth Losses: China: 1038.8153, India: 692.1178, Philippines: 995.0358... (more ethnicities), Val Loss: 931.9711, Val MAE: 14.6170, Val R2: 0.6784
2025-04-24 22:08:28,444 - spatial_moe_trainer - INFO - Epoch 11/100 - Train Loss: 663.6742 (Col: 195.0842, Jump: 587.6010, Decline: 153.2571, PDE: 3170.9814, Reg: 11931.0317), Eth Losses: China: 965.1392, India: 677.0096, Philippines: 945.4306... (more ethnicities), Val Loss: 831.5640, Val MAE: 14.2751, Val R2: 0.7131
2025-04-24 22:08:50,686 - spatial_moe_trainer - INFO - Epoch 12/100 - Train Loss: 653.0098 (Col: 172.8198, Jump: 535.3215, Decline: 148.4220, PDE: 3248.0986, Reg: 9909.0446), Eth Losses: China: 944.6198, India: 662.9268, Philippines: 987.2842... (more ethnicities), Val Loss: 882.9995, Val MAE: 14.3110, Val R2: 0.6953
2025-04-24 22:09:13,074 - spatial_moe_trainer - INFO - Epoch 13/100 - Train Loss: 625.5112 (Col: 154.9181, Jump: 528.7865, Decline: 148.4545, PDE: 3096.4379, Reg: 12533.2969), Eth Losses: China: 936.3837, India: 647.0823, Philippines: 885.1052... (more ethnicities), Val Loss: 829.6589, Val MAE: 14.0450, Val R2: 0.7137
2025-04-24 22:09:35,468 - spatial_moe_trainer - INFO - Epoch 14/100 - Train Loss: 610.9660 (Col: 163.7860, Jump: 413.3229, Decline: 155.4162, PDE: 2827.2263, Reg: 17877.1793), Eth Losses: China: 880.3432, India: 629.5132, Philippines: 840.8663... (more ethnicities), Val Loss: 824.8352, Val MAE: 14.0413, Val R2: 0.7154
2025-04-24 22:09:57,743 - spatial_moe_trainer - INFO - Epoch 15/100 - Train Loss: 606.6894 (Col: 152.6854, Jump: 501.5467, Decline: 152.6529, PDE: 2916.3619, Reg: 11530.6910), Eth Losses: China: 955.3983, India: 576.5185, Philippines: 843.0019... (more ethnicities), Val Loss: 842.6388, Val MAE: 13.8659, Val R2: 0.7092
2025-04-24 22:10:20,098 - spatial_moe_trainer - INFO - Epoch 16/100 - Train Loss: 582.6350 (Col: 147.9289, Jump: 370.5169, Decline: 152.5944, PDE: 2851.6226, Reg: 7505.7745), Eth Losses: China: 808.5513, India: 589.7913, Philippines: 862.2671... (more ethnicities), Val Loss: 840.8294, Val MAE: 13.8972, Val R2: 0.7099
2025-04-24 22:10:42,450 - spatial_moe_trainer - INFO - Epoch 17/100 - Train Loss: 569.1769 (Col: 142.5503, Jump: 285.3735, Decline: 152.6601, PDE: 2784.5819, Reg: 10439.5584), Eth Losses: China: 784.0078, India: 573.4407, Philippines: 833.2644... (more ethnicities), Val Loss: 795.9042, Val MAE: 13.8582, Val R2: 0.7254
2025-04-24 22:11:04,955 - spatial_moe_trainer - INFO - Epoch 18/100 - Train Loss: 557.9867 (Col: 142.3923, Jump: 299.4260, Decline: 147.4950, PDE: 2634.8320, Reg: 13763.8005), Eth Losses: China: 858.4840, India: 523.9595, Philippines: 753.6495... (more ethnicities), Val Loss: 822.3348, Val MAE: 13.8958, Val R2: 0.7162
2025-04-24 22:11:27,447 - spatial_moe_trainer - INFO - Epoch 19/100 - Train Loss: 536.2985 (Col: 137.9406, Jump: 269.5120, Decline: 149.2635, PDE: 2556.2885, Reg: 12921.1262), Eth Losses: China: 785.2873, India: 522.3082, Philippines: 751.0464... (more ethnicities), Val Loss: 793.6601, Val MAE: 13.6800, Val R2: 0.7261
2025-04-24 22:11:49,834 - spatial_moe_trainer - INFO - Epoch 20/100 - Train Loss: 512.5489 (Col: 147.3359, Jump: 254.6920, Decline: 153.8710, PDE: 2431.1250, Reg: 7530.0041), Eth Losses: China: 710.0412, India: 489.8891, Philippines: 700.2350... (more ethnicities), Val Loss: 792.3597, Val MAE: 13.7158, Val R2: 0.7266
2025-04-24 22:12:12,186 - spatial_moe_trainer - INFO - Epoch 21/100 - Train Loss: 514.6992 (Col: 138.9520, Jump: 313.7795, Decline: 154.8042, PDE: 2457.6604, Reg: 7882.7496), Eth Losses: China: 690.6095, India: 507.1815, Philippines: 705.7792... (more ethnicities), Val Loss: 824.4064, Val MAE: 13.6313, Val R2: 0.7155
2025-04-24 22:12:34,607 - spatial_moe_trainer - INFO - Epoch 22/100 - Train Loss: 511.5056 (Col: 123.1639, Jump: 253.1642, Decline: 151.3992, PDE: 2557.6032, Reg: 7560.7952), Eth Losses: China: 768.7257, India: 474.5765, Philippines: 677.3204... (more ethnicities), Val Loss: 811.7369, Val MAE: 13.5929, Val R2: 0.7199
2025-04-24 22:12:56,933 - spatial_moe_trainer - INFO - Epoch 23/100 - Train Loss: 483.3362 (Col: 119.1895, Jump: 247.2744, Decline: 157.5980, PDE: 2286.3472, Reg: 10772.8384), Eth Losses: China: 637.6508, India: 490.6655, Philippines: 674.5178... (more ethnicities), Val Loss: 757.4169, Val MAE: 13.3872, Val R2: 0.7386
2025-04-24 22:13:19,516 - spatial_moe_trainer - INFO - Epoch 24/100 - Train Loss: 494.5262 (Col: 116.2169, Jump: 282.9153, Decline: 143.2998, PDE: 2348.7637, Reg: 16394.2160), Eth Losses: China: 748.5129, India: 486.9759, Philippines: 650.5373... (more ethnicities), Val Loss: 800.8357, Val MAE: 13.3911, Val R2: 0.7237
2025-04-24 22:13:42,035 - spatial_moe_trainer - INFO - Epoch 25/100 - Train Loss: 473.7997 (Col: 109.6505, Jump: 327.1788, Decline: 151.5574, PDE: 2317.9783, Reg: 9853.5009), Eth Losses: China: 665.0294, India: 455.1263, Philippines: 674.2853... (more ethnicities), Val Loss: 749.6907, Val MAE: 13.2112, Val R2: 0.7413
2025-04-24 22:14:04,411 - spatial_moe_trainer - INFO - Epoch 26/100 - Train Loss: 463.9159 (Col: 106.1917, Jump: 216.5549, Decline: 137.5795, PDE: 2258.0124, Reg: 10443.1877), Eth Losses: China: 631.1616, India: 486.6620, Philippines: 629.7942... (more ethnicities), Val Loss: 780.2623, Val MAE: 13.2784, Val R2: 0.7308
2025-04-24 22:14:26,800 - spatial_moe_trainer - INFO - Epoch 27/100 - Train Loss: 452.6286 (Col: 115.5917, Jump: 267.7789, Decline: 139.7166, PDE: 2170.3710, Reg: 10217.5570), Eth Losses: China: 637.1621, India: 444.3817, Philippines: 591.1950... (more ethnicities), Val Loss: 738.8360, Val MAE: 13.2246, Val R2: 0.7451
2025-04-24 22:14:49,171 - spatial_moe_trainer - INFO - Epoch 28/100 - Train Loss: 450.9652 (Col: 120.3155, Jump: 211.7308, Decline: 144.0549, PDE: 2150.2470, Reg: 8832.6173), Eth Losses: China: 587.8154, India: 488.3578, Philippines: 603.2418... (more ethnicities), Val Loss: 768.7344, Val MAE: 13.1309, Val R2: 0.7347
2025-04-24 22:15:11,546 - spatial_moe_trainer - INFO - Epoch 29/100 - Train Loss: 437.5267 (Col: 110.8046, Jump: 280.6362, Decline: 137.4874, PDE: 2108.8486, Reg: 9667.6682), Eth Losses: China: 577.2009, India: 447.2400, Philippines: 606.5709... (more ethnicities), Val Loss: 725.7259, Val MAE: 12.9129, Val R2: 0.7496
2025-04-24 22:15:33,864 - spatial_moe_trainer - INFO - Epoch 30/100 - Train Loss: 425.3373 (Col: 100.6613, Jump: 218.6037, Decline: 144.8528, PDE: 2038.6813, Reg: 6968.7721), Eth Losses: China: 569.2744, India: 452.1797, Philippines: 565.8566... (more ethnicities), Val Loss: 730.6916, Val MAE: 12.9352, Val R2: 0.7479
2025-04-24 22:15:56,204 - spatial_moe_trainer - INFO - Epoch 31/100 - Train Loss: 406.6895 (Col: 94.8128, Jump: 198.3614, Decline: 133.9835, PDE: 1977.0530, Reg: 7398.8377), Eth Losses: China: 524.2765, India: 404.0895, Philippines: 556.6965... (more ethnicities), Val Loss: 749.3761, Val MAE: 12.8617, Val R2: 0.7414
2025-04-24 22:16:18,648 - spatial_moe_trainer - INFO - Epoch 32/100 - Train Loss: 394.4738 (Col: 103.0197, Jump: 231.5123, Decline: 137.6273, PDE: 1881.2964, Reg: 6958.0262), Eth Losses: China: 454.4848, India: 403.1811, Philippines: 567.1019... (more ethnicities), Val Loss: 725.3830, Val MAE: 12.8480, Val R2: 0.7497
2025-04-24 22:16:41,108 - spatial_moe_trainer - INFO - Epoch 33/100 - Train Loss: 411.4958 (Col: 101.2323, Jump: 202.8291, Decline: 143.6934, PDE: 1973.7789, Reg: 8209.1611), Eth Losses: China: 571.4859, India: 411.4146, Philippines: 526.4531... (more ethnicities), Val Loss: 773.0761, Val MAE: 12.9177, Val R2: 0.7332
2025-04-24 22:17:03,652 - spatial_moe_trainer - INFO - Epoch 34/100 - Train Loss: 383.3923 (Col: 95.9826, Jump: 187.7365, Decline: 139.2338, PDE: 1840.3311, Reg: 6434.0634), Eth Losses: China: 499.4462, India: 372.5868, Philippines: 534.3533... (more ethnicities), Val Loss: 730.5283, Val MAE: 12.8220, Val R2: 0.7479
2025-04-24 22:17:26,092 - spatial_moe_trainer - INFO - Epoch 35/100 - Train Loss: 383.7817 (Col: 92.2853, Jump: 190.5596, Decline: 143.0459, PDE: 1821.6860, Reg: 6116.3131), Eth Losses: China: 486.8656, India: 397.2789, Philippines: 513.9190... (more ethnicities), Val Loss: 734.3012, Val MAE: 12.8376, Val R2: 0.7466
2025-04-24 22:17:48,794 - spatial_moe_trainer - INFO - Epoch 36/100 - Train Loss: 388.0952 (Col: 108.0261, Jump: 234.3122, Decline: 137.1492, PDE: 1781.6241, Reg: 8319.7972), Eth Losses: China: 536.6343, India: 376.7659, Philippines: 500.8916... (more ethnicities), Val Loss: 718.3727, Val MAE: 12.7058, Val R2: 0.7521
2025-04-24 22:18:11,421 - spatial_moe_trainer - INFO - Epoch 37/100 - Train Loss: 377.7746 (Col: 99.1131, Jump: 199.1679, Decline: 133.7636, PDE: 1776.2329, Reg: 6581.8082), Eth Losses: China: 538.0564, India: 357.9958, Philippines: 479.6554... (more ethnicities), Val Loss: 746.5686, Val MAE: 12.7851, Val R2: 0.7424
2025-04-24 22:18:33,874 - spatial_moe_trainer - INFO - Epoch 38/100 - Train Loss: 387.3360 (Col: 113.7557, Jump: 169.2934, Decline: 135.6854, PDE: 1729.8679, Reg: 9690.3036), Eth Losses: China: 538.1133, India: 345.9514, Philippines: 536.5534... (more ethnicities), Val Loss: 717.6188, Val MAE: 12.6894, Val R2: 0.7524
2025-04-24 22:18:56,454 - spatial_moe_trainer - INFO - Epoch 39/100 - Train Loss: 363.4451 (Col: 97.5617, Jump: 179.8673, Decline: 129.9644, PDE: 1700.3935, Reg: 9399.4816), Eth Losses: China: 510.6878, India: 326.3611, Philippines: 481.8488... (more ethnicities), Val Loss: 719.5556, Val MAE: 12.6271, Val R2: 0.7517
2025-04-24 22:19:19,144 - spatial_moe_trainer - INFO - Epoch 40/100 - Train Loss: 344.4417 (Col: 86.0796, Jump: 185.0623, Decline: 139.0149, PDE: 1609.6595, Reg: 6589.7339), Eth Losses: China: 446.4142, India: 343.4454, Philippines: 450.0535... (more ethnicities), Val Loss: 717.7206, Val MAE: 12.6180, Val R2: 0.7523
2025-04-24 22:19:41,623 - spatial_moe_trainer - INFO - Epoch 41/100 - Train Loss: 343.8543 (Col: 82.1090, Jump: 177.5873, Decline: 140.1159, PDE: 1605.0045, Reg: 6872.0005), Eth Losses: China: 452.2047, India: 320.7445, Philippines: 464.8609... (more ethnicities), Val Loss: 693.6179, Val MAE: 12.5930, Val R2: 0.7607
2025-04-24 22:20:04,155 - spatial_moe_trainer - INFO - Epoch 42/100 - Train Loss: 347.8776 (Col: 82.0973, Jump: 177.8587, Decline: 132.9552, PDE: 1663.5681, Reg: 7942.1550), Eth Losses: China: 440.9338, India: 350.0768, Philippines: 463.6548... (more ethnicities), Val Loss: 680.8844, Val MAE: 12.5188, Val R2: 0.7650
2025-04-24 22:20:26,600 - spatial_moe_trainer - INFO - Epoch 43/100 - Train Loss: 342.8717 (Col: 81.2113, Jump: 167.1097, Decline: 131.9669, PDE: 1643.2180, Reg: 7480.7220), Eth Losses: China: 431.2998, India: 344.1645, Philippines: 447.5412... (more ethnicities), Val Loss: 709.2852, Val MAE: 12.5757, Val R2: 0.7552
2025-04-24 22:20:49,102 - spatial_moe_trainer - INFO - Epoch 44/100 - Train Loss: 330.8081 (Col: 83.9351, Jump: 193.9081, Decline: 128.2601, PDE: 1510.0767, Reg: 7271.8093), Eth Losses: China: 385.5082, India: 340.1509, Philippines: 450.5052... (more ethnicities), Val Loss: 668.1599, Val MAE: 12.4001, Val R2: 0.7694
2025-04-24 22:21:11,819 - spatial_moe_trainer - INFO - Epoch 45/100 - Train Loss: 339.7672 (Col: 80.6936, Jump: 152.4044, Decline: 129.5355, PDE: 1612.7587, Reg: 5951.3141), Eth Losses: China: 418.3617, India: 321.7646, Philippines: 490.9410... (more ethnicities), Val Loss: 690.8729, Val MAE: 12.5375, Val R2: 0.7616
2025-04-24 22:21:34,337 - spatial_moe_trainer - INFO - Epoch 46/100 - Train Loss: 356.5607 (Col: 104.8590, Jump: 178.4590, Decline: 128.9285, PDE: 1549.9672, Reg: 15561.7248), Eth Losses: China: 586.3117, India: 298.2750, Philippines: 433.4324... (more ethnicities), Val Loss: 685.7668, Val MAE: 12.4559, Val R2: 0.7634
2025-04-24 22:21:56,877 - spatial_moe_trainer - INFO - Epoch 47/100 - Train Loss: 321.3269 (Col: 82.5337, Jump: 174.7258, Decline: 124.1346, PDE: 1520.1397, Reg: 6839.1244), Eth Losses: China: 387.0694, India: 326.5233, Philippines: 426.8844... (more ethnicities), Val Loss: 681.0947, Val MAE: 12.4438, Val R2: 0.7650
2025-04-24 22:22:19,489 - spatial_moe_trainer - INFO - Epoch 48/100 - Train Loss: 315.6204 (Col: 82.6279, Jump: 169.2601, Decline: 121.1894, PDE: 1428.0784, Reg: 8187.6005), Eth Losses: China: 420.1508, India: 296.8290, Philippines: 424.5423... (more ethnicities), Val Loss: 681.2231, Val MAE: 12.3519, Val R2: 0.7649
2025-04-24 22:22:41,803 - spatial_moe_trainer - INFO - Epoch 49/100 - Train Loss: 306.7437 (Col: 78.3715, Jump: 180.5676, Decline: 124.9539, PDE: 1427.1576, Reg: 5453.5270), Eth Losses: China: 354.5450, India: 311.2310, Philippines: 409.8708... (more ethnicities), Val Loss: 651.2833, Val MAE: 12.3119, Val R2: 0.7753
2025-04-24 22:23:04,292 - spatial_moe_trainer - INFO - Epoch 50/100 - Train Loss: 302.9755 (Col: 75.3920, Jump: 158.7643, Decline: 121.5022, PDE: 1433.5632, Reg: 5431.9961), Eth Losses: China: 355.0246, India: 313.3450, Philippines: 402.8512... (more ethnicities), Val Loss: 664.1449, Val MAE: 12.2826, Val R2: 0.7708
2025-04-24 22:23:26,587 - spatial_moe_trainer - INFO - Epoch 51/100 - Train Loss: 314.6632 (Col: 82.5639, Jump: 141.1557, Decline: 117.1384, PDE: 1443.3471, Reg: 7752.5969), Eth Losses: China: 426.0778, India: 304.3648, Philippines: 390.2291... (more ethnicities), Val Loss: 680.1890, Val MAE: 12.3221, Val R2: 0.7653
2025-04-24 22:23:49,090 - spatial_moe_trainer - INFO - Epoch 52/100 - Train Loss: 305.9616 (Col: 76.6755, Jump: 161.5233, Decline: 122.5241, PDE: 1402.5480, Reg: 5058.5437), Eth Losses: China: 412.4194, India: 280.8534, Philippines: 410.3181... (more ethnicities), Val Loss: 668.6229, Val MAE: 12.3239, Val R2: 0.7693
2025-04-24 22:24:11,596 - spatial_moe_trainer - INFO - Epoch 53/100 - Train Loss: 313.3136 (Col: 75.0025, Jump: 156.1034, Decline: 120.6562, PDE: 1399.2975, Reg: 14394.2391), Eth Losses: China: 455.9752, India: 287.9750, Philippines: 406.5131... (more ethnicities), Val Loss: 668.8861, Val MAE: 12.3672, Val R2: 0.7692
2025-04-24 22:24:33,825 - spatial_moe_trainer - INFO - Epoch 54/100 - Train Loss: 310.8812 (Col: 76.3623, Jump: 169.8860, Decline: 126.4598, PDE: 1390.8738, Reg: 7868.3597), Eth Losses: China: 415.8111, India: 292.2096, Philippines: 412.3287... (more ethnicities), Val Loss: 658.8194, Val MAE: 12.2135, Val R2: 0.7727
2025-04-24 22:24:56,150 - spatial_moe_trainer - INFO - Epoch 55/100 - Train Loss: 300.3242 (Col: 73.2994, Jump: 155.6581, Decline: 113.3877, PDE: 1378.6577, Reg: 9297.4378), Eth Losses: China: 381.9591, India: 292.7344, Philippines: 396.3686... (more ethnicities), Val Loss: 665.5063, Val MAE: 12.3204, Val R2: 0.7704
2025-04-24 22:25:18,719 - spatial_moe_trainer - INFO - Epoch 56/100 - Train Loss: 288.0901 (Col: 75.1207, Jump: 156.9818, Decline: 120.8259, PDE: 1310.3910, Reg: 6310.5880), Eth Losses: China: 362.6438, India: 292.8565, Philippines: 371.6228... (more ethnicities), Val Loss: 696.8710, Val MAE: 12.3265, Val R2: 0.7595
2025-04-24 22:25:41,247 - spatial_moe_trainer - INFO - Epoch 57/100 - Train Loss: 304.8558 (Col: 76.3011, Jump: 152.7561, Decline: 121.3313, PDE: 1325.0515, Reg: 12696.3774), Eth Losses: China: 420.9303, India: 315.6398, Philippines: 372.3561... (more ethnicities), Val Loss: 669.6472, Val MAE: 12.2442, Val R2: 0.7689
2025-04-24 22:26:03,871 - spatial_moe_trainer - INFO - Epoch 58/100 - Train Loss: 285.2841 (Col: 67.6335, Jump: 146.3236, Decline: 116.4057, PDE: 1325.7131, Reg: 5877.6791), Eth Losses: China: 345.7148, India: 270.4091, Philippines: 389.5895... (more ethnicities), Val Loss: 661.5177, Val MAE: 12.2350, Val R2: 0.7717
2025-04-24 22:26:26,264 - spatial_moe_trainer - INFO - Epoch 59/100 - Train Loss: 283.0282 (Col: 70.8688, Jump: 140.8036, Decline: 119.8735, PDE: 1320.3384, Reg: 4925.8489), Eth Losses: China: 328.3713, India: 277.6775, Philippines: 381.5953... (more ethnicities), Val Loss: 640.2724, Val MAE: 12.1935, Val R2: 0.7791
2025-04-24 22:26:48,900 - spatial_moe_trainer - INFO - Epoch 60/100 - Train Loss: 279.4175 (Col: 73.1164, Jump: 165.1950, Decline: 118.3791, PDE: 1288.3116, Reg: 6229.3357), Eth Losses: China: 349.5940, India: 257.7009, Philippines: 378.0038... (more ethnicities), Val Loss: 653.2736, Val MAE: 12.2148, Val R2: 0.7746
2025-04-24 22:27:11,341 - spatial_moe_trainer - INFO - Epoch 61/100 - Train Loss: 287.7829 (Col: 68.2492, Jump: 158.3953, Decline: 118.3111, PDE: 1326.2633, Reg: 6404.3604), Eth Losses: China: 379.5093, India: 276.9515, Philippines: 375.3496... (more ethnicities), Val Loss: 659.7811, Val MAE: 12.2857, Val R2: 0.7723
2025-04-24 22:27:33,832 - spatial_moe_trainer - INFO - Epoch 62/100 - Train Loss: 278.4634 (Col: 69.2906, Jump: 172.0724, Decline: 111.7860, PDE: 1294.9350, Reg: 5909.1875), Eth Losses: China: 334.6093, India: 274.4185, Philippines: 388.7976... (more ethnicities), Val Loss: 647.5020, Val MAE: 12.1443, Val R2: 0.7766
2025-04-24 22:27:56,392 - spatial_moe_trainer - INFO - Epoch 63/100 - Train Loss: 278.6375 (Col: 69.0551, Jump: 141.1608, Decline: 109.9216, PDE: 1269.5025, Reg: 8173.1288), Eth Losses: China: 348.6212, India: 264.2820, Philippines: 385.8890... (more ethnicities), Val Loss: 656.1038, Val MAE: 12.1507, Val R2: 0.7736
2025-04-24 22:28:19,161 - spatial_moe_trainer - INFO - Epoch 64/100 - Train Loss: 277.4452 (Col: 66.5611, Jump: 156.6847, Decline: 117.3320, PDE: 1293.4314, Reg: 6523.7213), Eth Losses: China: 336.0154, India: 271.3995, Philippines: 386.2102... (more ethnicities), Val Loss: 657.1809, Val MAE: 12.2108, Val R2: 0.7732
2025-04-24 22:28:41,591 - spatial_moe_trainer - INFO - Epoch 65/100 - Train Loss: 268.7542 (Col: 66.0755, Jump: 146.3410, Decline: 115.7936, PDE: 1265.2832, Reg: 4872.9359), Eth Losses: China: 333.4935, India: 253.1912, Philippines: 359.5390... (more ethnicities), Val Loss: 653.6425, Val MAE: 12.1991, Val R2: 0.7744
2025-04-24 22:29:03,995 - spatial_moe_trainer - INFO - Epoch 66/100 - Train Loss: 270.9455 (Col: 65.0446, Jump: 176.8000, Decline: 117.5547, PDE: 1237.9913, Reg: 6685.3637), Eth Losses: China: 357.0507, India: 239.1176, Philippines: 369.6692... (more ethnicities), Val Loss: 664.9617, Val MAE: 12.1877, Val R2: 0.7705
2025-04-24 22:29:26,566 - spatial_moe_trainer - INFO - Epoch 67/100 - Train Loss: 271.8728 (Col: 72.0432, Jump: 139.5912, Decline: 109.4924, PDE: 1226.9855, Reg: 7538.2803), Eth Losses: China: 353.0370, India: 251.6757, Philippines: 352.8881... (more ethnicities), Val Loss: 660.2935, Val MAE: 12.1779, Val R2: 0.7722
2025-04-24 22:29:49,093 - spatial_moe_trainer - INFO - Epoch 68/100 - Train Loss: 274.6248 (Col: 65.0230, Jump: 167.8363, Decline: 117.9819, PDE: 1279.0974, Reg: 5445.8079), Eth Losses: China: 331.5059, India: 244.2449, Philippines: 407.4970... (more ethnicities), Val Loss: 645.5634, Val MAE: 12.1305, Val R2: 0.7772
2025-04-24 22:30:11,705 - spatial_moe_trainer - INFO - Epoch 69/100 - Train Loss: 259.9249 (Col: 61.2709, Jump: 151.6129, Decline: 108.0166, PDE: 1220.8231, Reg: 5160.2417), Eth Losses: China: 308.3844, India: 252.0740, Philippines: 353.3850... (more ethnicities), Val Loss: 641.8654, Val MAE: 12.1112, Val R2: 0.7785
2025-04-24 22:30:11,705 - spatial_moe_trainer - INFO - Early stopping at epoch 69
2025-04-24 22:30:11,727 - spatial_moe_trainer - INFO - Saving metrics to ./optuna_results/trial_5/metrics
2025-04-24 22:30:11,730 - spatial_moe_trainer - INFO - Training metrics saved to ./optuna_results/trial_5/metrics/training_metrics.csv
2025-04-24 22:30:11,734 - spatial_moe_trainer - INFO - Validation metrics saved to ./optuna_results/trial_5/metrics/validation_metrics.csv
2025-04-24 22:30:11,773 - spatial_moe_trainer - INFO - Multi-Ethnic Spatial MoE model saved to ./optuna_results/trial_5/model.pt
2025-04-24 22:30:11,805 - __mp_main__ - INFO - Running trial 6 on device cuda:0
2025-04-24 22:30:11,821 - __main__ - INFO - Trial 5 completed with value: 640.272374
2025-04-24 22:30:11,931 - __mp_main__ - INFO - Using adjusted dimensions - hidden_dims: [93, 39, 18], coord_embed_dim: 9
2025-04-24 22:30:11,976 - spatial_moe_trainer - INFO - Multi-Ethnic Spatial MoE model initialized on cuda:0
2025-04-24 22:30:11,976 - spatial_moe_trainer - INFO - Model will predict 5 ethnicities: ['China', 'India', 'Philippines', 'Portugal', 'Sri Lanka']
2025-04-24 22:30:11,997 - __mp_main__ - INFO - Testing model forward pass before training...
2025-04-24 22:30:12,155 - __mp_main__ - INFO - Test forward pass successful. Output shape: torch.Size([64, 5])
2025-04-24 22:30:12,155 - spatial_moe_trainer - INFO - Starting multi-ethnic spatial MoE model training with learnable expert router...
2025-04-24 22:30:12,155 - spatial_moe_trainer - INFO - Using colonization_weight=6.41003510568888, jump_weight=9.72918866945795, decline_weight=2.636424704863906, pde_weight=3.7381801866358395
2025-04-24 22:30:34,659 - spatial_moe_trainer - INFO - Epoch 1/100 - Train Loss: 1705.7398 (Col: 1124.1767, Jump: 1144.7642, Decline: 209.6584, PDE: 5739.9240, Reg: 34558.6889), Eth Losses: China: 2942.7694, India: 1203.3362, Philippines: 2087.9198... (more ethnicities), Val Loss: 1779.5836, Val MAE: 22.4308, Val R2: 0.3859
2025-04-24 22:30:57,308 - spatial_moe_trainer - INFO - Epoch 2/100 - Train Loss: 1409.4325 (Col: 814.5627, Jump: 1022.2414, Decline: 192.1468, PDE: 5249.9437, Reg: 27123.5171), Eth Losses: China: 2442.5137, India: 1002.7731, Philippines: 1955.7638... (more ethnicities), Val Loss: 1381.9925, Val MAE: 17.9438, Val R2: 0.5231
2025-04-24 22:31:19,904 - spatial_moe_trainer - INFO - Epoch 3/100 - Train Loss: 1220.1509 (Col: 722.7099, Jump: 874.0125, Decline: 179.6122, PDE: 4484.0970, Reg: 15321.7008), Eth Losses: China: 2003.4553, India: 906.8933, Philippines: 1707.5249... (more ethnicities), Val Loss: 1173.3366, Val MAE: 16.7918, Val R2: 0.5951
2025-04-24 22:31:42,404 - spatial_moe_trainer - INFO - Epoch 4/100 - Train Loss: 1097.1397 (Col: 616.6996, Jump: 556.2404, Decline: 167.5314, PDE: 4196.9316, Reg: 12613.1398), Eth Losses: China: 1809.7440, India: 842.1031, Philippines: 1486.5533... (more ethnicities), Val Loss: 1140.7546, Val MAE: 16.4206, Val R2: 0.6064
2025-04-24 22:32:05,007 - spatial_moe_trainer - INFO - Epoch 5/100 - Train Loss: 980.2108 (Col: 486.4287, Jump: 465.4389, Decline: 166.7266, PDE: 4002.8864, Reg: 15660.0676), Eth Losses: China: 1553.0292, India: 786.4326, Philippines: 1456.9527... (more ethnicities), Val Loss: 1052.8483, Val MAE: 15.8281, Val R2: 0.6367
2025-04-24 22:32:27,717 - spatial_moe_trainer - INFO - Epoch 6/100 - Train Loss: 867.8759 (Col: 366.2298, Jump: 424.4452, Decline: 160.7846, PDE: 3780.2753, Reg: 19307.9244), Eth Losses: China: 1388.7060, India: 758.9880, Philippines: 1256.3175... (more ethnicities), Val Loss: 1053.5779, Val MAE: 15.5766, Val R2: 0.6364
2025-04-24 22:32:50,315 - spatial_moe_trainer - INFO - Epoch 7/100 - Train Loss: 798.4813 (Col: 262.8471, Jump: 496.1325, Decline: 158.4517, PDE: 3770.0777, Reg: 13816.6144), Eth Losses: China: 1229.6145, India: 716.3199, Philippines: 1226.5999... (more ethnicities), Val Loss: 1009.6058, Val MAE: 15.0002, Val R2: 0.6516
2025-04-24 22:33:13,107 - spatial_moe_trainer - INFO - Epoch 8/100 - Train Loss: 782.6734 (Col: 248.3235, Jump: 379.4968, Decline: 156.6235, PDE: 3568.9352, Reg: 19835.1672), Eth Losses: China: 1287.0218, India: 701.8890, Philippines: 1125.4377... (more ethnicities), Val Loss: 983.6800, Val MAE: 15.0101, Val R2: 0.6606
2025-04-24 22:33:35,704 - spatial_moe_trainer - INFO - Epoch 9/100 - Train Loss: 705.9266 (Col: 208.2369, Jump: 407.3415, Decline: 151.3246, PDE: 3371.3659, Reg: 11859.9605), Eth Losses: China: 1119.0737, India: 663.3886, Philippines: 1001.8132... (more ethnicities), Val Loss: 926.7501, Val MAE: 14.5711, Val R2: 0.6802
2025-04-24 22:33:58,133 - spatial_moe_trainer - INFO - Epoch 10/100 - Train Loss: 699.3865 (Col: 202.1854, Jump: 354.1336, Decline: 149.5010, PDE: 3431.5214, Reg: 12123.5161), Eth Losses: China: 1033.5958, India: 665.3544, Philippines: 1039.5013... (more ethnicities), Val Loss: 906.3676, Val MAE: 14.3223, Val R2: 0.6872
2025-04-24 22:34:20,719 - spatial_moe_trainer - INFO - Epoch 11/100 - Train Loss: 665.2840 (Col: 186.1947, Jump: 359.2208, Decline: 150.1402, PDE: 3204.6409, Reg: 14054.9117), Eth Losses: China: 961.9078, India: 635.6840, Philippines: 978.7775... (more ethnicities), Val Loss: 896.5129, Val MAE: 14.1317, Val R2: 0.6906
2025-04-24 22:34:43,238 - spatial_moe_trainer - INFO - Epoch 12/100 - Train Loss: 659.6623 (Col: 188.2727, Jump: 551.4543, Decline: 143.6776, PDE: 3234.9836, Reg: 12230.6963), Eth Losses: China: 981.2799, India: 625.4282, Philippines: 936.5810... (more ethnicities), Val Loss: 844.1838, Val MAE: 14.1137, Val R2: 0.7087
2025-04-24 22:35:05,756 - spatial_moe_trainer - INFO - Epoch 13/100 - Train Loss: 640.2881 (Col: 177.6569, Jump: 352.8884, Decline: 128.1157, PDE: 3006.5301, Reg: 20178.4076), Eth Losses: China: 960.7963, India: 591.8446, Philippines: 904.9102... (more ethnicities), Val Loss: 914.6919, Val MAE: 14.1845, Val R2: 0.6844
2025-04-24 22:35:28,369 - spatial_moe_trainer - INFO - Epoch 14/100 - Train Loss: 621.9254 (Col: 167.4253, Jump: 355.8371, Decline: 141.7206, PDE: 2992.3112, Reg: 14982.1453), Eth Losses: China: 945.5902, India: 624.4590, Philippines: 859.5788... (more ethnicities), Val Loss: 841.7904, Val MAE: 13.8945, Val R2: 0.7095
2025-04-24 22:35:51,009 - spatial_moe_trainer - INFO - Epoch 15/100 - Train Loss: 585.7707 (Col: 164.7936, Jump: 423.7820, Decline: 135.3106, PDE: 2792.6848, Reg: 10658.4202), Eth Losses: China: 836.4588, India: 591.9231, Philippines: 801.0371... (more ethnicities), Val Loss: 894.7091, Val MAE: 13.8378, Val R2: 0.6913
2025-04-24 22:36:13,549 - spatial_moe_trainer - INFO - Epoch 16/100 - Train Loss: 586.2880 (Col: 145.1029, Jump: 312.4995, Decline: 135.6596, PDE: 2814.2936, Reg: 14314.0909), Eth Losses: China: 891.4396, India: 583.0769, Philippines: 805.3310... (more ethnicities), Val Loss: 895.8449, Val MAE: 13.7799, Val R2: 0.6909
2025-04-24 22:36:36,196 - spatial_moe_trainer - INFO - Epoch 17/100 - Train Loss: 558.5465 (Col: 140.5488, Jump: 322.5848, Decline: 135.3028, PDE: 2704.5199, Reg: 17577.3758), Eth Losses: China: 840.5075, India: 545.5178, Philippines: 746.7395... (more ethnicities), Val Loss: 837.9790, Val MAE: 13.6550, Val R2: 0.7108
2025-04-24 22:36:58,818 - spatial_moe_trainer - INFO - Epoch 18/100 - Train Loss: 565.6160 (Col: 150.6617, Jump: 309.0787, Decline: 132.4612, PDE: 2524.8982, Reg: 16781.2085), Eth Losses: China: 873.1958, India: 573.5337, Philippines: 742.4235... (more ethnicities), Val Loss: 841.1265, Val MAE: 13.7281, Val R2: 0.7098
2025-04-24 22:37:21,472 - spatial_moe_trainer - INFO - Epoch 19/100 - Train Loss: 525.6046 (Col: 141.3767, Jump: 291.8890, Decline: 138.4050, PDE: 2555.2165, Reg: 10363.8667), Eth Losses: China: 775.1032, India: 514.5314, Philippines: 724.0830... (more ethnicities), Val Loss: 850.0205, Val MAE: 13.6995, Val R2: 0.7067
2025-04-24 22:37:43,996 - spatial_moe_trainer - INFO - Epoch 20/100 - Train Loss: 514.1760 (Col: 124.3322, Jump: 293.0510, Decline: 139.3006, PDE: 2481.1060, Reg: 12590.2489), Eth Losses: China: 733.0964, India: 522.8015, Philippines: 713.0163... (more ethnicities), Val Loss: 905.9762, Val MAE: 13.5695, Val R2: 0.6874
2025-04-24 22:38:06,713 - spatial_moe_trainer - INFO - Epoch 21/100 - Train Loss: 484.7424 (Col: 123.7070, Jump: 240.0906, Decline: 134.3939, PDE: 2298.3360, Reg: 12364.4545), Eth Losses: China: 670.2068, India: 470.0996, Philippines: 676.7112... (more ethnicities), Val Loss: 897.1753, Val MAE: 13.4296, Val R2: 0.6904
2025-04-24 22:38:29,401 - spatial_moe_trainer - INFO - Trial pruned at epoch 22
2025-04-24 22:38:29,409 - spatial_moe_trainer - INFO - Saving metrics to ./optuna_results/trial_6/metrics
2025-04-24 22:38:29,412 - spatial_moe_trainer - INFO - Training metrics saved to ./optuna_results/trial_6/metrics/training_metrics.csv
2025-04-24 22:38:29,414 - spatial_moe_trainer - INFO - Validation metrics saved to ./optuna_results/trial_6/metrics/validation_metrics.csv
2025-04-24 22:38:29,452 - spatial_moe_trainer - INFO - Multi-Ethnic Spatial MoE model saved to ./optuna_results/trial_6/model.pt
2025-04-24 22:38:29,483 - __mp_main__ - INFO - Running trial 7 on device cuda:0
2025-04-24 22:38:29,498 - __main__ - INFO - Trial 6 completed with value: 837.978963
2025-04-24 22:38:29,606 - __mp_main__ - INFO - Using adjusted dimensions - hidden_dims: [93, 39, 18], coord_embed_dim: 9
2025-04-24 22:38:29,657 - spatial_moe_trainer - INFO - Multi-Ethnic Spatial MoE model initialized on cuda:0
2025-04-24 22:38:29,657 - spatial_moe_trainer - INFO - Model will predict 5 ethnicities: ['China', 'India', 'Philippines', 'Portugal', 'Sri Lanka']
2025-04-24 22:38:29,677 - __mp_main__ - INFO - Testing model forward pass before training...
2025-04-24 22:38:29,837 - __mp_main__ - INFO - Test forward pass successful. Output shape: torch.Size([64, 5])
2025-04-24 22:38:29,837 - spatial_moe_trainer - INFO - Starting multi-ethnic spatial MoE model training with learnable expert router...
2025-04-24 22:38:29,837 - spatial_moe_trainer - INFO - Using colonization_weight=6.41003510568888, jump_weight=9.72918866945795, decline_weight=2.636424704863906, pde_weight=3.7381801866358395
2025-04-24 22:38:52,446 - spatial_moe_trainer - INFO - Epoch 1/100 - Train Loss: 1795.0417 (Col: 1132.2603, Jump: 1120.8513, Decline: 215.3131, PDE: 6258.6908, Reg: 25916.1586), Eth Losses: China: 2982.1460, India: 1329.7970, Philippines: 2398.4173... (more ethnicities), Val Loss: 1906.4376, Val MAE: 22.9434, Val R2: 0.3421
2025-04-24 22:39:14,928 - spatial_moe_trainer - INFO - Epoch 2/100 - Train Loss: 1463.8771 (Col: 812.5335, Jump: 933.3224, Decline: 201.0469, PDE: 5546.5905, Reg: 22884.6890), Eth Losses: China: 2459.1078, India: 1004.3184, Philippines: 2163.4961... (more ethnicities), Val Loss: 1489.9978, Val MAE: 18.1898, Val R2: 0.4858
2025-04-24 22:39:37,307 - spatial_moe_trainer - INFO - Epoch 3/100 - Train Loss: 1293.4113 (Col: 669.2473, Jump: 849.8396, Decline: 191.8230, PDE: 5210.3939, Reg: 16618.0234), Eth Losses: China: 2031.5395, India: 851.6557, Philippines: 2063.8002... (more ethnicities), Val Loss: 1262.2405, Val MAE: 17.0396, Val R2: 0.5644
2025-04-24 22:39:59,714 - spatial_moe_trainer - INFO - Epoch 4/100 - Train Loss: 1150.1773 (Col: 561.2843, Jump: 648.2386, Decline: 174.6094, PDE: 4573.7849, Reg: 17124.6366), Eth Losses: China: 1695.6821, India: 799.9139, Philippines: 1872.4848... (more ethnicities), Val Loss: 1167.6851, Val MAE: 16.3005, Val R2: 0.5971
2025-04-24 22:40:22,141 - spatial_moe_trainer - INFO - Epoch 5/100 - Train Loss: 1027.9468 (Col: 466.8390, Jump: 535.0149, Decline: 164.8226, PDE: 4217.9830, Reg: 16501.5041), Eth Losses: China: 1480.4788, India: 720.5285, Philippines: 1700.5593... (more ethnicities), Val Loss: 1123.8845, Val MAE: 15.7486, Val R2: 0.6122
2025-04-24 22:40:44,592 - spatial_moe_trainer - INFO - Epoch 6/100 - Train Loss: 899.9900 (Col: 357.7649, Jump: 504.8010, Decline: 160.8938, PDE: 3963.0014, Reg: 15678.5065), Eth Losses: China: 1271.4846, India: 685.3974, Philippines: 1553.2860... (more ethnicities), Val Loss: 1062.6780, Val MAE: 15.3730, Val R2: 0.6333
2025-04-24 22:41:07,397 - spatial_moe_trainer - INFO - Epoch 7/100 - Train Loss: 814.9957 (Col: 270.7491, Jump: 465.4321, Decline: 160.4610, PDE: 3785.5503, Reg: 11350.7392), Eth Losses: China: 1178.4331, India: 664.5199, Philippines: 1417.6848... (more ethnicities), Val Loss: 1070.2124, Val MAE: 15.0708, Val R2: 0.6307
2025-04-24 22:41:29,953 - spatial_moe_trainer - INFO - Epoch 8/100 - Train Loss: 781.2993 (Col: 238.1133, Jump: 543.4064, Decline: 152.4907, PDE: 3774.7225, Reg: 10026.0253), Eth Losses: China: 1081.7388, India: 641.9182, Philippines: 1413.9417... (more ethnicities), Val Loss: 1012.7839, Val MAE: 14.9382, Val R2: 0.6505
2025-04-24 22:41:52,494 - spatial_moe_trainer - INFO - Epoch 9/100 - Train Loss: 726.3236 (Col: 213.0681, Jump: 558.5387, Decline: 147.3078, PDE: 3428.1069, Reg: 15782.6121), Eth Losses: China: 1093.8267, India: 617.0734, Philippines: 1188.9421... (more ethnicities), Val Loss: 1030.2928, Val MAE: 14.7306, Val R2: 0.6445
2025-04-24 22:42:15,032 - spatial_moe_trainer - INFO - Epoch 10/100 - Train Loss: 729.0179 (Col: 187.9513, Jump: 461.6736, Decline: 149.6771, PDE: 3551.4089, Reg: 19940.2273), Eth Losses: China: 1063.4494, India: 608.8383, Philippines: 1223.2030... (more ethnicities), Val Loss: 1000.4775, Val MAE: 14.5758, Val R2: 0.6548
2025-04-24 22:42:37,514 - spatial_moe_trainer - INFO - Trial pruned at epoch 11
2025-04-24 22:42:37,522 - spatial_moe_trainer - INFO - Saving metrics to ./optuna_results/trial_7/metrics
2025-04-24 22:42:37,524 - spatial_moe_trainer - INFO - Training metrics saved to ./optuna_results/trial_7/metrics/training_metrics.csv
2025-04-24 22:42:37,525 - spatial_moe_trainer - INFO - Validation metrics saved to ./optuna_results/trial_7/metrics/validation_metrics.csv
2025-04-24 22:42:37,564 - spatial_moe_trainer - INFO - Multi-Ethnic Spatial MoE model saved to ./optuna_results/trial_7/model.pt
2025-04-24 22:42:37,596 - __mp_main__ - INFO - Running trial 8 on device cuda:0
2025-04-24 22:42:37,724 - __mp_main__ - INFO - Using adjusted dimensions - hidden_dims: [93, 39, 18], coord_embed_dim: 9
2025-04-24 22:42:37,733 - __main__ - INFO - Trial 7 completed with value: 972.566213
2025-04-24 22:42:37,770 - spatial_moe_trainer - INFO - Multi-Ethnic Spatial MoE model initialized on cuda:0
2025-04-24 22:42:37,770 - spatial_moe_trainer - INFO - Model will predict 5 ethnicities: ['China', 'India', 'Philippines', 'Portugal', 'Sri Lanka']
2025-04-24 22:42:37,790 - __mp_main__ - INFO - Testing model forward pass before training...
2025-04-24 22:42:37,949 - __mp_main__ - INFO - Test forward pass successful. Output shape: torch.Size([64, 5])
2025-04-24 22:42:37,949 - spatial_moe_trainer - INFO - Starting multi-ethnic spatial MoE model training with learnable expert router...
2025-04-24 22:42:37,950 - spatial_moe_trainer - INFO - Using colonization_weight=6.41003510568888, jump_weight=9.72918866945795, decline_weight=2.636424704863906, pde_weight=3.7381801866358395
2025-04-24 22:43:00,413 - spatial_moe_trainer - INFO - Epoch 1/100 - Train Loss: 1783.0798 (Col: 1152.7097, Jump: 997.2177, Decline: 204.0746, PDE: 6251.7829, Reg: 22650.1632), Eth Losses: China: 3164.5664, India: 1252.9756, Philippines: 2359.1667... (more ethnicities), Val Loss: 1838.8603, Val MAE: 22.8267, Val R2: 0.3655
2025-04-24 22:43:23,009 - spatial_moe_trainer - INFO - Epoch 2/100 - Train Loss: 1460.4560 (Col: 858.0706, Jump: 870.5051, Decline: 198.0315, PDE: 5535.2667, Reg: 17557.2569), Eth Losses: China: 2546.5716, India: 950.3545, Philippines: 2199.2089... (more ethnicities), Val Loss: 1416.2036, Val MAE: 17.8948, Val R2: 0.5113
2025-04-24 22:43:45,581 - spatial_moe_trainer - INFO - Epoch 3/100 - Train Loss: 1260.0368 (Col: 722.9948, Jump: 924.1023, Decline: 180.0778, PDE: 4901.8929, Reg: 10465.3614), Eth Losses: China: 1976.6184, India: 912.4776, Philippines: 1953.4875... (more ethnicities), Val Loss: 1196.1420, Val MAE: 16.9595, Val R2: 0.5872
2025-04-24 22:44:08,078 - spatial_moe_trainer - INFO - Epoch 4/100 - Train Loss: 1144.2717 (Col: 602.9336, Jump: 906.8902, Decline: 173.7589, PDE: 4481.3612, Reg: 16805.7897), Eth Losses: China: 1801.6039, India: 880.3208, Philippines: 1690.0636... (more ethnicities), Val Loss: 1144.8805, Val MAE: 16.1243, Val R2: 0.6049
2025-04-24 22:44:30,617 - spatial_moe_trainer - INFO - Epoch 5/100 - Train Loss: 1015.5731 (Col: 493.1432, Jump: 807.6184, Decline: 166.5350, PDE: 4151.9546, Reg: 13507.3953), Eth Losses: China: 1552.9394, India: 830.2596, Philippines: 1471.7868... (more ethnicities), Val Loss: 1089.7448, Val MAE: 16.0248, Val R2: 0.6240
2025-04-24 22:44:53,211 - spatial_moe_trainer - INFO - Epoch 6/100 - Train Loss: 937.7602 (Col: 389.2831, Jump: 738.1373, Decline: 160.0785, PDE: 3982.4891, Reg: 17620.8629), Eth Losses: China: 1463.3518, India: 824.8380, Philippines: 1370.9504... (more ethnicities), Val Loss: 1032.4503, Val MAE: 15.5267, Val R2: 0.6437
2025-04-24 22:45:15,833 - spatial_moe_trainer - INFO - Epoch 7/100 - Train Loss: 848.6819 (Col: 306.4852, Jump: 741.1497, Decline: 154.8310, PDE: 3825.0886, Reg: 15488.2786), Eth Losses: China: 1286.9378, India: 794.2996, Philippines: 1285.8266... (more ethnicities), Val Loss: 982.7099, Val MAE: 15.2160, Val R2: 0.6609
2025-04-24 22:45:38,334 - spatial_moe_trainer - INFO - Epoch 8/100 - Train Loss: 808.8524 (Col: 240.9405, Jump: 488.6610, Decline: 152.7278, PDE: 3748.8666, Reg: 22620.5588), Eth Losses: China: 1242.6548, India: 822.0401, Philippines: 1159.0828... (more ethnicities), Val Loss: 1013.1078, Val MAE: 15.0527, Val R2: 0.6504
2025-04-24 22:46:00,792 - spatial_moe_trainer - INFO - Epoch 9/100 - Train Loss: 760.0531 (Col: 220.6445, Jump: 529.2082, Decline: 148.2570, PDE: 3725.8374, Reg: 10479.6478), Eth Losses: China: 1134.8344, India: 791.6433, Philippines: 1099.9138... (more ethnicities), Val Loss: 947.5829, Val MAE: 14.5325, Val R2: 0.6730
2025-04-24 22:46:23,510 - spatial_moe_trainer - INFO - Epoch 10/100 - Train Loss: 740.1719 (Col: 193.9068, Jump: 644.8637, Decline: 147.6945, PDE: 3598.8509, Reg: 17297.4222), Eth Losses: China: 1205.7125, India: 750.0057, Philippines: 1002.4715... (more ethnicities), Val Loss: 968.7327, Val MAE: 14.4771, Val R2: 0.6657
2025-04-24 22:46:46,049 - spatial_moe_trainer - INFO - Epoch 11/100 - Train Loss: 702.0977 (Col: 178.0386, Jump: 615.2661, Decline: 156.5527, PDE: 3487.1996, Reg: 12529.8959), Eth Losses: China: 1063.4943, India: 736.1091, Philippines: 1003.6892... (more ethnicities), Val Loss: 904.5428, Val MAE: 14.3495, Val R2: 0.6879
2025-04-24 22:47:08,531 - spatial_moe_trainer - INFO - Epoch 12/100 - Train Loss: 686.1196 (Col: 175.0109, Jump: 592.8908, Decline: 144.1679, PDE: 3374.6114, Reg: 11212.3549), Eth Losses: China: 1022.4163, India: 742.0360, Philippines: 960.7325... (more ethnicities), Val Loss: 889.7517, Val MAE: 14.3095, Val R2: 0.6930
2025-04-24 22:47:31,119 - spatial_moe_trainer - INFO - Epoch 13/100 - Train Loss: 664.6847 (Col: 168.2606, Jump: 507.7447, Decline: 150.8875, PDE: 3266.6998, Reg: 14001.8237), Eth Losses: China: 1009.8580, India: 731.4521, Philippines: 875.9618... (more ethnicities), Val Loss: 879.7196, Val MAE: 14.5072, Val R2: 0.6964
2025-04-24 22:47:53,652 - spatial_moe_trainer - INFO - Epoch 14/100 - Train Loss: 637.2166 (Col: 160.8308, Jump: 519.0421, Decline: 140.5657, PDE: 3094.6634, Reg: 11507.0473), Eth Losses: China: 971.9959, India: 688.5270, Philippines: 828.3001... (more ethnicities), Val Loss: 875.2851, Val MAE: 14.0692, Val R2: 0.6980
2025-04-24 22:48:16,134 - spatial_moe_trainer - INFO - Epoch 15/100 - Train Loss: 625.3700 (Col: 156.1487, Jump: 333.0761, Decline: 143.3269, PDE: 3040.0566, Reg: 16531.0762), Eth Losses: China: 971.0865, India: 642.2959, Philippines: 804.9831... (more ethnicities), Val Loss: 863.3611, Val MAE: 14.1031, Val R2: 0.7021
2025-04-24 22:48:38,699 - spatial_moe_trainer - INFO - Epoch 16/100 - Train Loss: 572.3453 (Col: 139.9475, Jump: 361.4859, Decline: 138.3008, PDE: 2843.9401, Reg: 9606.8796), Eth Losses: China: 752.9918, India: 632.4737, Philippines: 802.7435... (more ethnicities), Val Loss: 808.5548, Val MAE: 13.8120, Val R2: 0.7210
2025-04-24 22:49:01,257 - spatial_moe_trainer - INFO - Epoch 17/100 - Train Loss: 569.8152 (Col: 137.6575, Jump: 319.1773, Decline: 137.8958, PDE: 2674.5182, Reg: 17192.8116), Eth Losses: China: 850.9164, India: 604.2012, Philippines: 712.2613... (more ethnicities), Val Loss: 835.3542, Val MAE: 13.5792, Val R2: 0.7117
2025-04-24 22:49:23,909 - spatial_moe_trainer - INFO - Epoch 18/100 - Train Loss: 556.6537 (Col: 157.3716, Jump: 269.2479, Decline: 140.8669, PDE: 2625.2787, Reg: 9639.7476), Eth Losses: China: 787.7179, India: 581.6925, Philippines: 739.9219... (more ethnicities), Val Loss: 838.1041, Val MAE: 13.6066, Val R2: 0.7108
2025-04-24 22:49:46,531 - spatial_moe_trainer - INFO - Epoch 19/100 - Train Loss: 526.7073 (Col: 134.3604, Jump: 300.3584, Decline: 140.3215, PDE: 2521.3000, Reg: 10709.8254), Eth Losses: China: 686.7080, India: 579.6813, Philippines: 698.3631... (more ethnicities), Val Loss: 810.2944, Val MAE: 13.5005, Val R2: 0.7204
2025-04-24 22:50:09,080 - spatial_moe_trainer - INFO - Epoch 20/100 - Train Loss: 510.3150 (Col: 125.3027, Jump: 280.3314, Decline: 139.8476, PDE: 2502.2651, Reg: 9339.2181), Eth Losses: China: 675.1228, India: 521.6809, Philippines: 702.8982... (more ethnicities), Val Loss: 787.9260, Val MAE: 13.4189, Val R2: 0.7281
2025-04-24 22:50:31,683 - spatial_moe_trainer - INFO - Epoch 21/100 - Train Loss: 507.0628 (Col: 116.3739, Jump: 232.5114, Decline: 134.0053, PDE: 2379.8545, Reg: 14382.6669), Eth Losses: China: 763.0379, India: 501.5796, Philippines: 642.1300... (more ethnicities), Val Loss: 829.0146, Val MAE: 13.4433, Val R2: 0.7139
2025-04-24 22:50:54,183 - spatial_moe_trainer - INFO - Epoch 22/100 - Train Loss: 503.3842 (Col: 118.9757, Jump: 300.0618, Decline: 132.1280, PDE: 2389.6793, Reg: 17447.2767), Eth Losses: China: 741.0509, India: 504.0320, Philippines: 628.8521... (more ethnicities), Val Loss: 747.9950, Val MAE: 13.1919, Val R2: 0.7419
2025-04-24 22:51:16,676 - spatial_moe_trainer - INFO - Epoch 23/100 - Train Loss: 471.6656 (Col: 113.4255, Jump: 259.4770, Decline: 142.4439, PDE: 2325.1821, Reg: 8899.5057), Eth Losses: China: 625.0139, India: 468.2907, Philippines: 600.9309... (more ethnicities), Val Loss: 761.8130, Val MAE: 13.2442, Val R2: 0.7371
2025-04-24 22:51:39,384 - spatial_moe_trainer - INFO - Epoch 24/100 - Train Loss: 452.0859 (Col: 116.0840, Jump: 245.9936, Decline: 135.7539, PDE: 2194.3533, Reg: 7369.9018), Eth Losses: China: 609.0761, India: 455.5964, Philippines: 577.3509... (more ethnicities), Val Loss: 755.4615, Val MAE: 13.1256, Val R2: 0.7393
2025-04-24 22:52:01,807 - spatial_moe_trainer - INFO - Epoch 25/100 - Train Loss: 444.6271 (Col: 114.7353, Jump: 259.4238, Decline: 135.1423, PDE: 2105.8159, Reg: 10188.9099), Eth Losses: China: 579.5115, India: 468.5355, Philippines: 577.3737... (more ethnicities), Val Loss: 780.5822, Val MAE: 13.0728, Val R2: 0.7306
2025-04-24 22:52:24,331 - spatial_moe_trainer - INFO - Epoch 26/100 - Train Loss: 440.1015 (Col: 114.1289, Jump: 245.5260, Decline: 137.4578, PDE: 2114.4597, Reg: 9858.2078), Eth Losses: China: 571.2138, India: 442.2346, Philippines: 556.5420... (more ethnicities), Val Loss: 732.7252, Val MAE: 12.9109, Val R2: 0.7472
2025-04-24 22:52:46,813 - spatial_moe_trainer - INFO - Epoch 27/100 - Train Loss: 435.4129 (Col: 105.5239, Jump: 271.2158, Decline: 128.7651, PDE: 2061.4322, Reg: 12919.5276), Eth Losses: China: 554.1146, India: 465.8114, Philippines: 556.7887... (more ethnicities), Val Loss: 725.6390, Val MAE: 12.9123, Val R2: 0.7496
2025-04-24 22:53:09,401 - spatial_moe_trainer - INFO - Epoch 28/100 - Train Loss: 420.9788 (Col: 94.0548, Jump: 207.4426, Decline: 134.7686, PDE: 1968.0446, Reg: 10949.6909), Eth Losses: China: 538.8251, India: 477.9866, Philippines: 509.6918... (more ethnicities), Val Loss: 750.3756, Val MAE: 12.8740, Val R2: 0.7411
2025-04-24 22:53:31,895 - spatial_moe_trainer - INFO - Epoch 29/100 - Train Loss: 412.2710 (Col: 107.8422, Jump: 226.6221, Decline: 135.6393, PDE: 1986.3243, Reg: 6613.1612), Eth Losses: China: 520.1203, India: 436.7541, Philippines: 530.6821... (more ethnicities), Val Loss: 774.5155, Val MAE: 12.8016, Val R2: 0.7327
2025-04-24 22:53:54,482 - spatial_moe_trainer - INFO - Epoch 30/100 - Train Loss: 403.2230 (Col: 98.2038, Jump: 228.3956, Decline: 130.2395, PDE: 1900.0681, Reg: 9823.7074), Eth Losses: China: 515.6721, India: 438.5072, Philippines: 513.1424... (more ethnicities), Val Loss: 731.4721, Val MAE: 12.6881, Val R2: 0.7476
2025-04-24 22:54:17,110 - spatial_moe_trainer - INFO - Epoch 31/100 - Train Loss: 414.4613 (Col: 101.5120, Jump: 177.7801, Decline: 136.6379, PDE: 1911.0012, Reg: 11820.5018), Eth Losses: China: 589.5111, India: 412.3139, Philippines: 499.8502... (more ethnicities), Val Loss: 716.2077, Val MAE: 12.8130, Val R2: 0.7529
2025-04-24 22:54:39,634 - spatial_moe_trainer - INFO - Epoch 32/100 - Train Loss: 395.2129 (Col: 95.6222, Jump: 189.2461, Decline: 128.1337, PDE: 1882.3081, Reg: 11052.8993), Eth Losses: China: 559.6818, India: 380.8843, Philippines: 476.5973... (more ethnicities), Val Loss: 723.5743, Val MAE: 12.7663, Val R2: 0.7503
2025-04-24 22:55:02,251 - spatial_moe_trainer - INFO - Epoch 33/100 - Train Loss: 384.2584 (Col: 103.7691, Jump: 168.9220, Decline: 139.6417, PDE: 1777.8861, Reg: 8220.5321), Eth Losses: China: 492.2202, India: 362.4806, Philippines: 508.4131... (more ethnicities), Val Loss: 706.9857, Val MAE: 12.4677, Val R2: 0.7560
2025-04-24 22:55:24,776 - spatial_moe_trainer - INFO - Epoch 34/100 - Train Loss: 404.6562 (Col: 97.5455, Jump: 285.7118, Decline: 134.8512, PDE: 1851.8853, Reg: 11989.6281), Eth Losses: China: 589.2107, India: 388.7817, Philippines: 496.5639... (more ethnicities), Val Loss: 684.0321, Val MAE: 12.3821, Val R2: 0.7640
2025-04-24 22:55:47,317 - spatial_moe_trainer - INFO - Epoch 35/100 - Train Loss: 387.2129 (Col: 95.7669, Jump: 195.6991, Decline: 130.1789, PDE: 1777.0303, Reg: 12070.0488), Eth Losses: China: 536.3945, India: 396.5421, Philippines: 465.3990... (more ethnicities), Val Loss: 689.2080, Val MAE: 12.4766, Val R2: 0.7622
2025-04-24 22:56:09,939 - spatial_moe_trainer - INFO - Epoch 36/100 - Train Loss: 366.8685 (Col: 92.2473, Jump: 233.3254, Decline: 130.0265, PDE: 1714.7245, Reg: 7320.1404), Eth Losses: China: 471.9273, India: 375.4325, Philippines: 462.4024... (more ethnicities), Val Loss: 639.3197, Val MAE: 12.3487, Val R2: 0.7794
2025-04-24 22:56:32,432 - spatial_moe_trainer - INFO - Epoch 37/100 - Train Loss: 376.7113 (Col: 98.3828, Jump: 171.0607, Decline: 132.0528, PDE: 1774.0075, Reg: 7846.6311), Eth Losses: China: 547.6718, India: 355.2778, Philippines: 462.0815... (more ethnicities), Val Loss: 717.3453, Val MAE: 12.5199, Val R2: 0.7525
2025-04-24 22:56:54,950 - spatial_moe_trainer - INFO - Epoch 38/100 - Train Loss: 368.3994 (Col: 92.8139, Jump: 224.3682, Decline: 134.4136, PDE: 1748.9099, Reg: 7289.6110), Eth Losses: China: 518.4250, India: 337.2439, Philippines: 469.7921... (more ethnicities), Val Loss: 680.0075, Val MAE: 12.3104, Val R2: 0.7654
2025-04-24 22:57:17,611 - spatial_moe_trainer - INFO - Epoch 39/100 - Train Loss: 362.9483 (Col: 87.9801, Jump: 195.1908, Decline: 125.2903, PDE: 1686.1133, Reg: 8262.3778), Eth Losses: China: 478.3051, India: 378.4997, Philippines: 452.6624... (more ethnicities), Val Loss: 663.4243, Val MAE: 12.2044, Val R2: 0.7711
2025-04-24 22:57:40,188 - spatial_moe_trainer - INFO - Epoch 40/100 - Train Loss: 348.1847 (Col: 88.6294, Jump: 185.9857, Decline: 122.9226, PDE: 1641.4875, Reg: 6802.9253), Eth Losses: China: 420.9306, India: 366.4509, Philippines: 452.4146... (more ethnicities), Val Loss: 673.0430, Val MAE: 12.2505, Val R2: 0.7678
2025-04-24 22:58:02,726 - spatial_moe_trainer - INFO - Epoch 41/100 - Train Loss: 341.4404 (Col: 94.7323, Jump: 192.0891, Decline: 126.0770, PDE: 1579.3032, Reg: 6593.7443), Eth Losses: China: 447.7799, India: 341.4473, Philippines: 422.2118... (more ethnicities), Val Loss: 692.8755, Val MAE: 12.3147, Val R2: 0.7609
2025-04-24 22:58:25,382 - spatial_moe_trainer - INFO - Epoch 42/100 - Train Loss: 360.4595 (Col: 80.5259, Jump: 223.6860, Decline: 126.6066, PDE: 1633.0727, Reg: 12891.1242), Eth Losses: China: 505.5824, India: 379.2131, Philippines: 428.8262... (more ethnicities), Val Loss: 669.2461, Val MAE: 12.2770, Val R2: 0.7691
2025-04-24 22:58:47,857 - spatial_moe_trainer - INFO - Epoch 43/100 - Train Loss: 329.6966 (Col: 77.2212, Jump: 199.9687, Decline: 120.9067, PDE: 1542.6432, Reg: 8236.9586), Eth Losses: China: 400.4036, India: 343.5154, Philippines: 424.4077... (more ethnicities), Val Loss: 670.3962, Val MAE: 12.2358, Val R2: 0.7687
2025-04-24 22:59:10,467 - spatial_moe_trainer - INFO - Epoch 44/100 - Train Loss: 333.4077 (Col: 79.6883, Jump: 211.1247, Decline: 127.6643, PDE: 1586.7974, Reg: 6511.3514), Eth Losses: China: 449.1058, India: 348.7419, Philippines: 417.7141... (more ethnicities), Val Loss: 675.6339, Val MAE: 12.2842, Val R2: 0.7669
2025-04-24 22:59:33,075 - spatial_moe_trainer - INFO - Epoch 45/100 - Train Loss: 328.9169 (Col: 80.5539, Jump: 177.5170, Decline: 122.9168, PDE: 1573.3512, Reg: 5620.9494), Eth Losses: China: 379.6650, India: 347.7096, Philippines: 438.9320... (more ethnicities), Val Loss: 677.8469, Val MAE: 12.1598, Val R2: 0.7661
2025-04-24 22:59:55,693 - spatial_moe_trainer - INFO - Epoch 46/100 - Train Loss: 330.2347 (Col: 79.2507, Jump: 218.7352, Decline: 127.5499, PDE: 1567.3610, Reg: 6397.0333), Eth Losses: China: 414.2921, India: 331.2593, Philippines: 428.1130... (more ethnicities), Val Loss: 690.4922, Val MAE: 12.1883, Val R2: 0.7617
2025-04-24 22:59:55,693 - spatial_moe_trainer - INFO - Early stopping at epoch 46
2025-04-24 22:59:55,709 - spatial_moe_trainer - INFO - Saving metrics to ./optuna_results/trial_8/metrics
2025-04-24 22:59:55,712 - spatial_moe_trainer - INFO - Training metrics saved to ./optuna_results/trial_8/metrics/training_metrics.csv
2025-04-24 22:59:55,715 - spatial_moe_trainer - INFO - Validation metrics saved to ./optuna_results/trial_8/metrics/validation_metrics.csv
2025-04-24 22:59:55,754 - spatial_moe_trainer - INFO - Multi-Ethnic Spatial MoE model saved to ./optuna_results/trial_8/model.pt
2025-04-24 22:59:55,786 - __mp_main__ - INFO - Running trial 9 on device cuda:0
2025-04-24 22:59:55,801 - __main__ - INFO - Trial 8 completed with value: 639.319676
2025-04-24 22:59:55,907 - __mp_main__ - INFO - Using adjusted dimensions - hidden_dims: [93, 39, 18], coord_embed_dim: 9
2025-04-24 22:59:55,953 - spatial_moe_trainer - INFO - Multi-Ethnic Spatial MoE model initialized on cuda:0
2025-04-24 22:59:55,953 - spatial_moe_trainer - INFO - Model will predict 5 ethnicities: ['China', 'India', 'Philippines', 'Portugal', 'Sri Lanka']
2025-04-24 22:59:55,973 - __mp_main__ - INFO - Testing model forward pass before training...
2025-04-24 22:59:56,133 - __mp_main__ - INFO - Test forward pass successful. Output shape: torch.Size([64, 5])
2025-04-24 22:59:56,133 - spatial_moe_trainer - INFO - Starting multi-ethnic spatial MoE model training with learnable expert router...
2025-04-24 22:59:56,133 - spatial_moe_trainer - INFO - Using colonization_weight=6.41003510568888, jump_weight=9.72918866945795, decline_weight=2.636424704863906, pde_weight=3.7381801866358395
2025-04-24 23:00:18,518 - spatial_moe_trainer - INFO - Epoch 1/100 - Train Loss: 1665.3076 (Col: 1213.2122, Jump: 1159.0106, Decline: 198.2851, PDE: 5210.0794, Reg: 23645.5989), Eth Losses: China: 2409.4026, India: 1145.7249, Philippines: 2230.9367... (more ethnicities), Val Loss: 1637.3871, Val MAE: 22.8812, Val R2: 0.4350
2025-04-24 23:00:41,121 - spatial_moe_trainer - INFO - Epoch 2/100 - Train Loss: 1392.0481 (Col: 819.5402, Jump: 990.8765, Decline: 189.5932, PDE: 4978.0066, Reg: 26517.5831), Eth Losses: China: 2160.5175, India: 983.5138, Philippines: 2123.8157... (more ethnicities), Val Loss: 1285.1164, Val MAE: 17.4765, Val R2: 0.5565
2025-04-24 23:01:03,686 - spatial_moe_trainer - INFO - Epoch 3/100 - Train Loss: 1224.9345 (Col: 690.3804, Jump: 954.7337, Decline: 175.1875, PDE: 4647.0592, Reg: 18513.9703), Eth Losses: China: 1828.3177, India: 910.1035, Philippines: 1932.6548... (more ethnicities), Val Loss: 1112.4156, Val MAE: 16.6624, Val R2: 0.6161
2025-04-24 23:01:26,206 - spatial_moe_trainer - INFO - Epoch 4/100 - Train Loss: 1063.6909 (Col: 573.2739, Jump: 726.6097, Decline: 166.4343, PDE: 4132.1003, Reg: 15674.7045), Eth Losses: China: 1644.9570, India: 799.7278, Philippines: 1586.3033... (more ethnicities), Val Loss: 1069.3154, Val MAE: 16.0559, Val R2: 0.6310
2025-04-24 23:01:48,830 - spatial_moe_trainer - INFO - Epoch 5/100 - Train Loss: 973.6698 (Col: 419.8279, Jump: 745.3818, Decline: 164.5744, PDE: 4200.7662, Reg: 18042.9907), Eth Losses: China: 1393.9041, India: 799.5659, Philippines: 1581.9563... (more ethnicities), Val Loss: 1059.1752, Val MAE: 15.6438, Val R2: 0.6345
2025-04-24 23:02:11,353 - spatial_moe_trainer - INFO - Epoch 6/100 - Train Loss: 879.7225 (Col: 323.0884, Jump: 543.5715, Decline: 159.8487, PDE: 3865.1879, Reg: 24996.2556), Eth Losses: China: 1320.6919, India: 736.3813, Philippines: 1409.8242... (more ethnicities), Val Loss: 1023.9888, Val MAE: 15.2228, Val R2: 0.6467
2025-04-24 23:02:33,808 - spatial_moe_trainer - INFO - Epoch 7/100 - Train Loss: 831.2535 (Col: 269.4142, Jump: 536.4488, Decline: 152.6988, PDE: 3804.4956, Reg: 21266.3175), Eth Losses: China: 1233.4396, India: 693.6807, Philippines: 1334.2419... (more ethnicities), Val Loss: 988.7299, Val MAE: 14.8091, Val R2: 0.6588
2025-04-24 23:02:56,279 - spatial_moe_trainer - INFO - Epoch 8/100 - Train Loss: 776.6033 (Col: 243.9657, Jump: 596.6322, Decline: 155.7730, PDE: 3594.8619, Reg: 16966.3787), Eth Losses: China: 1146.5431, India: 692.0057, Philippines: 1189.3271... (more ethnicities), Val Loss: 959.6620, Val MAE: 14.6564, Val R2: 0.6689
2025-04-24 23:03:18,802 - spatial_moe_trainer - INFO - Epoch 9/100 - Train Loss: 751.3318 (Col: 213.9765, Jump: 518.7293, Decline: 151.1654, PDE: 3563.5786, Reg: 24180.3706), Eth Losses: China: 1101.4720, India: 680.5720, Philippines: 1138.5479... (more ethnicities), Val Loss: 927.8733, Val MAE: 14.3841, Val R2: 0.6798
2025-04-24 23:03:41,260 - spatial_moe_trainer - INFO - Epoch 10/100 - Train Loss: 708.2643 (Col: 191.4577, Jump: 652.7143, Decline: 146.2543, PDE: 3385.3929, Reg: 19321.9326), Eth Losses: China: 1001.8831, India: 731.9904, Philippines: 997.5066... (more ethnicities), Val Loss: 1003.0127, Val MAE: 14.6775, Val R2: 0.6539
2025-04-24 23:04:03,848 - spatial_moe_trainer - INFO - Epoch 11/100 - Train Loss: 717.1142 (Col: 180.1623, Jump: 422.8966, Decline: 149.8244, PDE: 3376.6496, Reg: 26908.8464), Eth Losses: China: 1146.8969, India: 624.0014, Philippines: 1048.9231... (more ethnicities), Val Loss: 968.2957, Val MAE: 14.4250, Val R2: 0.6659
2025-04-24 23:04:26,520 - spatial_moe_trainer - INFO - Trial pruned at epoch 12
2025-04-24 23:04:26,528 - spatial_moe_trainer - INFO - Saving metrics to ./optuna_results/trial_9/metrics
2025-04-24 23:04:26,530 - spatial_moe_trainer - INFO - Training metrics saved to ./optuna_results/trial_9/metrics/training_metrics.csv
2025-04-24 23:04:26,532 - spatial_moe_trainer - INFO - Validation metrics saved to ./optuna_results/trial_9/metrics/validation_metrics.csv
2025-04-24 23:04:26,570 - spatial_moe_trainer - INFO - Multi-Ethnic Spatial MoE model saved to ./optuna_results/trial_9/model.pt
2025-04-24 23:04:26,602 - __mp_main__ - INFO - Running trial 10 on device cuda:0
2025-04-24 23:04:26,616 - __main__ - INFO - Trial 9 completed with value: 909.484757
2025-04-24 23:04:26,787 - __mp_main__ - INFO - Using adjusted dimensions - hidden_dims: [40, 30, 15], coord_embed_dim: 35
2025-04-24 23:04:26,832 - spatial_moe_trainer - INFO - Multi-Ethnic Spatial MoE model initialized on cuda:0
2025-04-24 23:04:26,832 - spatial_moe_trainer - INFO - Model will predict 5 ethnicities: ['China', 'India', 'Philippines', 'Portugal', 'Sri Lanka']
2025-04-24 23:04:26,852 - __mp_main__ - INFO - Testing model forward pass before training...
2025-04-24 23:04:27,012 - __mp_main__ - INFO - Test forward pass successful. Output shape: torch.Size([64, 5])
2025-04-24 23:04:27,012 - spatial_moe_trainer - INFO - Starting multi-ethnic spatial MoE model training with learnable expert router...
2025-04-24 23:04:27,012 - spatial_moe_trainer - INFO - Using colonization_weight=9.522656887511342, jump_weight=2.2703898624335253, decline_weight=8.212185656078328, pde_weight=7.943328122319691
2025-04-24 23:04:49,504 - spatial_moe_trainer - INFO - Epoch 1/100 - Train Loss: 1322.8203 (Col: 846.0176, Jump: 1129.5252, Decline: 79.6703, PDE: 3415.8228, Reg: 10740.0548), Eth Losses: China: 2514.8548, India: 1004.6032, Philippines: 1279.0281... (more ethnicities), Val Loss: 1487.3091, Val MAE: 17.5642, Val R2: 0.4868
2025-04-24 23:05:12,005 - spatial_moe_trainer - INFO - Epoch 2/100 - Train Loss: 940.3916 (Col: 563.2666, Jump: 968.1268, Decline: 70.7754, PDE: 2472.7231, Reg: 11746.4601), Eth Losses: China: 1519.7243, India: 740.4718, Philippines: 960.6397... (more ethnicities), Val Loss: 1212.5438, Val MAE: 16.2005, Val R2: 0.5816
2025-04-24 23:05:34,670 - spatial_moe_trainer - INFO - Epoch 3/100 - Train Loss: 786.1384 (Col: 383.3587, Jump: 738.3991, Decline: 66.7929, PDE: 2250.1291, Reg: 8670.7343), Eth Losses: China: 1252.3081, India: 711.9179, Philippines: 856.3642... (more ethnicities), Val Loss: 1084.2295, Val MAE: 15.8927, Val R2: 0.6259
2025-04-24 23:05:57,168 - spatial_moe_trainer - INFO - Epoch 4/100 - Train Loss: 648.1295 (Col: 248.3554, Jump: 585.9494, Decline: 67.5792, PDE: 1985.0598, Reg: 7431.5622), Eth Losses: China: 1029.2986, India: 640.6296, Philippines: 722.6317... (more ethnicities), Val Loss: 974.5199, Val MAE: 15.4610, Val R2: 0.6637
2025-04-24 23:06:19,707 - spatial_moe_trainer - INFO - Epoch 5/100 - Train Loss: 626.3315 (Col: 240.1737, Jump: 634.6301, Decline: 67.3977, PDE: 1938.5836, Reg: 6869.7304), Eth Losses: China: 963.0131, India: 684.6708, Philippines: 707.7499... (more ethnicities), Val Loss: 962.7006, Val MAE: 14.9522, Val R2: 0.6678
2025-04-24 23:06:42,398 - spatial_moe_trainer - INFO - Epoch 6/100 - Train Loss: 594.9593 (Col: 213.7505, Jump: 627.9523, Decline: 66.0233, PDE: 1890.4127, Reg: 7306.1934), Eth Losses: China: 981.8762, India: 615.1404, Philippines: 700.8715... (more ethnicities), Val Loss: 888.3273, Val MAE: 14.9064, Val R2: 0.6935
2025-04-24 23:07:04,919 - spatial_moe_trainer - INFO - Epoch 7/100 - Train Loss: 543.0970 (Col: 178.0316, Jump: 687.7526, Decline: 64.5070, PDE: 1800.5210, Reg: 6634.7340), Eth Losses: China: 832.3073, India: 550.5457, Philippines: 647.3488... (more ethnicities), Val Loss: 964.2956, Val MAE: 14.7285, Val R2: 0.6673
2025-04-24 23:07:27,465 - spatial_moe_trainer - INFO - Epoch 8/100 - Train Loss: 556.6837 (Col: 194.0744, Jump: 575.6882, Decline: 63.1201, PDE: 1748.9541, Reg: 7081.8852), Eth Losses: China: 942.3303, India: 506.6390, Philippines: 650.3086... (more ethnicities), Val Loss: 881.9671, Val MAE: 14.1135, Val R2: 0.6957
2025-04-24 23:07:50,133 - spatial_moe_trainer - INFO - Epoch 9/100 - Train Loss: 549.1516 (Col: 168.8859, Jump: 496.0557, Decline: 62.4406, PDE: 1778.9173, Reg: 7326.0244), Eth Losses: China: 883.3642, India: 540.9053, Philippines: 663.4190... (more ethnicities), Val Loss: 886.5068, Val MAE: 14.1744, Val R2: 0.6941
2025-04-24 23:08:12,656 - spatial_moe_trainer - INFO - Epoch 10/100 - Train Loss: 504.8548 (Col: 153.5083, Jump: 468.8059, Decline: 60.4935, PDE: 1706.3269, Reg: 6276.0715), Eth Losses: China: 840.0511, India: 486.6886, Philippines: 588.1519... (more ethnicities), Val Loss: 872.7059, Val MAE: 14.1960, Val R2: 0.6989
2025-04-24 23:08:35,157 - spatial_moe_trainer - INFO - Epoch 11/100 - Train Loss: 480.3753 (Col: 152.8136, Jump: 474.4128, Decline: 57.5988, PDE: 1682.8125, Reg: 5070.4225), Eth Losses: China: 669.1186, India: 485.4036, Philippines: 619.1535... (more ethnicities), Val Loss: 904.9029, Val MAE: 14.5370, Val R2: 0.6877
2025-04-24 23:08:57,733 - spatial_moe_trainer - INFO - Epoch 12/100 - Train Loss: 457.5429 (Col: 135.4150, Jump: 459.5021, Decline: 57.6936, PDE: 1570.2500, Reg: 5680.1061), Eth Losses: China: 656.6484, India: 465.5227, Philippines: 586.2641... (more ethnicities), Val Loss: 916.3777, Val MAE: 14.1888, Val R2: 0.6838
2025-04-24 23:09:20,369 - spatial_moe_trainer - INFO - Epoch 13/100 - Train Loss: 485.7825 (Col: 136.6126, Jump: 429.4532, Decline: 57.4993, PDE: 1622.8362, Reg: 5549.1894), Eth Losses: China: 802.5700, India: 450.7468, Philippines: 574.1822... (more ethnicities), Val Loss: 887.6958, Val MAE: 14.1769, Val R2: 0.6937
2025-04-24 23:09:42,728 - spatial_moe_trainer - INFO - Epoch 14/100 - Train Loss: 452.4865 (Col: 144.1604, Jump: 395.8084, Decline: 55.7809, PDE: 1562.5328, Reg: 5601.9370), Eth Losses: China: 684.5661, India: 449.6396, Philippines: 519.0758... (more ethnicities), Val Loss: 893.3032, Val MAE: 14.1234, Val R2: 0.6917
2025-04-24 23:10:05,349 - spatial_moe_trainer - INFO - Epoch 15/100 - Train Loss: 468.8804 (Col: 145.0626, Jump: 462.5094, Decline: 54.1821, PDE: 1526.5967, Reg: 5311.6372), Eth Losses: China: 719.8929, India: 540.3852, Philippines: 512.5364... (more ethnicities), Val Loss: 813.5536, Val MAE: 14.0458, Val R2: 0.7193
2025-04-24 23:10:27,857 - spatial_moe_trainer - INFO - Epoch 16/100 - Train Loss: 438.1311 (Col: 122.0110, Jump: 413.4846, Decline: 54.6646, PDE: 1529.4571, Reg: 6038.6430), Eth Losses: China: 644.1565, India: 444.8660, Philippines: 527.0935... (more ethnicities), Val Loss: 813.1376, Val MAE: 13.7971, Val R2: 0.7194
2025-04-24 23:10:50,231 - spatial_moe_trainer - INFO - Epoch 17/100 - Train Loss: 403.5316 (Col: 111.8932, Jump: 390.8963, Decline: 51.2656, PDE: 1472.5554, Reg: 4196.9171), Eth Losses: China: 583.6809, India: 408.9901, Philippines: 501.4297... (more ethnicities), Val Loss: 837.5387, Val MAE: 14.0984, Val R2: 0.7110
2025-04-24 23:11:12,769 - spatial_moe_trainer - INFO - Epoch 18/100 - Train Loss: 415.4204 (Col: 120.4793, Jump: 416.7119, Decline: 53.1328, PDE: 1469.0911, Reg: 4543.0859), Eth Losses: China: 588.4681, India: 451.3777, Philippines: 480.1585... (more ethnicities), Val Loss: 782.2045, Val MAE: 13.5959, Val R2: 0.7301
2025-04-24 23:11:35,353 - spatial_moe_trainer - INFO - Epoch 19/100 - Train Loss: 463.6343 (Col: 118.4352, Jump: 378.7888, Decline: 52.0247, PDE: 1665.6326, Reg: 5573.9283), Eth Losses: China: 718.1873, India: 400.3894, Philippines: 703.9432... (more ethnicities), Val Loss: 843.7398, Val MAE: 13.7572, Val R2: 0.7089
2025-04-24 23:11:58,125 - spatial_moe_trainer - INFO - Epoch 20/100 - Train Loss: 407.5778 (Col: 109.8059, Jump: 340.9388, Decline: 54.7740, PDE: 1411.7994, Reg: 5236.4564), Eth Losses: China: 586.3939, India: 403.5549, Philippines: 509.9595... (more ethnicities), Val Loss: 813.4751, Val MAE: 13.6261, Val R2: 0.7193
2025-04-24 23:12:20,710 - spatial_moe_trainer - INFO - Epoch 21/100 - Train Loss: 410.9152 (Col: 106.8426, Jump: 362.1951, Decline: 50.1986, PDE: 1365.1792, Reg: 12243.6892), Eth Losses: China: 685.0946, India: 425.9591, Philippines: 449.8078... (more ethnicities), Val Loss: 792.8042, Val MAE: 13.4423, Val R2: 0.7264
2025-04-24 23:12:43,273 - spatial_moe_trainer - INFO - Epoch 22/100 - Train Loss: 408.9639 (Col: 113.8463, Jump: 331.1713, Decline: 53.5513, PDE: 1329.9674, Reg: 6283.2838), Eth Losses: China: 675.2385, India: 410.3299, Philippines: 466.6677... (more ethnicities), Val Loss: 801.9394, Val MAE: 13.6941, Val R2: 0.7233
2025-04-24 23:13:05,772 - spatial_moe_trainer - INFO - Epoch 23/100 - Train Loss: 396.0302 (Col: 106.9326, Jump: 383.6579, Decline: 52.9683, PDE: 1323.9998, Reg: 6246.4899), Eth Losses: China: 641.6644, India: 402.2410, Philippines: 452.2821... (more ethnicities), Val Loss: 819.3900, Val MAE: 13.4768, Val R2: 0.7173
2025-04-24 23:13:28,208 - spatial_moe_trainer - INFO - Epoch 24/100 - Train Loss: 406.4640 (Col: 114.9395, Jump: 352.2039, Decline: 51.0271, PDE: 1304.4868, Reg: 6088.1150), Eth Losses: China: 712.2222, India: 362.7143, Philippines: 433.4947... (more ethnicities), Val Loss: 822.9104, Val MAE: 13.5692, Val R2: 0.7160
2025-04-24 23:13:50,702 - spatial_moe_trainer - INFO - Epoch 25/100 - Train Loss: 414.3999 (Col: 106.5674, Jump: 319.5408, Decline: 52.7167, PDE: 1312.5370, Reg: 10739.2751), Eth Losses: China: 566.2061, India: 581.4150, Philippines: 432.8268... (more ethnicities), Val Loss: 774.2369, Val MAE: 13.2984, Val R2: 0.7328
2025-04-24 23:14:13,374 - spatial_moe_trainer - INFO - Epoch 26/100 - Train Loss: 403.8568 (Col: 132.3529, Jump: 292.7067, Decline: 50.6356, PDE: 1312.3409, Reg: 4690.5235), Eth Losses: China: 744.6411, India: 342.2911, Philippines: 454.4821... (more ethnicities), Val Loss: 718.1344, Val MAE: 13.0346, Val R2: 0.7522
2025-04-24 23:14:35,881 - spatial_moe_trainer - INFO - Epoch 27/100 - Train Loss: 367.9221 (Col: 95.9696, Jump: 302.5204, Decline: 51.3149, PDE: 1274.6385, Reg: 5411.9531), Eth Losses: China: 602.1312, India: 341.3893, Philippines: 426.9302... (more ethnicities), Val Loss: 740.5696, Val MAE: 13.1973, Val R2: 0.7445
2025-04-24 23:14:58,321 - spatial_moe_trainer - INFO - Epoch 28/100 - Train Loss: 344.6808 (Col: 85.9336, Jump: 316.1157, Decline: 52.2626, PDE: 1222.2904, Reg: 4334.0707), Eth Losses: China: 538.2643, India: 336.4905, Philippines: 395.1845... (more ethnicities), Val Loss: 730.5995, Val MAE: 13.0667, Val R2: 0.7479
2025-04-24 23:15:21,210 - spatial_moe_trainer - INFO - Epoch 29/100 - Train Loss: 324.8736 (Col: 90.0925, Jump: 297.8689, Decline: 53.2826, PDE: 1178.5240, Reg: 3162.5381), Eth Losses: China: 488.8393, India: 302.3081, Philippines: 389.0531... (more ethnicities), Val Loss: 753.3155, Val MAE: 13.0567, Val R2: 0.7401
2025-04-24 23:15:43,953 - spatial_moe_trainer - INFO - Epoch 30/100 - Train Loss: 336.4732 (Col: 86.1074, Jump: 301.2224, Decline: 50.8296, PDE: 1221.2329, Reg: 4202.4320), Eth Losses: China: 525.0868, India: 306.7656, Philippines: 390.0080... (more ethnicities), Val Loss: 738.8953, Val MAE: 13.0262, Val R2: 0.7450
2025-04-24 23:16:06,800 - spatial_moe_trainer - INFO - Epoch 31/100 - Train Loss: 377.4828 (Col: 71.7055, Jump: 292.2705, Decline: 51.3602, PDE: 1236.6018, Reg: 8766.2029), Eth Losses: China: 665.4740, India: 416.5889, Philippines: 367.4443... (more ethnicities), Val Loss: 758.6390, Val MAE: 13.0167, Val R2: 0.7382
2025-04-24 23:16:29,211 - spatial_moe_trainer - INFO - Epoch 32/100 - Train Loss: 345.2422 (Col: 95.1023, Jump: 296.7945, Decline: 49.6962, PDE: 1209.5501, Reg: 3915.0821), Eth Losses: China: 558.4518, India: 329.2637, Philippines: 390.7384... (more ethnicities), Val Loss: 751.7895, Val MAE: 13.0653, Val R2: 0.7406
2025-04-24 23:16:51,630 - spatial_moe_trainer - INFO - Epoch 33/100 - Train Loss: 341.1801 (Col: 81.5116, Jump: 267.4123, Decline: 53.0210, PDE: 1221.4326, Reg: 5112.8149), Eth Losses: China: 508.1241, India: 344.8579, Philippines: 381.6640... (more ethnicities), Val Loss: 720.9231, Val MAE: 12.9132, Val R2: 0.7512
2025-04-24 23:17:14,163 - spatial_moe_trainer - INFO - Epoch 34/100 - Train Loss: 325.9173 (Col: 82.8087, Jump: 279.7469, Decline: 51.7490, PDE: 1169.7838, Reg: 4357.5080), Eth Losses: China: 543.1284, India: 295.6476, Philippines: 377.7422... (more ethnicities), Val Loss: 741.4916, Val MAE: 12.9681, Val R2: 0.7441
2025-04-24 23:17:36,802 - spatial_moe_trainer - INFO - Epoch 35/100 - Train Loss: 320.2556 (Col: 83.7846, Jump: 316.0118, Decline: 50.8859, PDE: 1203.1151, Reg: 3061.8712), Eth Losses: China: 448.1087, India: 316.7739, Philippines: 386.5285... (more ethnicities), Val Loss: 727.3909, Val MAE: 12.9399, Val R2: 0.7490
2025-04-24 23:17:59,522 - spatial_moe_trainer - INFO - Epoch 36/100 - Train Loss: 320.0792 (Col: 72.9473, Jump: 283.3347, Decline: 52.4494, PDE: 1208.7935, Reg: 3136.6339), Eth Losses: China: 437.3207, India: 294.1958, Philippines: 414.1096... (more ethnicities), Val Loss: 736.5421, Val MAE: 12.9130, Val R2: 0.7458
2025-04-24 23:17:59,522 - spatial_moe_trainer - INFO - Early stopping at epoch 36
2025-04-24 23:17:59,538 - spatial_moe_trainer - INFO - Saving metrics to ./optuna_results/trial_10/metrics
2025-04-24 23:17:59,540 - spatial_moe_trainer - INFO - Training metrics saved to ./optuna_results/trial_10/metrics/training_metrics.csv
2025-04-24 23:17:59,543 - spatial_moe_trainer - INFO - Validation metrics saved to ./optuna_results/trial_10/metrics/validation_metrics.csv
2025-04-24 23:17:59,580 - spatial_moe_trainer - INFO - Multi-Ethnic Spatial MoE model saved to ./optuna_results/trial_10/model.pt
2025-04-24 23:17:59,613 - __mp_main__ - INFO - Running trial 11 on device cuda:0
2025-04-24 23:17:59,627 - __main__ - INFO - Trial 10 completed with value: 718.134426
2025-04-24 23:17:59,803 - __mp_main__ - INFO - Using adjusted dimensions - hidden_dims: [110, 80, 40], coord_embed_dim: 25
2025-04-24 23:17:59,850 - spatial_moe_trainer - INFO - Multi-Ethnic Spatial MoE model initialized on cuda:0
2025-04-24 23:17:59,851 - spatial_moe_trainer - INFO - Model will predict 5 ethnicities: ['China', 'India', 'Philippines', 'Portugal', 'Sri Lanka']
2025-04-24 23:17:59,871 - __mp_main__ - INFO - Testing model forward pass before training...
2025-04-24 23:18:00,029 - __mp_main__ - INFO - Test forward pass successful. Output shape: torch.Size([64, 5])
2025-04-24 23:18:00,030 - spatial_moe_trainer - INFO - Starting multi-ethnic spatial MoE model training with learnable expert router...
2025-04-24 23:18:00,030 - spatial_moe_trainer - INFO - Using colonization_weight=2.9492362457018393, jump_weight=7.259174438107952, decline_weight=5.2544260599215376, pde_weight=1.1807419121509417
2025-04-24 23:18:22,654 - spatial_moe_trainer - INFO - Epoch 1/100 - Train Loss: 1926.1391 (Col: 1377.4547, Jump: 1112.9595, Decline: 166.5533, PDE: 5479.1696, Reg: 27493.8117), Eth Losses: China: 3095.3921, India: 1711.9812, Philippines: 2568.6247... (more ethnicities), Val Loss: 2081.7568, Val MAE: 27.7370, Val R2: 0.2817
2025-04-24 23:18:45,235 - spatial_moe_trainer - INFO - Epoch 2/100 - Train Loss: 1816.7996 (Col: 1218.2615, Jump: 920.5471, Decline: 154.9009, PDE: 5441.1295, Reg: 40461.8181), Eth Losses: China: 2950.5945, India: 1458.6624, Philippines: 2562.6085... (more ethnicities), Val Loss: 1945.5350, Val MAE: 25.8885, Val R2: 0.3287
2025-04-24 23:19:07,816 - spatial_moe_trainer - INFO - Epoch 3/100 - Train Loss: 1701.2641 (Col: 1085.7671, Jump: 1111.7108, Decline: 147.8809, PDE: 5444.1777, Reg: 19933.5231), Eth Losses: China: 2786.6977, India: 1255.4547, Philippines: 2508.5521... (more ethnicities), Val Loss: 1835.7998, Val MAE: 24.1746, Val R2: 0.3665
2025-04-24 23:19:30,513 - spatial_moe_trainer - INFO - Epoch 4/100 - Train Loss: 1638.7492 (Col: 972.8919, Jump: 786.8336, Decline: 142.0182, PDE: 5463.7029, Reg: 21732.7291), Eth Losses: China: 2642.4404, India: 1263.9100, Philippines: 2457.3708... (more ethnicities), Val Loss: 1719.1879, Val MAE: 22.4568, Val R2: 0.4068
2025-04-24 23:19:52,950 - spatial_moe_trainer - INFO - Epoch 5/100 - Train Loss: 1546.3752 (Col: 895.2748, Jump: 1247.9406, Decline: 139.8431, PDE: 5306.2114, Reg: 22597.2072), Eth Losses: China: 2475.6738, India: 1178.7109, Philippines: 2393.8043... (more ethnicities), Val Loss: 1633.9209, Val MAE: 20.8478, Val R2: 0.4362
2025-04-24 23:20:15,627 - spatial_moe_trainer - INFO - Epoch 6/100 - Train Loss: 1542.1134 (Col: 836.1524, Jump: 1338.7333, Decline: 133.7380, PDE: 5393.6592, Reg: 30521.8235), Eth Losses: China: 2533.5805, India: 1108.9314, Philippines: 2419.5080... (more ethnicities), Val Loss: 1547.7841, Val MAE: 19.4985, Val R2: 0.4659
2025-04-24 23:20:38,285 - spatial_moe_trainer - INFO - Epoch 7/100 - Train Loss: 1454.0502 (Col: 791.7476, Jump: 873.3475, Decline: 130.6463, PDE: 5207.6817, Reg: 21466.7838), Eth Losses: China: 2253.1241, India: 1043.7298, Philippines: 2397.4209... (more ethnicities), Val Loss: 1441.8964, Val MAE: 18.3243, Val R2: 0.5024
2025-04-24 23:21:00,695 - spatial_moe_trainer - INFO - Epoch 8/100 - Train Loss: 1413.0248 (Col: 765.2981, Jump: 1213.1376, Decline: 129.2565, PDE: 4998.9037, Reg: 26965.8265), Eth Losses: China: 2175.5748, India: 1069.0512, Philippines: 2290.1728... (more ethnicities), Val Loss: 1369.2645, Val MAE: 17.6479, Val R2: 0.5275
2025-04-24 23:21:23,275 - spatial_moe_trainer - INFO - Epoch 9/100 - Train Loss: 1384.5989 (Col: 733.4055, Jump: 955.7535, Decline: 131.4106, PDE: 4941.3709, Reg: 25690.1833), Eth Losses: China: 2089.7549, India: 1038.7928, Philippines: 2308.6135... (more ethnicities), Val Loss: 1303.1566, Val MAE: 17.2716, Val R2: 0.5503
2025-04-24 23:21:46,023 - spatial_moe_trainer - INFO - Epoch 10/100 - Train Loss: 1344.4663 (Col: 690.0094, Jump: 993.2838, Decline: 128.4009, PDE: 4764.7511, Reg: 33287.2442), Eth Losses: China: 2038.7791, India: 970.6726, Philippines: 2246.2026... (more ethnicities), Val Loss: 1244.9580, Val MAE: 16.9004, Val R2: 0.5704
2025-04-24 23:22:08,561 - spatial_moe_trainer - INFO - Trial pruned at epoch 11
2025-04-24 23:22:08,575 - spatial_moe_trainer - INFO - Saving metrics to ./optuna_results/trial_11/metrics
2025-04-24 23:22:08,578 - spatial_moe_trainer - INFO - Training metrics saved to ./optuna_results/trial_11/metrics/training_metrics.csv
2025-04-24 23:22:08,579 - spatial_moe_trainer - INFO - Validation metrics saved to ./optuna_results/trial_11/metrics/validation_metrics.csv
2025-04-24 23:22:08,618 - spatial_moe_trainer - INFO - Multi-Ethnic Spatial MoE model saved to ./optuna_results/trial_11/model.pt
2025-04-24 23:22:08,650 - __mp_main__ - INFO - Running trial 12 on device cuda:0
2025-04-24 23:22:08,663 - __main__ - INFO - Trial 11 completed with value: 1216.943554
2025-04-24 23:22:08,841 - __mp_main__ - INFO - Using adjusted dimensions - hidden_dims: [50, 18, 8], coord_embed_dim: 10
2025-04-24 23:22:08,890 - spatial_moe_trainer - INFO - Multi-Ethnic Spatial MoE model initialized on cuda:0
2025-04-24 23:22:08,890 - spatial_moe_trainer - INFO - Model will predict 5 ethnicities: ['China', 'India', 'Philippines', 'Portugal', 'Sri Lanka']
2025-04-24 23:22:08,911 - __mp_main__ - INFO - Testing model forward pass before training...
2025-04-24 23:22:09,070 - __mp_main__ - INFO - Test forward pass successful. Output shape: torch.Size([64, 5])
2025-04-24 23:22:09,070 - spatial_moe_trainer - INFO - Starting multi-ethnic spatial MoE model training with learnable expert router...
2025-04-24 23:22:09,071 - spatial_moe_trainer - INFO - Using colonization_weight=4.013156586009125, jump_weight=7.259174438107952, decline_weight=5.083062055825858, pde_weight=6.15961879886106
2025-04-24 23:22:31,588 - spatial_moe_trainer - INFO - Epoch 1/100 - Train Loss: 1330.4611 (Col: 927.2692, Jump: 1017.2358, Decline: 141.5977, PDE: 4043.4914, Reg: 11656.4859), Eth Losses: China: 2363.2550, India: 967.1113, Philippines: 1513.9873... (more ethnicities), Val Loss: 1369.2907, Val MAE: 16.9676, Val R2: 0.5275
2025-04-24 23:22:54,350 - spatial_moe_trainer - INFO - Epoch 2/100 - Train Loss: 960.5365 (Col: 618.2922, Jump: 700.0754, Decline: 123.5957, PDE: 3189.4516, Reg: 12893.0208), Eth Losses: China: 1525.5118, India: 760.8526, Philippines: 1170.7654... (more ethnicities), Val Loss: 1100.2523, Val MAE: 15.9022, Val R2: 0.6203
2025-04-24 23:23:16,833 - spatial_moe_trainer - INFO - Epoch 3/100 - Train Loss: 758.2167 (Col: 374.7788, Jump: 563.4632, Decline: 123.0476, PDE: 2797.2353, Reg: 9732.4436), Eth Losses: China: 1177.6718, India: 655.9059, Philippines: 982.3616... (more ethnicities), Val Loss: 985.6016, Val MAE: 14.8729, Val R2: 0.6599
2025-04-24 23:23:39,340 - spatial_moe_trainer - INFO - Epoch 4/100 - Train Loss: 664.3448 (Col: 241.2589, Jump: 576.5924, Decline: 111.7023, PDE: 2700.5065, Reg: 11668.9164), Eth Losses: China: 1061.1093, India: 616.2506, Philippines: 899.2401... (more ethnicities), Val Loss: 907.0830, Val MAE: 14.8734, Val R2: 0.6870
2025-04-24 23:24:01,883 - spatial_moe_trainer - INFO - Epoch 5/100 - Train Loss: 683.1675 (Col: 285.9289, Jump: 491.9949, Decline: 110.8045, PDE: 2616.3429, Reg: 12263.7244), Eth Losses: China: 1174.0280, India: 623.3736, Philippines: 874.4712... (more ethnicities), Val Loss: 978.9323, Val MAE: 14.6132, Val R2: 0.6622
2025-04-24 23:24:24,402 - spatial_moe_trainer - INFO - Epoch 6/100 - Train Loss: 593.9097 (Col: 218.2968, Jump: 533.3823, Decline: 110.5209, PDE: 2459.5457, Reg: 6645.4206), Eth Losses: China: 940.3216, India: 525.7511, Philippines: 828.3897... (more ethnicities), Val Loss: 968.3425, Val MAE: 14.6202, Val R2: 0.6659
2025-04-24 23:24:46,874 - spatial_moe_trainer - INFO - Epoch 7/100 - Train Loss: 565.5845 (Col: 182.6181, Jump: 564.9011, Decline: 107.6675, PDE: 2366.0009, Reg: 9417.3254), Eth Losses: China: 845.8260, India: 532.5863, Philippines: 833.0588... (more ethnicities), Val Loss: 911.1632, Val MAE: 14.5396, Val R2: 0.6856
2025-04-24 23:25:09,518 - spatial_moe_trainer - INFO - Epoch 8/100 - Train Loss: 550.6838 (Col: 162.8866, Jump: 405.8400, Decline: 102.9664, PDE: 2358.0124, Reg: 8126.2358), Eth Losses: China: 875.3754, India: 521.7126, Philippines: 750.8186... (more ethnicities), Val Loss: 862.0858, Val MAE: 14.2187, Val R2: 0.7025
2025-04-24 23:25:32,113 - spatial_moe_trainer - INFO - Epoch 9/100 - Train Loss: 525.2087 (Col: 150.3656, Jump: 491.6925, Decline: 103.3014, PDE: 2256.7747, Reg: 8414.9685), Eth Losses: China: 823.8478, India: 445.0333, Philippines: 760.9614... (more ethnicities), Val Loss: 910.8592, Val MAE: 14.3930, Val R2: 0.6857
2025-04-24 23:25:54,597 - spatial_moe_trainer - INFO - Epoch 10/100 - Train Loss: 500.5344 (Col: 153.6820, Jump: 423.4068, Decline: 106.9679, PDE: 2156.9392, Reg: 6335.8984), Eth Losses: China: 720.4459, India: 449.3747, Philippines: 731.1072... (more ethnicities), Val Loss: 864.7344, Val MAE: 14.1021, Val R2: 0.7016
2025-04-24 23:26:17,310 - spatial_moe_trainer - INFO - Epoch 11/100 - Train Loss: 505.4271 (Col: 153.2334, Jump: 364.8096, Decline: 102.1415, PDE: 2204.5624, Reg: 6329.2786), Eth Losses: China: 726.7388, India: 468.4548, Philippines: 720.8792... (more ethnicities), Val Loss: 903.2473, Val MAE: 13.9656, Val R2: 0.6883
2025-04-24 23:26:39,833 - spatial_moe_trainer - INFO - Epoch 12/100 - Train Loss: 481.9610 (Col: 144.6531, Jump: 372.2177, Decline: 98.5090, PDE: 2077.7853, Reg: 6572.7896), Eth Losses: China: 709.8350, India: 455.1562, Philippines: 674.5928... (more ethnicities), Val Loss: 846.1107, Val MAE: 13.8497, Val R2: 0.7080
2025-04-24 23:27:02,402 - spatial_moe_trainer - INFO - Epoch 13/100 - Train Loss: 504.4626 (Col: 144.9910, Jump: 400.8303, Decline: 95.3823, PDE: 2205.6526, Reg: 8329.5046), Eth Losses: China: 757.5650, India: 436.8129, Philippines: 797.9387... (more ethnicities), Val Loss: 798.4829, Val MAE: 14.0064, Val R2: 0.7245
2025-04-24 23:27:24,938 - spatial_moe_trainer - INFO - Epoch 14/100 - Train Loss: 487.7979 (Col: 146.5234, Jump: 350.8675, Decline: 102.7414, PDE: 2079.3169, Reg: 9800.8404), Eth Losses: China: 753.3008, India: 410.8911, Philippines: 730.4581... (more ethnicities), Val Loss: 876.1465, Val MAE: 14.1285, Val R2: 0.6977
2025-04-24 23:27:47,645 - spatial_moe_trainer - INFO - Epoch 15/100 - Train Loss: 461.3134 (Col: 124.1070, Jump: 338.4421, Decline: 98.8787, PDE: 1939.7785, Reg: 11231.8749), Eth Losses: China: 727.4766, India: 387.8412, Philippines: 627.9452... (more ethnicities), Val Loss: 859.3383, Val MAE: 13.8701, Val R2: 0.7035
2025-04-24 23:28:10,477 - spatial_moe_trainer - INFO - Epoch 16/100 - Train Loss: 459.2661 (Col: 112.2294, Jump: 341.7222, Decline: 95.4978, PDE: 1904.0333, Reg: 17127.3444), Eth Losses: China: 747.0981, India: 404.2571, Philippines: 581.1319... (more ethnicities), Val Loss: 774.6539, Val MAE: 13.6725, Val R2: 0.7327
2025-04-24 23:28:32,914 - spatial_moe_trainer - INFO - Epoch 17/100 - Train Loss: 426.0208 (Col: 121.1445, Jump: 315.8962, Decline: 93.8348, PDE: 1816.3829, Reg: 9121.0825), Eth Losses: China: 693.9521, India: 374.7699, Philippines: 545.0046... (more ethnicities), Val Loss: 815.2990, Val MAE: 13.7722, Val R2: 0.7187
2025-04-24 23:28:55,373 - spatial_moe_trainer - INFO - Epoch 18/100 - Train Loss: 418.5022 (Col: 126.3372, Jump: 289.9370, Decline: 95.2112, PDE: 1719.2998, Reg: 6947.8737), Eth Losses: China: 638.0282, India: 412.7343, Philippines: 495.7391... (more ethnicities), Val Loss: 783.4263, Val MAE: 13.5119, Val R2: 0.7297
2025-04-24 23:29:17,849 - spatial_moe_trainer - INFO - Epoch 19/100 - Train Loss: 410.7270 (Col: 113.5004, Jump: 279.6257, Decline: 91.1623, PDE: 1733.8607, Reg: 6927.2512), Eth Losses: China: 595.9474, India: 397.5461, Philippines: 511.8677... (more ethnicities), Val Loss: 790.6058, Val MAE: 13.4419, Val R2: 0.7272
2025-04-24 23:29:40,433 - spatial_moe_trainer - INFO - Epoch 20/100 - Train Loss: 392.8394 (Col: 120.2994, Jump: 314.3490, Decline: 91.4957, PDE: 1664.3413, Reg: 5619.8711), Eth Losses: China: 581.5106, India: 362.2275, Philippines: 504.7836... (more ethnicities), Val Loss: 816.4414, Val MAE: 13.4168, Val R2: 0.7183
2025-04-24 23:30:03,042 - spatial_moe_trainer - INFO - Epoch 21/100 - Train Loss: 391.8910 (Col: 116.5469, Jump: 269.3776, Decline: 92.2500, PDE: 1651.3261, Reg: 6090.7381), Eth Losses: China: 559.9888, India: 382.7277, Philippines: 490.3841... (more ethnicities), Val Loss: 779.8851, Val MAE: 13.5724, Val R2: 0.7309
2025-04-24 23:30:25,474 - spatial_moe_trainer - INFO - Epoch 22/100 - Train Loss: 383.0823 (Col: 111.8668, Jump: 232.9788, Decline: 96.9955, PDE: 1678.4978, Reg: 4412.6500), Eth Losses: China: 545.1851, India: 335.1464, Philippines: 520.5351... (more ethnicities), Val Loss: 792.6249, Val MAE: 13.0880, Val R2: 0.7265
2025-04-24 23:30:47,937 - spatial_moe_trainer - INFO - Epoch 23/100 - Train Loss: 358.9995 (Col: 111.7457, Jump: 265.3524, Decline: 99.6711, PDE: 1508.9610, Reg: 4684.0375), Eth Losses: China: 551.6390, India: 339.2027, Philippines: 452.8272... (more ethnicities), Val Loss: 720.0349, Val MAE: 12.9872, Val R2: 0.7515
2025-04-24 23:31:10,757 - spatial_moe_trainer - INFO - Epoch 24/100 - Train Loss: 338.3273 (Col: 86.2933, Jump: 241.7609, Decline: 90.9003, PDE: 1495.8759, Reg: 5178.4481), Eth Losses: China: 477.1425, India: 347.5933, Philippines: 437.4647... (more ethnicities), Val Loss: 730.1576, Val MAE: 13.0624, Val R2: 0.7480
2025-04-24 23:31:33,356 - spatial_moe_trainer - INFO - Epoch 25/100 - Train Loss: 334.0691 (Col: 86.4410, Jump: 227.9422, Decline: 86.8995, PDE: 1483.8487, Reg: 4085.1102), Eth Losses: China: 460.7488, India: 345.0109, Philippines: 414.8406... (more ethnicities), Val Loss: 738.9068, Val MAE: 13.0499, Val R2: 0.7450
2025-04-24 23:31:55,770 - spatial_moe_trainer - INFO - Epoch 26/100 - Train Loss: 337.6532 (Col: 83.6271, Jump: 254.9174, Decline: 89.4561, PDE: 1414.7181, Reg: 6847.1151), Eth Losses: China: 490.0195, India: 329.1592, Philippines: 427.7000... (more ethnicities), Val Loss: 714.0495, Val MAE: 12.8769, Val R2: 0.7536
2025-04-24 23:32:18,433 - spatial_moe_trainer - INFO - Epoch 27/100 - Train Loss: 324.4713 (Col: 86.2131, Jump: 232.0385, Decline: 87.8413, PDE: 1390.5450, Reg: 5101.2384), Eth Losses: China: 451.4282, India: 317.1904, Philippines: 419.8281... (more ethnicities), Val Loss: 722.6719, Val MAE: 12.9197, Val R2: 0.7506
2025-04-24 23:32:40,871 - spatial_moe_trainer - INFO - Epoch 28/100 - Train Loss: 327.1803 (Col: 85.7329, Jump: 221.4009, Decline: 90.6060, PDE: 1408.5194, Reg: 5083.0594), Eth Losses: China: 446.5793, India: 312.6274, Philippines: 422.3152... (more ethnicities), Val Loss: 728.3930, Val MAE: 12.8736, Val R2: 0.7487
2025-04-24 23:33:03,373 - spatial_moe_trainer - INFO - Epoch 29/100 - Train Loss: 327.1270 (Col: 92.5637, Jump: 242.0153, Decline: 87.9589, PDE: 1416.4710, Reg: 4914.6136), Eth Losses: China: 430.3832, India: 317.5061, Philippines: 425.2741... (more ethnicities), Val Loss: 713.7638, Val MAE: 12.8551, Val R2: 0.7537
2025-04-24 23:33:25,839 - spatial_moe_trainer - INFO - Epoch 30/100 - Train Loss: 327.9779 (Col: 85.0980, Jump: 259.0600, Decline: 92.1867, PDE: 1415.0561, Reg: 5893.0933), Eth Losses: China: 500.7901, India: 316.8522, Philippines: 399.2830... (more ethnicities), Val Loss: 739.8068, Val MAE: 12.9994, Val R2: 0.7447
2025-04-24 23:33:48,573 - spatial_moe_trainer - INFO - Epoch 31/100 - Train Loss: 321.7346 (Col: 86.5010, Jump: 203.0194, Decline: 88.8237, PDE: 1351.1508, Reg: 6751.4830), Eth Losses: China: 465.0108, India: 290.6934, Philippines: 390.7406... (more ethnicities), Val Loss: 715.3668, Val MAE: 12.8194, Val R2: 0.7531
2025-04-24 23:34:11,138 - spatial_moe_trainer - INFO - Epoch 32/100 - Train Loss: 309.2554 (Col: 81.4015, Jump: 232.1497, Decline: 93.3631, PDE: 1331.3618, Reg: 5190.6123), Eth Losses: China: 429.9390, India: 283.6800, Philippines: 381.6191... (more ethnicities), Val Loss: 706.9462, Val MAE: 12.8510, Val R2: 0.7561
2025-04-24 23:34:33,616 - spatial_moe_trainer - INFO - Epoch 33/100 - Train Loss: 318.9718 (Col: 86.1527, Jump: 234.1563, Decline: 87.9777, PDE: 1346.2001, Reg: 5403.3372), Eth Losses: China: 451.5966, India: 313.8858, Philippines: 380.9352... (more ethnicities), Val Loss: 717.3569, Val MAE: 12.9727, Val R2: 0.7525
2025-04-24 23:34:56,168 - spatial_moe_trainer - INFO - Epoch 34/100 - Train Loss: 308.7092 (Col: 89.7412, Jump: 216.9632, Decline: 90.4310, PDE: 1280.4617, Reg: 4365.8445), Eth Losses: China: 457.5499, India: 286.1011, Philippines: 375.5917... (more ethnicities), Val Loss: 706.0168, Val MAE: 12.9159, Val R2: 0.7564
2025-04-24 23:35:18,643 - spatial_moe_trainer - INFO - Epoch 35/100 - Train Loss: 304.5956 (Col: 86.5737, Jump: 219.4945, Decline: 87.1517, PDE: 1292.3080, Reg: 5369.0812), Eth Losses: China: 420.4210, India: 299.4940, Philippines: 371.4070... (more ethnicities), Val Loss: 723.9421, Val MAE: 12.7023, Val R2: 0.7502
2025-04-24 23:35:41,096 - spatial_moe_trainer - INFO - Epoch 36/100 - Train Loss: 317.5111 (Col: 79.3258, Jump: 196.6817, Decline: 91.8150, PDE: 1378.3828, Reg: 5164.4039), Eth Losses: China: 434.0783, India: 338.0457, Philippines: 399.1908... (more ethnicities), Val Loss: 723.3030, Val MAE: 12.7827, Val R2: 0.7504
2025-04-24 23:36:03,510 - spatial_moe_trainer - INFO - Epoch 37/100 - Train Loss: 298.3664 (Col: 77.0779, Jump: 221.8747, Decline: 91.1207, PDE: 1298.9834, Reg: 4403.5066), Eth Losses: China: 414.2496, India: 273.3598, Philippines: 368.2223... (more ethnicities), Val Loss: 728.0004, Val MAE: 12.8080, Val R2: 0.7488
2025-04-24 23:36:26,036 - spatial_moe_trainer - INFO - Epoch 38/100 - Train Loss: 299.3032 (Col: 80.6417, Jump: 186.6043, Decline: 92.8289, PDE: 1310.0403, Reg: 3872.2609), Eth Losses: China: 422.0089, India: 308.0506, Philippines: 373.6739... (more ethnicities), Val Loss: 689.6908, Val MAE: 12.6957, Val R2: 0.7620
2025-04-24 23:36:48,692 - spatial_moe_trainer - INFO - Epoch 39/100 - Train Loss: 295.2799 (Col: 74.0802, Jump: 200.6109, Decline: 89.1233, PDE: 1251.9691, Reg: 5892.7089), Eth Losses: China: 413.6612, India: 315.9703, Philippines: 354.3886... (more ethnicities), Val Loss: 723.3480, Val MAE: 12.6567, Val R2: 0.7504
2025-04-24 23:37:11,198 - spatial_moe_trainer - INFO - Epoch 40/100 - Train Loss: 289.2138 (Col: 71.2191, Jump: 218.2860, Decline: 88.7901, PDE: 1218.0634, Reg: 6318.1845), Eth Losses: China: 429.9618, India: 274.3887, Philippines: 340.5380... (more ethnicities), Val Loss: 711.1590, Val MAE: 12.7529, Val R2: 0.7546
2025-04-24 23:37:33,626 - spatial_moe_trainer - INFO - Epoch 41/100 - Train Loss: 299.6095 (Col: 76.6575, Jump: 200.6665, Decline: 84.1668, PDE: 1285.5246, Reg: 4840.2908), Eth Losses: China: 400.5081, India: 295.9469, Philippines: 389.8197... (more ethnicities), Val Loss: 704.8375, Val MAE: 12.7685, Val R2: 0.7568
2025-04-24 23:37:56,127 - spatial_moe_trainer - INFO - Epoch 42/100 - Train Loss: 290.3269 (Col: 78.2647, Jump: 184.7231, Decline: 93.0111, PDE: 1202.8153, Reg: 5760.4784), Eth Losses: China: 417.1493, India: 293.2305, Philippines: 337.9773... (more ethnicities), Val Loss: 746.5719, Val MAE: 12.7327, Val R2: 0.7424
2025-04-24 23:38:18,683 - spatial_moe_trainer - INFO - Epoch 43/100 - Train Loss: 298.7076 (Col: 75.3572, Jump: 195.7271, Decline: 91.0836, PDE: 1315.3428, Reg: 4735.8826), Eth Losses: China: 435.9400, India: 290.5019, Philippines: 356.3383... (more ethnicities), Val Loss: 681.9813, Val MAE: 12.5575, Val R2: 0.7647
2025-04-24 23:38:41,102 - spatial_moe_trainer - INFO - Epoch 44/100 - Train Loss: 291.2193 (Col: 84.8818, Jump: 208.4859, Decline: 90.8181, PDE: 1244.9752, Reg: 4611.7191), Eth Losses: China: 424.9425, India: 297.9610, Philippines: 337.0518... (more ethnicities), Val Loss: 700.0597, Val MAE: 12.6442, Val R2: 0.7584
2025-04-24 23:39:03,521 - spatial_moe_trainer - INFO - Epoch 45/100 - Train Loss: 289.6684 (Col: 79.1001, Jump: 168.4362, Decline: 89.5994, PDE: 1228.4713, Reg: 4184.6914), Eth Losses: China: 416.1403, India: 259.8241, Philippines: 368.1092... (more ethnicities), Val Loss: 729.2255, Val MAE: 12.7796, Val R2: 0.7484
2025-04-24 23:39:26,011 - spatial_moe_trainer - INFO - Epoch 46/100 - Train Loss: 304.3828 (Col: 79.8179, Jump: 181.7592, Decline: 94.3638, PDE: 1227.0267, Reg: 5551.6112), Eth Losses: China: 472.4657, India: 305.7734, Philippines: 337.1142... (more ethnicities), Val Loss: 696.8415, Val MAE: 12.7057, Val R2: 0.7595
2025-04-24 23:39:48,526 - spatial_moe_trainer - INFO - Epoch 47/100 - Train Loss: 307.1882 (Col: 70.3286, Jump: 213.3092, Decline: 88.4432, PDE: 1205.4545, Reg: 14438.4572), Eth Losses: China: 536.2339, India: 275.2738, Philippines: 354.1877... (more ethnicities), Val Loss: 713.2877, Val MAE: 12.7048, Val R2: 0.7539
2025-04-24 23:40:10,829 - spatial_moe_trainer - INFO - Epoch 48/100 - Train Loss: 288.2961 (Col: 72.7459, Jump: 181.7668, Decline: 91.8600, PDE: 1223.1466, Reg: 4604.1194), Eth Losses: China: 407.2186, India: 283.7322, Philippines: 355.5386... (more ethnicities), Val Loss: 700.9890, Val MAE: 12.6677, Val R2: 0.7581
2025-04-24 23:40:33,321 - spatial_moe_trainer - INFO - Epoch 49/100 - Train Loss: 284.9735 (Col: 73.1830, Jump: 189.9798, Decline: 98.1302, PDE: 1199.1958, Reg: 5191.9186), Eth Losses: China: 401.3918, India: 297.3888, Philippines: 334.4235... (more ethnicities), Val Loss: 720.2324, Val MAE: 12.7450, Val R2: 0.7515
2025-04-24 23:40:55,799 - spatial_moe_trainer - INFO - Epoch 50/100 - Train Loss: 287.1356 (Col: 69.3814, Jump: 187.0657, Decline: 89.0596, PDE: 1224.7883, Reg: 5034.4670), Eth Losses: China: 431.7370, India: 281.7493, Philippines: 320.5649... (more ethnicities), Val Loss: 704.5933, Val MAE: 12.7696, Val R2: 0.7569
2025-04-24 23:41:18,224 - spatial_moe_trainer - INFO - Epoch 51/100 - Train Loss: 290.6022 (Col: 83.6374, Jump: 221.6205, Decline: 88.5446, PDE: 1166.0497, Reg: 4737.1287), Eth Losses: China: 425.4286, India: 293.9450, Philippines: 336.3178... (more ethnicities), Val Loss: 699.1329, Val MAE: 12.6383, Val R2: 0.7588
2025-04-24 23:41:40,758 - spatial_moe_trainer - INFO - Epoch 52/100 - Train Loss: 278.5197 (Col: 68.9564, Jump: 207.0548, Decline: 89.7932, PDE: 1176.3049, Reg: 4651.3984), Eth Losses: China: 384.1930, India: 265.9283, Philippines: 326.6682... (more ethnicities), Val Loss: 686.0010, Val MAE: 12.6237, Val R2: 0.7633
2025-04-24 23:42:03,196 - spatial_moe_trainer - INFO - Trial pruned at epoch 53
2025-04-24 23:42:03,204 - spatial_moe_trainer - INFO - Saving metrics to ./optuna_results/trial_12/metrics
2025-04-24 23:42:03,207 - spatial_moe_trainer - INFO - Training metrics saved to ./optuna_results/trial_12/metrics/training_metrics.csv
2025-04-24 23:42:03,211 - spatial_moe_trainer - INFO - Validation metrics saved to ./optuna_results/trial_12/metrics/validation_metrics.csv
2025-04-24 23:42:03,254 - spatial_moe_trainer - INFO - Multi-Ethnic Spatial MoE model saved to ./optuna_results/trial_12/model.pt
2025-04-24 23:42:03,288 - __mp_main__ - INFO - Running trial 13 on device cuda:0
2025-04-24 23:42:03,303 - __main__ - INFO - Trial 12 completed with value: 681.981308
2025-04-24 23:42:03,481 - __mp_main__ - INFO - Using adjusted dimensions - hidden_dims: [150, 60, 48], coord_embed_dim: 36
2025-04-24 23:42:03,530 - spatial_moe_trainer - INFO - Multi-Ethnic Spatial MoE model initialized on cuda:0
2025-04-24 23:42:03,530 - spatial_moe_trainer - INFO - Model will predict 5 ethnicities: ['China', 'India', 'Philippines', 'Portugal', 'Sri Lanka']
2025-04-24 23:42:03,551 - __mp_main__ - INFO - Testing model forward pass before training...
2025-04-24 23:42:03,711 - __mp_main__ - INFO - Test forward pass successful. Output shape: torch.Size([64, 5])
2025-04-24 23:42:03,711 - spatial_moe_trainer - INFO - Starting multi-ethnic spatial MoE model training with learnable expert router...
2025-04-24 23:42:03,711 - spatial_moe_trainer - INFO - Using colonization_weight=8.93053359792161, jump_weight=7.496592619232377, decline_weight=1.3026934434163842, pde_weight=1.1807419121509417
2025-04-24 23:42:26,312 - spatial_moe_trainer - INFO - Epoch 1/100 - Train Loss: 1855.8483 (Col: 1311.3771, Jump: 930.7959, Decline: 107.2086, PDE: 5050.0735, Reg: 32864.6377), Eth Losses: China: 2931.8279, India: 1504.9755, Philippines: 2420.3682... (more ethnicities), Val Loss: 1994.4692, Val MAE: 27.2177, Val R2: 0.3118
2025-04-24 23:42:48,901 - spatial_moe_trainer - INFO - Epoch 2/100 - Train Loss: 1701.1302 (Col: 1119.7530, Jump: 923.1006, Decline: 100.0958, PDE: 4839.6183, Reg: 19207.5820), Eth Losses: China: 2772.5968, India: 1297.9483, Philippines: 2365.0723... (more ethnicities), Val Loss: 1772.8074, Val MAE: 24.5535, Val R2: 0.3883
2025-04-24 23:43:11,408 - spatial_moe_trainer - INFO - Epoch 3/100 - Train Loss: 1603.4951 (Col: 967.8833, Jump: 1078.2356, Decline: 98.4565, PDE: 4946.2612, Reg: 25529.3026), Eth Losses: China: 2673.1062, India: 1170.4665, Philippines: 2315.0419... (more ethnicities), Val Loss: 1638.9154, Val MAE: 21.9477, Val R2: 0.4345
2025-04-24 23:43:33,847 - spatial_moe_trainer - INFO - Epoch 4/100 - Train Loss: 1496.5214 (Col: 852.6457, Jump: 846.7198, Decline: 93.7856, PDE: 4672.1325, Reg: 28945.7983), Eth Losses: China: 2530.2552, India: 1103.7272, Philippines: 2210.9356... (more ethnicities), Val Loss: 1549.3243, Val MAE: 19.4936, Val R2: 0.4654
2025-04-24 23:43:56,243 - spatial_moe_trainer - INFO - Epoch 5/100 - Train Loss: 1424.3455 (Col: 779.0141, Jump: 820.9946, Decline: 92.0607, PDE: 4675.3291, Reg: 22005.5763), Eth Losses: China: 2355.0931, India: 1026.7289, Philippines: 2199.2646... (more ethnicities), Val Loss: 1429.1075, Val MAE: 17.9826, Val R2: 0.5069
2025-04-24 23:44:18,769 - spatial_moe_trainer - INFO - Epoch 6/100 - Train Loss: 1372.1188 (Col: 726.3775, Jump: 716.9812, Decline: 94.2000, PDE: 4450.4589, Reg: 19504.9367), Eth Losses: China: 2286.8457, India: 997.6500, Philippines: 2081.9328... (more ethnicities), Val Loss: 1329.2581, Val MAE: 17.3589, Val R2: 0.5413
2025-04-24 23:44:41,198 - spatial_moe_trainer - INFO - Epoch 7/100 - Train Loss: 1319.2004 (Col: 674.6422, Jump: 722.0326, Decline: 90.8399, PDE: 4416.3369, Reg: 16253.0648), Eth Losses: China: 2108.2220, India: 985.4838, Philippines: 2034.0277... (more ethnicities), Val Loss: 1264.6036, Val MAE: 16.9499, Val R2: 0.5636
2025-04-24 23:45:03,853 - spatial_moe_trainer - INFO - Epoch 8/100 - Train Loss: 1288.4337 (Col: 624.6775, Jump: 710.1259, Decline: 87.6985, PDE: 4471.5176, Reg: 21399.2161), Eth Losses: China: 2018.8081, India: 932.5283, Philippines: 2061.7038... (more ethnicities), Val Loss: 1208.5246, Val MAE: 16.6020, Val R2: 0.5830
2025-04-24 23:45:26,385 - spatial_moe_trainer - INFO - Epoch 9/100 - Train Loss: 1215.8486 (Col: 579.7776, Jump: 775.6055, Decline: 89.1173, PDE: 4282.8786, Reg: 21380.9459), Eth Losses: China: 1838.8829, India: 955.5899, Philippines: 1928.9137... (more ethnicities), Val Loss: 1153.2197, Val MAE: 16.3452, Val R2: 0.6021
2025-04-24 23:45:48,831 - spatial_moe_trainer - INFO - Epoch 10/100 - Train Loss: 1143.2902 (Col: 505.5821, Jump: 596.5153, Decline: 88.3891, PDE: 4080.1294, Reg: 20558.1831), Eth Losses: China: 1749.1660, India: 913.6648, Philippines: 1807.2317... (more ethnicities), Val Loss: 1131.6639, Val MAE: 16.0919, Val R2: 0.6095
2025-04-24 23:46:11,384 - spatial_moe_trainer - INFO - Trial pruned at epoch 11
2025-04-24 23:46:11,398 - spatial_moe_trainer - INFO - Saving metrics to ./optuna_results/trial_13/metrics
2025-04-24 23:46:11,400 - spatial_moe_trainer - INFO - Training metrics saved to ./optuna_results/trial_13/metrics/training_metrics.csv
2025-04-24 23:46:11,401 - spatial_moe_trainer - INFO - Validation metrics saved to ./optuna_results/trial_13/metrics/validation_metrics.csv
2025-04-24 23:46:11,447 - spatial_moe_trainer - INFO - Multi-Ethnic Spatial MoE model saved to ./optuna_results/trial_13/model.pt
2025-04-24 23:46:11,481 - __mp_main__ - INFO - Running trial 14 on device cuda:0
2025-04-24 23:46:11,495 - __main__ - INFO - Trial 13 completed with value: 1129.592482
2025-04-24 23:46:11,675 - __mp_main__ - INFO - Using adjusted dimensions - hidden_dims: [28, 32, 8], coord_embed_dim: 4
2025-04-24 23:46:11,720 - spatial_moe_trainer - INFO - Multi-Ethnic Spatial MoE model initialized on cuda:0
2025-04-24 23:46:11,720 - spatial_moe_trainer - INFO - Model will predict 5 ethnicities: ['China', 'India', 'Philippines', 'Portugal', 'Sri Lanka']
2025-04-24 23:46:11,740 - __mp_main__ - INFO - Testing model forward pass before training...
2025-04-24 23:46:11,899 - __mp_main__ - INFO - Test forward pass successful. Output shape: torch.Size([64, 5])
2025-04-24 23:46:11,900 - spatial_moe_trainer - INFO - Starting multi-ethnic spatial MoE model training with learnable expert router...
2025-04-24 23:46:11,900 - spatial_moe_trainer - INFO - Using colonization_weight=8.05266659034115, jump_weight=4.204821010014943, decline_weight=6.960307803166783, pde_weight=6.11551811076909
2025-04-24 23:46:34,425 - spatial_moe_trainer - INFO - Epoch 1/100 - Train Loss: 1681.7112 (Col: 1246.0280, Jump: 936.5223, Decline: 175.3767, PDE: 5003.7506, Reg: 14981.3119), Eth Losses: China: 3043.2721, India: 1239.4125, Philippines: 1935.0249... (more ethnicities), Val Loss: 2171.6163, Val MAE: 26.0256, Val R2: 0.2506
2025-04-24 23:46:57,022 - spatial_moe_trainer - INFO - Epoch 2/100 - Train Loss: 1562.9519 (Col: 1030.9739, Jump: 967.5235, Decline: 165.1037, PDE: 5077.4149, Reg: 24967.4176), Eth Losses: China: 2956.0269, India: 1183.8020, Philippines: 1752.3581... (more ethnicities), Val Loss: 2048.6948, Val MAE: 23.3988, Val R2: 0.2931
2025-04-24 23:47:19,852 - spatial_moe_trainer - INFO - Epoch 3/100 - Train Loss: 1457.3641 (Col: 900.4197, Jump: 861.9844, Decline: 166.1076, PDE: 4954.0631, Reg: 23980.9096), Eth Losses: China: 2860.0744, India: 1057.3615, Philippines: 1697.3558... (more ethnicities), Val Loss: 1926.7878, Val MAE: 21.1770, Val R2: 0.3351
2025-04-24 23:47:42,684 - spatial_moe_trainer - INFO - Epoch 4/100 - Train Loss: 1383.1669 (Col: 843.2046, Jump: 837.9749, Decline: 161.4711, PDE: 4805.7909, Reg: 13419.2470), Eth Losses: China: 2638.8003, India: 1055.9588, Philippines: 1623.9512... (more ethnicities), Val Loss: 1816.8960, Val MAE: 19.5833, Val R2: 0.3730
2025-04-24 23:48:05,309 - spatial_moe_trainer - INFO - Epoch 5/100 - Train Loss: 1312.1346 (Col: 740.3576, Jump: 752.5294, Decline: 161.9588, PDE: 4690.3258, Reg: 19796.1761), Eth Losses: China: 2450.6537, India: 1041.9306, Philippines: 1577.4995... (more ethnicities), Val Loss: 1702.3150, Val MAE: 18.4187, Val R2: 0.4126
2025-04-24 23:48:27,854 - spatial_moe_trainer - INFO - Epoch 6/100 - Train Loss: 1237.7975 (Col: 683.8116, Jump: 921.3891, Decline: 160.7920, PDE: 4526.7679, Reg: 21565.1805), Eth Losses: China: 2261.3656, India: 984.2858, Philippines: 1552.7068... (more ethnicities), Val Loss: 1609.7408, Val MAE: 17.8690, Val R2: 0.4445
2025-04-24 23:48:50,427 - spatial_moe_trainer - INFO - Epoch 7/100 - Train Loss: 1176.9076 (Col: 639.4305, Jump: 855.2668, Decline: 158.1886, PDE: 4223.3832, Reg: 14501.5714), Eth Losses: China: 2102.7505, India: 933.3836, Philippines: 1484.9988... (more ethnicities), Val Loss: 1539.4045, Val MAE: 17.4850, Val R2: 0.4688
2025-04-24 23:49:12,982 - spatial_moe_trainer - INFO - Epoch 8/100 - Train Loss: 1138.1631 (Col: 601.4006, Jump: 875.3508, Decline: 154.7754, PDE: 4237.1452, Reg: 10891.7470), Eth Losses: China: 1949.4346, India: 924.9216, Philippines: 1461.6922... (more ethnicities), Val Loss: 1490.6506, Val MAE: 17.1386, Val R2: 0.4856
2025-04-24 23:49:35,406 - spatial_moe_trainer - INFO - Epoch 9/100 - Train Loss: 1103.3757 (Col: 558.6474, Jump: 848.0796, Decline: 147.5179, PDE: 4090.2032, Reg: 20993.5919), Eth Losses: China: 1848.1187, India: 944.3361, Philippines: 1428.0560... (more ethnicities), Val Loss: 1440.7980, Val MAE: 16.9923, Val R2: 0.5028
2025-04-24 23:49:57,926 - spatial_moe_trainer - INFO - Epoch 10/100 - Train Loss: 1043.0654 (Col: 506.9274, Jump: 842.4710, Decline: 148.6101, PDE: 3883.6468, Reg: 17875.5514), Eth Losses: China: 1777.5715, India: 898.1845, Philippines: 1357.2147... (more ethnicities), Val Loss: 1378.8151, Val MAE: 16.7489, Val R2: 0.5242
2025-04-24 23:50:20,381 - spatial_moe_trainer - INFO - Trial pruned at epoch 11
2025-04-24 23:50:20,390 - spatial_moe_trainer - INFO - Saving metrics to ./optuna_results/trial_14/metrics
2025-04-24 23:50:20,392 - spatial_moe_trainer - INFO - Training metrics saved to ./optuna_results/trial_14/metrics/training_metrics.csv
2025-04-24 23:50:20,394 - spatial_moe_trainer - INFO - Validation metrics saved to ./optuna_results/trial_14/metrics/validation_metrics.csv
2025-04-24 23:50:20,430 - spatial_moe_trainer - INFO - Multi-Ethnic Spatial MoE model saved to ./optuna_results/trial_14/model.pt
2025-04-24 23:50:20,463 - __mp_main__ - INFO - Running trial 15 on device cuda:0
2025-04-24 23:50:20,477 - __main__ - INFO - Trial 14 completed with value: 1374.957784
2025-04-24 23:50:20,653 - __mp_main__ - INFO - Using adjusted dimensions - hidden_dims: [104, 40, 8], coord_embed_dim: 20
2025-04-24 23:50:20,835 - spatial_moe_trainer - INFO - Multi-Ethnic Spatial MoE model initialized on cuda:0
2025-04-24 23:50:20,835 - spatial_moe_trainer - INFO - Model will predict 5 ethnicities: ['China', 'India', 'Philippines', 'Portugal', 'Sri Lanka']
2025-04-24 23:50:20,856 - __mp_main__ - INFO - Testing model forward pass before training...
2025-04-24 23:50:21,015 - __mp_main__ - INFO - Test forward pass successful. Output shape: torch.Size([64, 5])
2025-04-24 23:50:21,015 - spatial_moe_trainer - INFO - Starting multi-ethnic spatial MoE model training with learnable expert router...
2025-04-24 23:50:21,015 - spatial_moe_trainer - INFO - Using colonization_weight=4.013156586009125, jump_weight=7.981465341598607, decline_weight=4.114726751921404, pde_weight=2.0782176795602387
2025-04-24 23:50:43,599 - spatial_moe_trainer - INFO - Epoch 1/100 - Train Loss: 1207.7499 (Col: 1028.6204, Jump: 874.2191, Decline: 237.6776, PDE: 3457.8548, Reg: 8389.8665), Eth Losses: China: 2033.3387, India: 981.2424, Philippines: 1145.4225... (more ethnicities), Val Loss: 1576.7211, Val MAE: 17.9626, Val R2: 0.4559
2025-04-24 23:51:06,193 - spatial_moe_trainer - INFO - Epoch 2/100 - Train Loss: 838.8544 (Col: 699.3628, Jump: 665.3242, Decline: 206.3438, PDE: 2415.8258, Reg: 4832.3633), Eth Losses: China: 1322.6341, India: 671.1257, Philippines: 849.6868... (more ethnicities), Val Loss: 1081.3642, Val MAE: 16.0012, Val R2: 0.6269
2025-04-24 23:51:28,784 - spatial_moe_trainer - INFO - Epoch 3/100 - Train Loss: 649.1383 (Col: 482.3529, Jump: 591.2943, Decline: 184.6014, PDE: 1978.2862, Reg: 7297.6081), Eth Losses: China: 1000.2331, India: 597.2451, Philippines: 709.5299... (more ethnicities), Val Loss: 975.2214, Val MAE: 15.2165, Val R2: 0.6635
2025-04-24 23:51:51,383 - spatial_moe_trainer - INFO - Epoch 4/100 - Train Loss: 509.3439 (Col: 294.5566, Jump: 524.1718, Decline: 176.3912, PDE: 1767.5166, Reg: 9076.2519), Eth Losses: China: 684.5368, India: 595.7214, Philippines: 632.6296... (more ethnicities), Val Loss: 954.1586, Val MAE: 14.7870, Val R2: 0.6707
2025-04-24 23:52:14,065 - spatial_moe_trainer - INFO - Epoch 5/100 - Train Loss: 445.4494 (Col: 249.3363, Jump: 471.4707, Decline: 160.9096, PDE: 1689.3638, Reg: 5203.1372), Eth Losses: China: 628.2397, India: 493.0090, Philippines: 524.6040... (more ethnicities), Val Loss: 891.5799, Val MAE: 14.2193, Val R2: 0.6923
2025-04-24 23:52:36,680 - spatial_moe_trainer - INFO - Epoch 6/100 - Train Loss: 420.5410 (Col: 218.2357, Jump: 412.4636, Decline: 150.3445, PDE: 1581.6475, Reg: 5242.7511), Eth Losses: China: 613.4904, India: 459.7057, Philippines: 476.1637... (more ethnicities), Val Loss: 835.1380, Val MAE: 14.1232, Val R2: 0.7118
2025-04-24 23:52:59,496 - spatial_moe_trainer - INFO - Epoch 7/100 - Train Loss: 373.7141 (Col: 176.3269, Jump: 412.4578, Decline: 149.1435, PDE: 1483.9744, Reg: 4759.3113), Eth Losses: China: 530.6062, India: 439.1741, Philippines: 437.2216... (more ethnicities), Val Loss: 860.8020, Val MAE: 14.1111, Val R2: 0.7030
2025-04-24 23:53:22,053 - spatial_moe_trainer - INFO - Epoch 8/100 - Train Loss: 362.5699 (Col: 187.7292, Jump: 365.1249, Decline: 144.5501, PDE: 1439.1946, Reg: 4042.2542), Eth Losses: China: 506.1827, India: 390.6392, Philippines: 416.4043... (more ethnicities), Val Loss: 823.2708, Val MAE: 13.8693, Val R2: 0.7159
2025-04-24 23:53:44,415 - spatial_moe_trainer - INFO - Epoch 9/100 - Train Loss: 358.0460 (Col: 191.0327, Jump: 353.0640, Decline: 143.7235, PDE: 1346.4165, Reg: 3878.5048), Eth Losses: China: 481.4377, India: 362.0400, Philippines: 420.0326... (more ethnicities), Val Loss: 840.7098, Val MAE: 13.7084, Val R2: 0.7099
2025-04-24 23:54:06,965 - spatial_moe_trainer - INFO - Epoch 10/100 - Train Loss: 373.6661 (Col: 208.6297, Jump: 356.3211, Decline: 140.4644, PDE: 1303.8420, Reg: 5249.4792), Eth Losses: China: 570.7542, India: 416.3750, Philippines: 391.3137... (more ethnicities), Val Loss: 841.4795, Val MAE: 13.9755, Val R2: 0.7096
2025-04-24 23:54:29,513 - spatial_moe_trainer - INFO - Epoch 11/100 - Train Loss: 319.1464 (Col: 152.0914, Jump: 335.6056, Decline: 134.4703, PDE: 1299.2791, Reg: 3902.6892), Eth Losses: China: 398.0379, India: 353.4670, Philippines: 389.8186... (more ethnicities), Val Loss: 758.9960, Val MAE: 13.3961, Val R2: 0.7381
2025-04-24 23:54:51,948 - spatial_moe_trainer - INFO - Epoch 12/100 - Train Loss: 338.7323 (Col: 185.5740, Jump: 325.8518, Decline: 133.3405, PDE: 1322.8727, Reg: 3168.8070), Eth Losses: China: 423.1928, India: 349.9604, Philippines: 392.1741... (more ethnicities), Val Loss: 754.7766, Val MAE: 13.6327, Val R2: 0.7396
2025-04-24 23:55:14,600 - spatial_moe_trainer - INFO - Epoch 13/100 - Train Loss: 316.7450 (Col: 153.7972, Jump: 322.6034, Decline: 132.0500, PDE: 1258.6089, Reg: 3971.1552), Eth Losses: China: 421.3992, India: 339.9460, Philippines: 365.7509... (more ethnicities), Val Loss: 786.2780, Val MAE: 13.5223, Val R2: 0.7287
2025-04-24 23:55:37,242 - spatial_moe_trainer - INFO - Epoch 14/100 - Train Loss: 293.8510 (Col: 137.8060, Jump: 317.6979, Decline: 131.0565, PDE: 1187.2167, Reg: 2963.7401), Eth Losses: China: 352.1303, India: 349.9865, Philippines: 338.6076... (more ethnicities), Val Loss: 753.7497, Val MAE: 13.4572, Val R2: 0.7399
2025-04-24 23:55:59,759 - spatial_moe_trainer - INFO - Epoch 15/100 - Train Loss: 283.2369 (Col: 133.5710, Jump: 324.8938, Decline: 124.3626, PDE: 1169.9551, Reg: 3315.7799), Eth Losses: China: 367.5777, India: 319.5957, Philippines: 332.3916... (more ethnicities), Val Loss: 735.8749, Val MAE: 13.3515, Val R2: 0.7461
2025-04-24 23:56:22,416 - spatial_moe_trainer - INFO - Epoch 16/100 - Train Loss: 290.3883 (Col: 155.2575, Jump: 304.3921, Decline: 124.6529, PDE: 1125.1883, Reg: 3168.3258), Eth Losses: China: 366.1517, India: 311.8368, Philippines: 325.1194... (more ethnicities), Val Loss: 743.2587, Val MAE: 13.1425, Val R2: 0.7435
2025-04-24 23:56:44,862 - spatial_moe_trainer - INFO - Epoch 17/100 - Train Loss: 272.2522 (Col: 141.2978, Jump: 281.5724, Decline: 119.6701, PDE: 1126.4170, Reg: 2639.2595), Eth Losses: China: 338.6910, India: 273.0972, Philippines: 332.5484... (more ethnicities), Val Loss: 751.2968, Val MAE: 13.0876, Val R2: 0.7408
2025-04-24 23:57:07,421 - spatial_moe_trainer - INFO - Epoch 18/100 - Train Loss: 269.1654 (Col: 139.5606, Jump: 303.7878, Decline: 118.9168, PDE: 1093.3504, Reg: 1957.9837), Eth Losses: China: 339.9670, India: 262.6945, Philippines: 315.9801... (more ethnicities), Val Loss: 717.5814, Val MAE: 13.1952, Val R2: 0.7524
2025-04-24 23:57:30,022 - spatial_moe_trainer - INFO - Epoch 19/100 - Train Loss: 269.1002 (Col: 122.7683, Jump: 267.7696, Decline: 112.7022, PDE: 1085.2869, Reg: 3668.6522), Eth Losses: China: 382.9424, India: 258.5105, Philippines: 307.4052... (more ethnicities), Val Loss: 691.7691, Val MAE: 12.9144, Val R2: 0.7613
2025-04-24 23:57:52,601 - spatial_moe_trainer - INFO - Epoch 20/100 - Train Loss: 261.8920 (Col: 125.1592, Jump: 261.5170, Decline: 108.2632, PDE: 1077.2821, Reg: 4671.9869), Eth Losses: China: 349.8779, India: 258.3490, Philippines: 300.5794... (more ethnicities), Val Loss: 707.7099, Val MAE: 12.8569, Val R2: 0.7558
2025-04-24 23:58:15,218 - spatial_moe_trainer - INFO - Epoch 21/100 - Train Loss: 257.4356 (Col: 125.6127, Jump: 254.5494, Decline: 108.3446, PDE: 1059.3012, Reg: 2596.0734), Eth Losses: China: 330.1841, India: 232.4764, Philippines: 321.4128... (more ethnicities), Val Loss: 706.5875, Val MAE: 13.1300, Val R2: 0.7562
2025-04-24 23:58:37,667 - spatial_moe_trainer - INFO - Epoch 22/100 - Train Loss: 253.0762 (Col: 132.0454, Jump: 252.4205, Decline: 99.8761, PDE: 1050.9890, Reg: 2178.0084), Eth Losses: China: 298.6303, India: 252.1105, Philippines: 303.0632... (more ethnicities), Val Loss: 733.4218, Val MAE: 13.0655, Val R2: 0.7469
2025-04-24 23:59:00,011 - spatial_moe_trainer - INFO - Epoch 23/100 - Train Loss: 244.0254 (Col: 117.4710, Jump: 239.5860, Decline: 103.2461, PDE: 980.4795, Reg: 3243.0247), Eth Losses: China: 342.8991, India: 234.5992, Philippines: 277.2673... (more ethnicities), Val Loss: 668.3108, Val MAE: 12.7352, Val R2: 0.7694
2025-04-24 23:59:22,609 - spatial_moe_trainer - INFO - Epoch 24/100 - Train Loss: 241.3576 (Col: 120.0942, Jump: 238.3672, Decline: 101.2778, PDE: 983.6270, Reg: 2481.0528), Eth Losses: China: 315.9250, India: 232.7094, Philippines: 286.2113... (more ethnicities), Val Loss: 710.2759, Val MAE: 12.8985, Val R2: 0.7549
2025-04-24 23:59:45,250 - spatial_moe_trainer - INFO - Epoch 25/100 - Train Loss: 217.6928 (Col: 98.2569, Jump: 232.3133, Decline: 97.3524, PDE: 983.5162, Reg: 1531.0076), Eth Losses: China: 277.3774, India: 208.8752, Philippines: 271.5234... (more ethnicities), Val Loss: 688.3000, Val MAE: 12.6130, Val R2: 0.7625
2025-04-25 00:00:07,837 - spatial_moe_trainer - INFO - Epoch 26/100 - Train Loss: 217.2862 (Col: 99.6505, Jump: 220.2009, Decline: 96.3779, PDE: 953.7368, Reg: 1859.7686), Eth Losses: China: 289.1815, India: 233.7838, Philippines: 255.8518... (more ethnicities), Val Loss: 736.5039, Val MAE: 12.8132, Val R2: 0.7459
2025-04-25 00:00:30,289 - spatial_moe_trainer - INFO - Epoch 27/100 - Train Loss: 216.2946 (Col: 94.9596, Jump: 234.0165, Decline: 93.5224, PDE: 926.9769, Reg: 2523.0541), Eth Losses: China: 295.7135, India: 206.5070, Philippines: 227.9500... (more ethnicities), Val Loss: 687.9760, Val MAE: 12.5776, Val R2: 0.7626
2025-04-25 00:00:52,861 - spatial_moe_trainer - INFO - Epoch 28/100 - Train Loss: 213.8852 (Col: 102.5508, Jump: 224.1543, Decline: 93.7922, PDE: 911.6827, Reg: 2053.4037), Eth Losses: China: 284.0212, India: 219.1377, Philippines: 231.4603... (more ethnicities), Val Loss: 700.9156, Val MAE: 12.6255, Val R2: 0.7581
2025-04-25 00:01:15,335 - spatial_moe_trainer - INFO - Epoch 29/100 - Train Loss: 214.4989 (Col: 94.3120, Jump: 229.1478, Decline: 92.5946, PDE: 901.5947, Reg: 2929.3160), Eth Losses: China: 321.2961, India: 208.7913, Philippines: 231.7598... (more ethnicities), Val Loss: 688.3309, Val MAE: 12.4544, Val R2: 0.7625
2025-04-25 00:01:37,800 - spatial_moe_trainer - INFO - Epoch 30/100 - Train Loss: 203.1844 (Col: 90.0262, Jump: 211.4362, Decline: 81.6111, PDE: 916.2427, Reg: 1874.4164), Eth Losses: China: 292.2959, India: 199.0467, Philippines: 228.3631... (more ethnicities), Val Loss: 680.3122, Val MAE: 12.4968, Val R2: 0.7652
2025-04-25 00:02:00,445 - spatial_moe_trainer - INFO - Epoch 31/100 - Train Loss: 202.7523 (Col: 83.9802, Jump: 218.6917, Decline: 83.6075, PDE: 922.4551, Reg: 2522.9145), Eth Losses: China: 278.2267, India: 207.5861, Philippines: 220.0957... (more ethnicities), Val Loss: 672.8623, Val MAE: 12.4068, Val R2: 0.7678
2025-04-25 00:02:23,001 - spatial_moe_trainer - INFO - Epoch 32/100 - Train Loss: 188.8224 (Col: 74.9281, Jump: 212.4111, Decline: 85.1952, PDE: 852.2629, Reg: 2037.9190), Eth Losses: China: 248.7879, India: 204.0324, Philippines: 210.5334... (more ethnicities), Val Loss: 666.0260, Val MAE: 12.4238, Val R2: 0.7702
2025-04-25 00:02:45,590 - spatial_moe_trainer - INFO - Epoch 33/100 - Train Loss: 202.8736 (Col: 72.4518, Jump: 209.0730, Decline: 81.7366, PDE: 1094.5182, Reg: 2496.2371), Eth Losses: China: 234.9294, India: 190.9256, Philippines: 228.4317... (more ethnicities), Val Loss: 694.9502, Val MAE: 12.4454, Val R2: 0.7602
2025-04-25 00:03:08,058 - spatial_moe_trainer - INFO - Epoch 34/100 - Train Loss: 202.6277 (Col: 72.6457, Jump: 211.3056, Decline: 77.9019, PDE: 856.5837, Reg: 3452.6888), Eth Losses: China: 313.3610, India: 203.3591, Philippines: 216.7913... (more ethnicities), Val Loss: 668.8538, Val MAE: 12.4579, Val R2: 0.7692
2025-04-25 00:03:30,883 - spatial_moe_trainer - INFO - Epoch 35/100 - Train Loss: 187.1776 (Col: 71.1643, Jump: 208.4458, Decline: 84.4159, PDE: 874.4875, Reg: 2244.3777), Eth Losses: China: 255.5851, India: 192.3075, Philippines: 208.1441... (more ethnicities), Val Loss: 700.9733, Val MAE: 12.4959, Val R2: 0.7581
2025-04-25 00:03:53,324 - spatial_moe_trainer - INFO - Epoch 36/100 - Train Loss: 186.8680 (Col: 70.3248, Jump: 210.1214, Decline: 85.4495, PDE: 907.6856, Reg: 1472.3468), Eth Losses: China: 246.2756, India: 198.7030, Philippines: 221.8752... (more ethnicities), Val Loss: 685.4745, Val MAE: 12.3926, Val R2: 0.7635
2025-04-25 00:04:15,883 - spatial_moe_trainer - INFO - Epoch 37/100 - Train Loss: 198.2228 (Col: 93.0407, Jump: 204.5402, Decline: 79.5262, PDE: 857.6985, Reg: 1311.3959), Eth Losses: China: 254.4874, India: 179.4959, Philippines: 207.3136... (more ethnicities), Val Loss: 679.9361, Val MAE: 12.4041, Val R2: 0.7654
2025-04-25 00:04:38,471 - spatial_moe_trainer - INFO - Epoch 38/100 - Train Loss: 182.7234 (Col: 79.9437, Jump: 211.4062, Decline: 80.6706, PDE: 804.8007, Reg: 1755.8824), Eth Losses: China: 249.3839, India: 189.8761, Philippines: 203.3117... (more ethnicities), Val Loss: 671.1299, Val MAE: 12.3721, Val R2: 0.7684
2025-04-25 00:05:00,998 - spatial_moe_trainer - INFO - Epoch 39/100 - Train Loss: 180.5199 (Col: 72.7124, Jump: 201.9277, Decline: 76.5372, PDE: 847.4813, Reg: 1655.6607), Eth Losses: China: 226.6475, India: 186.8078, Philippines: 204.1453... (more ethnicities), Val Loss: 681.2542, Val MAE: 12.3607, Val R2: 0.7649
2025-04-25 00:05:23,664 - spatial_moe_trainer - INFO - Epoch 40/100 - Train Loss: 184.1041 (Col: 76.8192, Jump: 203.4948, Decline: 81.3884, PDE: 801.4805, Reg: 2373.3440), Eth Losses: China: 246.8685, India: 187.1187, Philippines: 206.0711... (more ethnicities), Val Loss: 659.5059, Val MAE: 12.2710, Val R2: 0.7724
2025-04-25 00:05:46,330 - spatial_moe_trainer - INFO - Epoch 41/100 - Train Loss: 181.8127 (Col: 73.1176, Jump: 200.7970, Decline: 75.2481, PDE: 842.1162, Reg: 2134.2440), Eth Losses: China: 242.5737, India: 185.3918, Philippines: 197.0109... (more ethnicities), Val Loss: 657.1582, Val MAE: 12.3150, Val R2: 0.7732
2025-04-25 00:06:08,956 - spatial_moe_trainer - INFO - Epoch 42/100 - Train Loss: 176.6987 (Col: 74.3478, Jump: 202.6687, Decline: 78.0882, PDE: 797.3584, Reg: 1884.8657), Eth Losses: China: 245.9395, India: 175.7225, Philippines: 189.4013... (more ethnicities), Val Loss: 659.1425, Val MAE: 12.2697, Val R2: 0.7726
2025-04-25 00:06:31,317 - spatial_moe_trainer - INFO - Epoch 43/100 - Train Loss: 179.7266 (Col: 73.0337, Jump: 200.6123, Decline: 76.2252, PDE: 845.7372, Reg: 1467.1718), Eth Losses: China: 227.7652, India: 190.6895, Philippines: 193.3520... (more ethnicities), Val Loss: 675.8385, Val MAE: 12.3175, Val R2: 0.7668
2025-04-25 00:06:53,752 - spatial_moe_trainer - INFO - Epoch 44/100 - Train Loss: 172.3898 (Col: 74.2673, Jump: 191.3102, Decline: 76.2015, PDE: 783.6878, Reg: 1534.9711), Eth Losses: China: 218.6661, India: 176.6609, Philippines: 200.4229... (more ethnicities), Val Loss: 659.6708, Val MAE: 12.2806, Val R2: 0.7724
2025-04-25 00:07:16,341 - spatial_moe_trainer - INFO - Epoch 45/100 - Train Loss: 174.0013 (Col: 69.1033, Jump: 196.0480, Decline: 79.7911, PDE: 807.7295, Reg: 1751.6905), Eth Losses: China: 216.0654, India: 191.1499, Philippines: 197.1951... (more ethnicities), Val Loss: 664.9847, Val MAE: 12.3104, Val R2: 0.7705
2025-04-25 00:07:38,888 - spatial_moe_trainer - INFO - Epoch 46/100 - Train Loss: 170.1399 (Col: 69.2977, Jump: 197.3539, Decline: 78.6831, PDE: 785.4609, Reg: 1339.2727), Eth Losses: China: 220.6336, India: 187.0630, Philippines: 188.5920... (more ethnicities), Val Loss: 671.6933, Val MAE: 12.2942, Val R2: 0.7682
2025-04-25 00:08:01,267 - spatial_moe_trainer - INFO - Epoch 47/100 - Train Loss: 172.7119 (Col: 70.7164, Jump: 200.7738, Decline: 77.5802, PDE: 777.4946, Reg: 1653.2294), Eth Losses: China: 229.9627, India: 177.6435, Philippines: 203.4490... (more ethnicities), Val Loss: 673.2305, Val MAE: 12.2995, Val R2: 0.7677
2025-04-25 00:08:23,856 - spatial_moe_trainer - INFO - Epoch 48/100 - Train Loss: 172.8499 (Col: 67.6419, Jump: 202.0892, Decline: 72.0162, PDE: 829.8481, Reg: 1382.7543), Eth Losses: China: 210.5894, India: 185.6979, Philippines: 205.4987... (more ethnicities), Val Loss: 670.6879, Val MAE: 12.3084, Val R2: 0.7686
2025-04-25 00:08:46,243 - spatial_moe_trainer - INFO - Epoch 49/100 - Train Loss: 176.7758 (Col: 71.2394, Jump: 183.1958, Decline: 73.6275, PDE: 844.7857, Reg: 1715.9350), Eth Losses: China: 224.5547, India: 182.7632, Philippines: 215.2291... (more ethnicities), Val Loss: 663.9468, Val MAE: 12.2442, Val R2: 0.7709
2025-04-25 00:09:08,746 - spatial_moe_trainer - INFO - Epoch 50/100 - Train Loss: 159.2555 (Col: 57.3293, Jump: 188.3517, Decline: 76.0145, PDE: 775.6155, Reg: 1323.8184), Eth Losses: China: 196.7573, India: 173.9913, Philippines: 186.9964... (more ethnicities), Val Loss: 668.4467, Val MAE: 12.2797, Val R2: 0.7693
2025-04-25 00:09:31,177 - spatial_moe_trainer - INFO - Epoch 51/100 - Train Loss: 165.2444 (Col: 59.2042, Jump: 191.5259, Decline: 74.7180, PDE: 829.2030, Reg: 1626.7066), Eth Losses: China: 187.2866, India: 179.4999, Philippines: 213.4921... (more ethnicities), Val Loss: 672.9449, Val MAE: 12.3070, Val R2: 0.7678
2025-04-25 00:09:31,177 - spatial_moe_trainer - INFO - Early stopping at epoch 51
2025-04-25 00:09:31,193 - spatial_moe_trainer - INFO - Saving metrics to ./optuna_results/trial_15/metrics
2025-04-25 00:09:31,196 - spatial_moe_trainer - INFO - Training metrics saved to ./optuna_results/trial_15/metrics/training_metrics.csv
2025-04-25 00:09:31,200 - spatial_moe_trainer - INFO - Validation metrics saved to ./optuna_results/trial_15/metrics/validation_metrics.csv
2025-04-25 00:09:31,239 - spatial_moe_trainer - INFO - Multi-Ethnic Spatial MoE model saved to ./optuna_results/trial_15/model.pt
2025-04-25 00:09:31,273 - __mp_main__ - INFO - Running trial 16 on device cuda:0
2025-04-25 00:09:31,288 - __main__ - INFO - Trial 15 completed with value: 657.158164
2025-04-25 00:09:31,469 - __mp_main__ - INFO - Using adjusted dimensions - hidden_dims: [64, 16, 28], coord_embed_dim: 16
2025-04-25 00:09:31,516 - spatial_moe_trainer - INFO - Multi-Ethnic Spatial MoE model initialized on cuda:0
2025-04-25 00:09:31,516 - spatial_moe_trainer - INFO - Model will predict 5 ethnicities: ['China', 'India', 'Philippines', 'Portugal', 'Sri Lanka']
2025-04-25 00:09:31,537 - __mp_main__ - INFO - Testing model forward pass before training...
2025-04-25 00:09:31,696 - __mp_main__ - INFO - Test forward pass successful. Output shape: torch.Size([64, 5])
2025-04-25 00:09:31,696 - spatial_moe_trainer - INFO - Starting multi-ethnic spatial MoE model training with learnable expert router...
2025-04-25 00:09:31,696 - spatial_moe_trainer - INFO - Using colonization_weight=7.911104799977132, jump_weight=6.0267225770136115, decline_weight=1.3026934434163842, pde_weight=5.172326697890094
2025-04-25 00:09:54,138 - spatial_moe_trainer - INFO - Epoch 1/100 - Train Loss: 1223.6242 (Col: 775.8148, Jump: 721.0871, Decline: 152.7420, PDE: 3921.0764, Reg: 18394.0354), Eth Losses: China: 2086.9679, India: 858.0470, Philippines: 1546.5652... (more ethnicities), Val Loss: 1189.2350, Val MAE: 16.0515, Val R2: 0.5896
2025-04-25 00:10:16,785 - spatial_moe_trainer - INFO - Epoch 2/100 - Train Loss: 840.9057 (Col: 423.5514, Jump: 554.1396, Decline: 146.1940, PDE: 3231.6960, Reg: 14293.2904), Eth Losses: China: 1369.1050, India: 646.1554, Philippines: 1131.0781... (more ethnicities), Val Loss: 1043.8766, Val MAE: 15.6610, Val R2: 0.6398
2025-04-25 00:10:39,295 - spatial_moe_trainer - INFO - Epoch 3/100 - Train Loss: 657.9126 (Col: 270.9031, Jump: 456.5180, Decline: 137.5277, PDE: 2745.7037, Reg: 8760.8410), Eth Losses: China: 1032.3628, India: 566.9859, Philippines: 927.7711... (more ethnicities), Val Loss: 918.2556, Val MAE: 14.3917, Val R2: 0.6831
2025-04-25 00:11:01,810 - spatial_moe_trainer - INFO - Epoch 4/100 - Train Loss: 555.3851 (Col: 188.7002, Jump: 359.5313, Decline: 120.8860, PDE: 2336.8863, Reg: 10714.0020), Eth Losses: China: 907.6076, India: 469.6109, Philippines: 778.0821... (more ethnicities), Val Loss: 848.3801, Val MAE: 13.7954, Val R2: 0.7073
2025-04-25 00:11:24,365 - spatial_moe_trainer - INFO - Epoch 5/100 - Train Loss: 511.7026 (Col: 194.9498, Jump: 275.9054, Decline: 122.0098, PDE: 2075.2972, Reg: 8121.1282), Eth Losses: China: 831.7938, India: 457.1583, Philippines: 659.5078... (more ethnicities), Val Loss: 718.8362, Val MAE: 13.0455, Val R2: 0.7520
2025-04-25 00:11:46,820 - spatial_moe_trainer - INFO - Epoch 6/100 - Train Loss: 493.3499 (Col: 180.4563, Jump: 292.8938, Decline: 132.9285, PDE: 1986.6949, Reg: 9072.9442), Eth Losses: China: 852.1716, India: 483.3198, Philippines: 537.3226... (more ethnicities), Val Loss: 787.4946, Val MAE: 12.9714, Val R2: 0.7283
2025-04-25 00:12:09,301 - spatial_moe_trainer - INFO - Epoch 7/100 - Train Loss: 451.4661 (Col: 197.4403, Jump: 211.0741, Decline: 122.7491, PDE: 1645.5457, Reg: 10458.4352), Eth Losses: China: 799.3736, India: 406.9091, Philippines: 504.9708... (more ethnicities), Val Loss: 839.5109, Val MAE: 13.2201, Val R2: 0.7103
2025-04-25 00:12:31,688 - spatial_moe_trainer - INFO - Epoch 8/100 - Train Loss: 468.7145 (Col: 178.1527, Jump: 157.4332, Decline: 127.8972, PDE: 1867.9188, Reg: 8843.9136), Eth Losses: China: 889.4786, India: 392.6770, Philippines: 491.4376... (more ethnicities), Val Loss: 811.5498, Val MAE: 12.8387, Val R2: 0.7200
2025-04-25 00:12:54,082 - spatial_moe_trainer - INFO - Epoch 9/100 - Train Loss: 372.8827 (Col: 120.8384, Jump: 154.0112, Decline: 131.7745, PDE: 1485.2100, Reg: 9768.2235), Eth Losses: China: 628.6434, India: 316.2033, Philippines: 444.3702... (more ethnicities), Val Loss: 729.0916, Val MAE: 12.5296, Val R2: 0.7484
2025-04-25 00:13:16,587 - spatial_moe_trainer - INFO - Epoch 10/100 - Train Loss: 357.4259 (Col: 139.5384, Jump: 139.2364, Decline: 145.0289, PDE: 1346.8885, Reg: 8333.3152), Eth Losses: China: 538.9640, India: 364.2629, Philippines: 417.2811... (more ethnicities), Val Loss: 710.7348, Val MAE: 12.3376, Val R2: 0.7547
2025-04-25 00:13:38,942 - spatial_moe_trainer - INFO - Epoch 11/100 - Train Loss: 380.6533 (Col: 140.5726, Jump: 148.1865, Decline: 138.1990, PDE: 1363.8799, Reg: 11569.9365), Eth Losses: China: 739.1538, India: 303.4323, Philippines: 423.8136... (more ethnicities), Val Loss: 719.1437, Val MAE: 12.3317, Val R2: 0.7518
2025-04-25 00:14:01,599 - spatial_moe_trainer - INFO - Epoch 12/100 - Train Loss: 338.2006 (Col: 131.5066, Jump: 138.2366, Decline: 141.9223, PDE: 1192.4177, Reg: 14000.5610), Eth Losses: China: 526.8868, India: 311.8769, Philippines: 433.1769... (more ethnicities), Val Loss: 676.0741, Val MAE: 12.3894, Val R2: 0.7667
2025-04-25 00:14:24,156 - spatial_moe_trainer - INFO - Epoch 13/100 - Train Loss: 305.5308 (Col: 124.8093, Jump: 158.2007, Decline: 145.3396, PDE: 1172.5033, Reg: 3555.3955), Eth Losses: China: 470.3506, India: 282.2698, Philippines: 401.1588... (more ethnicities), Val Loss: 760.1022, Val MAE: 12.4069, Val R2: 0.7377
2025-04-25 00:14:46,859 - spatial_moe_trainer - INFO - Epoch 14/100 - Train Loss: 288.1667 (Col: 108.9633, Jump: 121.5337, Decline: 147.7196, PDE: 1094.4220, Reg: 4665.6534), Eth Losses: China: 449.0126, India: 272.5972, Philippines: 370.7191... (more ethnicities), Val Loss: 658.6116, Val MAE: 11.9388, Val R2: 0.7727
2025-04-25 00:15:09,480 - spatial_moe_trainer - INFO - Epoch 15/100 - Train Loss: 295.8217 (Col: 108.8030, Jump: 136.3994, Decline: 139.3163, PDE: 1110.7899, Reg: 7887.3526), Eth Losses: China: 515.4876, India: 278.5188, Philippines: 351.9544... (more ethnicities), Val Loss: 637.1525, Val MAE: 11.8744, Val R2: 0.7801
2025-04-25 00:15:31,940 - spatial_moe_trainer - INFO - Epoch 16/100 - Train Loss: 277.0770 (Col: 91.0923, Jump: 123.4744, Decline: 146.9215, PDE: 1085.7838, Reg: 5903.8060), Eth Losses: China: 439.1141, India: 237.7604, Philippines: 362.9804... (more ethnicities), Val Loss: 635.5642, Val MAE: 11.6911, Val R2: 0.7807
2025-04-25 00:15:54,609 - spatial_moe_trainer - INFO - Epoch 17/100 - Train Loss: 302.3074 (Col: 124.2354, Jump: 124.5889, Decline: 150.8931, PDE: 1003.0394, Reg: 9482.5200), Eth Losses: China: 448.0129, India: 280.2267, Philippines: 353.0557... (more ethnicities), Val Loss: 644.4095, Val MAE: 12.1397, Val R2: 0.7776
2025-04-25 00:16:17,068 - spatial_moe_trainer - INFO - Epoch 18/100 - Train Loss: 248.2324 (Col: 90.7714, Jump: 102.3823, Decline: 152.0835, PDE: 942.9850, Reg: 3456.7911), Eth Losses: China: 394.7057, India: 223.7930, Philippines: 327.9035... (more ethnicities), Val Loss: 584.4562, Val MAE: 11.7110, Val R2: 0.7983
2025-04-25 00:16:39,707 - spatial_moe_trainer - INFO - Epoch 19/100 - Train Loss: 259.6061 (Col: 103.8320, Jump: 122.5565, Decline: 152.9650, PDE: 874.7850, Reg: 5259.9030), Eth Losses: China: 399.1379, India: 252.5506, Philippines: 323.9183... (more ethnicities), Val Loss: 608.8154, Val MAE: 11.8852, Val R2: 0.7899
2025-04-25 00:17:02,070 - spatial_moe_trainer - INFO - Epoch 20/100 - Train Loss: 260.4159 (Col: 113.5636, Jump: 107.5853, Decline: 146.5010, PDE: 900.2787, Reg: 3377.7149), Eth Losses: China: 458.6428, India: 240.4592, Philippines: 327.4606... (more ethnicities), Val Loss: 643.2046, Val MAE: 11.7524, Val R2: 0.7781
2025-04-25 00:17:24,590 - spatial_moe_trainer - INFO - Epoch 21/100 - Train Loss: 253.8710 (Col: 111.9442, Jump: 122.1546, Decline: 149.4681, PDE: 815.1710, Reg: 6976.5863), Eth Losses: China: 379.8902, India: 278.6039, Philippines: 298.6946... (more ethnicities), Val Loss: 695.0234, Val MAE: 11.8490, Val R2: 0.7602
2025-04-25 00:17:47,210 - spatial_moe_trainer - INFO - Epoch 22/100 - Train Loss: 254.7575 (Col: 101.6107, Jump: 106.4626, Decline: 163.8186, PDE: 884.2973, Reg: 4630.8361), Eth Losses: China: 391.2517, India: 257.4266, Philippines: 292.0295... (more ethnicities), Val Loss: 595.5571, Val MAE: 11.7538, Val R2: 0.7945
2025-04-25 00:18:09,764 - spatial_moe_trainer - INFO - Epoch 23/100 - Train Loss: 243.0022 (Col: 82.1641, Jump: 112.1966, Decline: 187.5801, PDE: 868.2852, Reg: 4152.5393), Eth Losses: China: 358.5728, India: 207.5244, Philippines: 368.9023... (more ethnicities), Val Loss: 690.5387, Val MAE: 12.0543, Val R2: 0.7617
2025-04-25 00:18:32,484 - spatial_moe_trainer - INFO - Epoch 24/100 - Train Loss: 237.8381 (Col: 98.2881, Jump: 122.2121, Decline: 160.6922, PDE: 793.4580, Reg: 4208.5260), Eth Losses: China: 360.4684, India: 230.3989, Philippines: 273.7848... (more ethnicities), Val Loss: 622.5262, Val MAE: 12.0633, Val R2: 0.7852
2025-04-25 00:18:55,005 - spatial_moe_trainer - INFO - Epoch 25/100 - Train Loss: 205.5189 (Col: 77.5452, Jump: 118.2305, Decline: 157.8646, PDE: 734.1340, Reg: 2340.8435), Eth Losses: China: 305.1843, India: 205.6877, Philippines: 271.5174... (more ethnicities), Val Loss: 604.0808, Val MAE: 11.6770, Val R2: 0.7916
2025-04-25 00:19:17,543 - spatial_moe_trainer - INFO - Epoch 26/100 - Train Loss: 188.5217 (Col: 63.3151, Jump: 107.6688, Decline: 152.2115, PDE: 695.0821, Reg: 2583.3655), Eth Losses: China: 279.0963, India: 175.5601, Philippines: 263.9872... (more ethnicities), Val Loss: 615.8513, Val MAE: 11.5285, Val R2: 0.7875
2025-04-25 00:19:40,052 - spatial_moe_trainer - INFO - Epoch 27/100 - Train Loss: 182.0658 (Col: 62.4777, Jump: 111.2316, Decline: 145.5120, PDE: 665.0539, Reg: 2026.3448), Eth Losses: China: 258.0053, India: 176.9509, Philippines: 242.4250... (more ethnicities), Val Loss: 571.2065, Val MAE: 11.3542, Val R2: 0.8029
2025-04-25 00:20:02,526 - spatial_moe_trainer - INFO - Epoch 28/100 - Train Loss: 179.0362 (Col: 57.6485, Jump: 132.7152, Decline: 149.2844, PDE: 632.9019, Reg: 2569.3569), Eth Losses: China: 272.9411, India: 165.2648, Philippines: 239.2497... (more ethnicities), Val Loss: 594.3913, Val MAE: 11.5386, Val R2: 0.7949
2025-04-25 00:20:25,100 - spatial_moe_trainer - INFO - Epoch 29/100 - Train Loss: 175.7465 (Col: 55.2164, Jump: 119.9203, Decline: 153.0392, PDE: 641.0094, Reg: 2322.0901), Eth Losses: China: 248.3722, India: 176.1758, Philippines: 239.2766... (more ethnicities), Val Loss: 572.3289, Val MAE: 11.4297, Val R2: 0.8025
2025-04-25 00:20:47,508 - spatial_moe_trainer - INFO - Epoch 30/100 - Train Loss: 177.6246 (Col: 54.8805, Jump: 108.8615, Decline: 151.2345, PDE: 627.9502, Reg: 3615.3290), Eth Losses: China: 246.0170, India: 193.7206, Philippines: 232.4239... (more ethnicities), Val Loss: 586.9166, Val MAE: 11.4286, Val R2: 0.7975
2025-04-25 00:21:10,299 - spatial_moe_trainer - INFO - Epoch 31/100 - Train Loss: 181.0724 (Col: 54.9950, Jump: 108.2080, Decline: 144.4636, PDE: 675.6587, Reg: 2573.2128), Eth Losses: China: 278.2766, India: 182.2002, Philippines: 232.1017... (more ethnicities), Val Loss: 590.0255, Val MAE: 11.6214, Val R2: 0.7964
2025-04-25 00:21:32,843 - spatial_moe_trainer - INFO - Epoch 32/100 - Train Loss: 176.5000 (Col: 57.6449, Jump: 103.3312, Decline: 153.8511, PDE: 628.3547, Reg: 2813.6280), Eth Losses: China: 268.5166, India: 167.5306, Philippines: 236.0118... (more ethnicities), Val Loss: 602.3633, Val MAE: 11.3638, Val R2: 0.7921
2025-04-25 00:21:55,336 - spatial_moe_trainer - INFO - Epoch 33/100 - Train Loss: 179.7147 (Col: 68.0237, Jump: 94.8115, Decline: 143.3816, PDE: 618.5681, Reg: 3090.7313), Eth Losses: China: 297.5461, India: 165.5018, Philippines: 225.8288... (more ethnicities), Val Loss: 557.7135, Val MAE: 11.2514, Val R2: 0.8076
2025-04-25 00:22:17,935 - spatial_moe_trainer - INFO - Epoch 34/100 - Train Loss: 168.5705 (Col: 52.8927, Jump: 99.2495, Decline: 152.4057, PDE: 593.2309, Reg: 2386.6085), Eth Losses: China: 267.3582, India: 167.2873, Philippines: 221.1418... (more ethnicities), Val Loss: 594.6361, Val MAE: 11.3916, Val R2: 0.7948
2025-04-25 00:22:40,383 - spatial_moe_trainer - INFO - Epoch 35/100 - Train Loss: 171.4473 (Col: 50.0034, Jump: 112.9069, Decline: 145.7566, PDE: 619.4823, Reg: 4791.8419), Eth Losses: China: 273.7987, India: 159.9129, Philippines: 221.3940... (more ethnicities), Val Loss: 591.0128, Val MAE: 11.4737, Val R2: 0.7961
2025-04-25 00:23:02,822 - spatial_moe_trainer - INFO - Epoch 36/100 - Train Loss: 168.9410 (Col: 57.2964, Jump: 105.0228, Decline: 141.6762, PDE: 602.9349, Reg: 2683.8119), Eth Losses: China: 244.8403, India: 180.0616, Philippines: 231.3066... (more ethnicities), Val Loss: 572.9233, Val MAE: 11.3616, Val R2: 0.8023
2025-04-25 00:23:25,392 - spatial_moe_trainer - INFO - Epoch 37/100 - Train Loss: 165.1831 (Col: 51.0526, Jump: 99.8739, Decline: 148.5647, PDE: 557.1911, Reg: 2997.1284), Eth Losses: China: 244.3369, India: 163.1837, Philippines: 215.2865... (more ethnicities), Val Loss: 590.8338, Val MAE: 11.3917, Val R2: 0.7961
2025-04-25 00:23:47,930 - spatial_moe_trainer - INFO - Epoch 38/100 - Train Loss: 167.3111 (Col: 49.7418, Jump: 103.2317, Decline: 146.2950, PDE: 612.3436, Reg: 2079.1319), Eth Losses: China: 285.9388, India: 155.3284, Philippines: 206.9754... (more ethnicities), Val Loss: 608.8318, Val MAE: 11.5623, Val R2: 0.7899
2025-04-25 00:24:10,621 - spatial_moe_trainer - INFO - Epoch 39/100 - Train Loss: 162.9182 (Col: 47.8960, Jump: 118.5461, Decline: 153.2639, PDE: 593.5975, Reg: 2508.4962), Eth Losses: China: 250.9236, India: 150.1904, Philippines: 230.8816... (more ethnicities), Val Loss: 596.3522, Val MAE: 11.4647, Val R2: 0.7942
2025-04-25 00:24:33,214 - spatial_moe_trainer - INFO - Epoch 40/100 - Train Loss: 167.9177 (Col: 55.9354, Jump: 125.0060, Decline: 160.0443, PDE: 579.1540, Reg: 2262.4029), Eth Losses: China: 255.8135, India: 174.3017, Philippines: 214.2776... (more ethnicities), Val Loss: 616.0263, Val MAE: 11.5143, Val R2: 0.7874
2025-04-25 00:24:55,956 - spatial_moe_trainer - INFO - Epoch 41/100 - Train Loss: 154.3481 (Col: 42.2320, Jump: 104.3204, Decline: 140.9315, PDE: 566.0579, Reg: 2876.4113), Eth Losses: China: 221.5612, India: 153.1672, Philippines: 219.2548... (more ethnicities), Val Loss: 601.7957, Val MAE: 11.6004, Val R2: 0.7923
2025-04-25 00:25:18,633 - spatial_moe_trainer - INFO - Epoch 42/100 - Train Loss: 145.0885 (Col: 41.8184, Jump: 104.7267, Decline: 140.8215, PDE: 534.7707, Reg: 1574.0249), Eth Losses: China: 229.1179, India: 143.9934, Philippines: 195.9831... (more ethnicities), Val Loss: 606.2501, Val MAE: 11.5454, Val R2: 0.7908
2025-04-25 00:25:41,253 - spatial_moe_trainer - INFO - Epoch 43/100 - Train Loss: 149.7687 (Col: 40.9384, Jump: 89.8181, Decline: 146.4501, PDE: 559.7552, Reg: 1950.8627), Eth Losses: China: 207.4260, India: 150.1826, Philippines: 216.2469... (more ethnicities), Val Loss: 604.3858, Val MAE: 11.4684, Val R2: 0.7914
2025-04-25 00:25:41,253 - spatial_moe_trainer - INFO - Early stopping at epoch 43
2025-04-25 00:25:41,269 - spatial_moe_trainer - INFO - Saving metrics to ./optuna_results/trial_16/metrics
2025-04-25 00:25:41,272 - spatial_moe_trainer - INFO - Training metrics saved to ./optuna_results/trial_16/metrics/training_metrics.csv
2025-04-25 00:25:41,275 - spatial_moe_trainer - INFO - Validation metrics saved to ./optuna_results/trial_16/metrics/validation_metrics.csv
2025-04-25 00:25:41,312 - spatial_moe_trainer - INFO - Multi-Ethnic Spatial MoE model saved to ./optuna_results/trial_16/model.pt
2025-04-25 00:25:41,347 - __mp_main__ - INFO - Running trial 17 on device cuda:0
2025-04-25 00:25:41,362 - __main__ - INFO - Trial 16 completed with value: 557.713508
2025-04-25 00:25:41,548 - __mp_main__ - INFO - Using adjusted dimensions - hidden_dims: [64, 16, 28], coord_embed_dim: 16
2025-04-25 00:25:41,597 - spatial_moe_trainer - INFO - Multi-Ethnic Spatial MoE model initialized on cuda:0
2025-04-25 00:25:41,598 - spatial_moe_trainer - INFO - Model will predict 5 ethnicities: ['China', 'India', 'Philippines', 'Portugal', 'Sri Lanka']
2025-04-25 00:25:41,618 - __mp_main__ - INFO - Testing model forward pass before training...
2025-04-25 00:25:41,801 - __mp_main__ - INFO - Test forward pass successful. Output shape: torch.Size([64, 5])
2025-04-25 00:25:41,801 - spatial_moe_trainer - INFO - Starting multi-ethnic spatial MoE model training with learnable expert router...
2025-04-25 00:25:41,801 - spatial_moe_trainer - INFO - Using colonization_weight=8.05266659034115, jump_weight=5.37750103723499, decline_weight=1.1625834628049156, pde_weight=9.391433792708199
2025-04-25 00:26:04,411 - spatial_moe_trainer - INFO - Epoch 1/100 - Train Loss: 1193.2735 (Col: 766.6199, Jump: 978.1456, Decline: 157.5966, PDE: 3932.3262, Reg: 17480.1824), Eth Losses: China: 1916.5637, India: 996.8160, Philippines: 1445.6620... (more ethnicities), Val Loss: 1063.2820, Val MAE: 16.2382, Val R2: 0.6331
2025-04-25 00:26:26,903 - spatial_moe_trainer - INFO - Epoch 2/100 - Train Loss: 762.4462 (Col: 327.9325, Jump: 630.9234, Decline: 136.1431, PDE: 2920.6137, Reg: 14043.1521), Eth Losses: China: 1121.1751, India: 735.9810, Philippines: 991.1173... (more ethnicities), Val Loss: 949.3358, Val MAE: 14.6239, Val R2: 0.6724
2025-04-25 00:26:49,231 - spatial_moe_trainer - INFO - Epoch 3/100 - Train Loss: 659.7211 (Col: 295.4998, Jump: 444.4060, Decline: 123.3987, PDE: 2503.9983, Reg: 11793.6403), Eth Losses: China: 1126.2296, India: 585.3831, Philippines: 808.2222... (more ethnicities), Val Loss: 815.8462, Val MAE: 13.9585, Val R2: 0.7185
2025-04-25 00:27:11,880 - spatial_moe_trainer - INFO - Epoch 4/100 - Train Loss: 590.1961 (Col: 248.4483, Jump: 311.7179, Decline: 128.3055, PDE: 2174.2054, Reg: 13870.7492), Eth Losses: China: 966.4125, India: 549.5441, Philippines: 742.7188... (more ethnicities), Val Loss: 894.0980, Val MAE: 13.9337, Val R2: 0.6915
2025-04-25 00:27:34,521 - spatial_moe_trainer - INFO - Epoch 5/100 - Train Loss: 528.8581 (Col: 215.0888, Jump: 303.1516, Decline: 140.1928, PDE: 1926.7770, Reg: 14356.2789), Eth Losses: China: 845.0292, India: 512.0101, Philippines: 674.7996... (more ethnicities), Val Loss: 745.6814, Val MAE: 13.3437, Val R2: 0.7427
2025-04-25 00:27:57,336 - spatial_moe_trainer - INFO - Epoch 6/100 - Train Loss: 440.9372 (Col: 152.8058, Jump: 233.4102, Decline: 149.9003, PDE: 1634.9160, Reg: 11237.0874), Eth Losses: China: 654.6486, India: 433.5857, Philippines: 592.8638... (more ethnicities), Val Loss: 693.4987, Val MAE: 13.2208, Val R2: 0.7607
2025-04-25 00:28:19,789 - spatial_moe_trainer - INFO - Epoch 7/100 - Train Loss: 425.9875 (Col: 187.5474, Jump: 231.5337, Decline: 165.5742, PDE: 1458.7724, Reg: 8220.8533), Eth Losses: China: 669.1582, India: 406.7201, Philippines: 547.3179... (more ethnicities), Val Loss: 761.0599, Val MAE: 13.4253, Val R2: 0.7374
2025-04-25 00:28:42,315 - spatial_moe_trainer - INFO - Epoch 8/100 - Train Loss: 427.8645 (Col: 191.2435, Jump: 195.8299, Decline: 174.3604, PDE: 1422.3244, Reg: 12388.3408), Eth Losses: China: 674.8415, India: 390.7951, Philippines: 521.5564... (more ethnicities), Val Loss: 684.2520, Val MAE: 12.9387, Val R2: 0.7639
2025-04-25 00:29:04,760 - spatial_moe_trainer - INFO - Epoch 9/100 - Train Loss: 438.0303 (Col: 247.1291, Jump: 169.3517, Decline: 160.5801, PDE: 1273.4299, Reg: 10089.5722), Eth Losses: China: 760.5632, India: 387.6582, Philippines: 505.1970... (more ethnicities), Val Loss: 804.4809, Val MAE: 14.2423, Val R2: 0.7224
2025-04-25 00:29:27,342 - spatial_moe_trainer - INFO - Epoch 10/100 - Train Loss: 392.5733 (Col: 175.6972, Jump: 164.5150, Decline: 162.2289, PDE: 1312.6952, Reg: 9737.6145), Eth Losses: China: 610.6917, India: 352.3499, Philippines: 484.4163... (more ethnicities), Val Loss: 818.5644, Val MAE: 13.0720, Val R2: 0.7175
2025-04-25 00:29:49,795 - spatial_moe_trainer - INFO - Epoch 11/100 - Train Loss: 386.3462 (Col: 148.9441, Jump: 180.3200, Decline: 171.8448, PDE: 1284.8346, Reg: 10871.4333), Eth Losses: China: 625.0649, India: 330.9140, Philippines: 427.6794... (more ethnicities), Val Loss: 750.2906, Val MAE: 13.2223, Val R2: 0.7411
2025-04-25 00:30:12,149 - spatial_moe_trainer - INFO - Epoch 12/100 - Train Loss: 375.0818 (Col: 147.5360, Jump: 155.3081, Decline: 179.6601, PDE: 1324.5531, Reg: 7508.8388), Eth Losses: China: 551.3703, India: 305.0229, Philippines: 448.6038... (more ethnicities), Val Loss: 751.8114, Val MAE: 12.8872, Val R2: 0.7406
2025-04-25 00:30:34,862 - spatial_moe_trainer - INFO - Epoch 13/100 - Train Loss: 341.0923 (Col: 118.5403, Jump: 157.0900, Decline: 168.5502, PDE: 1261.4633, Reg: 6308.6103), Eth Losses: China: 559.1392, India: 283.5071, Philippines: 346.4111... (more ethnicities), Val Loss: 726.7250, Val MAE: 12.9965, Val R2: 0.7492
2025-04-25 00:30:57,470 - spatial_moe_trainer - INFO - Epoch 14/100 - Train Loss: 322.6295 (Col: 128.1873, Jump: 125.1895, Decline: 200.6974, PDE: 1117.2892, Reg: 6078.8020), Eth Losses: China: 443.1090, India: 306.7106, Philippines: 339.0128... (more ethnicities), Val Loss: 720.2754, Val MAE: 12.8802, Val R2: 0.7515
2025-04-25 00:31:20,029 - spatial_moe_trainer - INFO - Epoch 15/100 - Train Loss: 303.2214 (Col: 111.6243, Jump: 123.5760, Decline: 192.2599, PDE: 1017.2078, Reg: 7993.1009), Eth Losses: China: 448.9537, India: 268.1338, Philippines: 318.7720... (more ethnicities), Val Loss: 680.6776, Val MAE: 12.8894, Val R2: 0.7651
2025-04-25 00:31:42,699 - spatial_moe_trainer - INFO - Epoch 16/100 - Train Loss: 316.8541 (Col: 108.0893, Jump: 100.2374, Decline: 207.1710, PDE: 1012.2781, Reg: 11201.4133), Eth Losses: China: 405.5488, India: 299.7228, Philippines: 319.2909... (more ethnicities), Val Loss: 712.4713, Val MAE: 12.7397, Val R2: 0.7541
2025-04-25 00:32:05,169 - spatial_moe_trainer - INFO - Epoch 17/100 - Train Loss: 280.9936 (Col: 99.1615, Jump: 125.6969, Decline: 220.4333, PDE: 944.3909, Reg: 5254.7328), Eth Losses: China: 362.4912, India: 264.2924, Philippines: 297.8809... (more ethnicities), Val Loss: 681.5639, Val MAE: 12.5778, Val R2: 0.7648
2025-04-25 00:32:27,481 - spatial_moe_trainer - INFO - Epoch 18/100 - Train Loss: 262.4119 (Col: 94.5798, Jump: 108.4587, Decline: 206.2802, PDE: 867.4958, Reg: 5526.8463), Eth Losses: China: 355.7413, India: 224.4122, Philippines: 294.4539... (more ethnicities), Val Loss: 707.0122, Val MAE: 12.6441, Val R2: 0.7560
2025-04-25 00:32:49,967 - spatial_moe_trainer - INFO - Epoch 19/100 - Train Loss: 257.5761 (Col: 87.1324, Jump: 122.1258, Decline: 204.5113, PDE: 862.0872, Reg: 5215.5600), Eth Losses: China: 337.3681, India: 231.1423, Philippines: 286.0838... (more ethnicities), Val Loss: 665.5995, Val MAE: 12.3715, Val R2: 0.7703
2025-04-25 00:33:12,680 - spatial_moe_trainer - INFO - Epoch 20/100 - Train Loss: 254.4934 (Col: 84.5544, Jump: 117.4195, Decline: 181.7119, PDE: 866.8629, Reg: 6506.5420), Eth Losses: China: 380.3234, India: 214.5127, Philippines: 296.9231... (more ethnicities), Val Loss: 666.4469, Val MAE: 12.4485, Val R2: 0.7700
2025-04-25 00:33:35,118 - spatial_moe_trainer - INFO - Epoch 21/100 - Train Loss: 253.0558 (Col: 82.3635, Jump: 107.9382, Decline: 196.2453, PDE: 857.5083, Reg: 5545.7257), Eth Losses: China: 351.6253, India: 248.7512, Philippines: 272.8029... (more ethnicities), Val Loss: 684.3544, Val MAE: 12.5618, Val R2: 0.7639
2025-04-25 00:33:57,575 - spatial_moe_trainer - INFO - Epoch 22/100 - Train Loss: 266.5624 (Col: 87.2203, Jump: 118.2886, Decline: 223.4755, PDE: 845.3370, Reg: 7259.2490), Eth Losses: China: 361.5403, India: 214.7133, Philippines: 274.0563... (more ethnicities), Val Loss: 710.7751, Val MAE: 12.6677, Val R2: 0.7547
2025-04-25 00:34:20,061 - spatial_moe_trainer - INFO - Epoch 23/100 - Train Loss: 279.2945 (Col: 85.0960, Jump: 129.4221, Decline: 244.3139, PDE: 930.0403, Reg: 4600.5464), Eth Losses: China: 354.7377, India: 241.6992, Philippines: 275.0197... (more ethnicities), Val Loss: 683.0306, Val MAE: 12.7792, Val R2: 0.7643
2025-04-25 00:34:42,529 - spatial_moe_trainer - INFO - Epoch 24/100 - Train Loss: 266.8581 (Col: 80.9187, Jump: 119.1339, Decline: 216.7064, PDE: 945.0486, Reg: 5164.0998), Eth Losses: China: 372.6947, India: 237.9384, Philippines: 238.8855... (more ethnicities), Val Loss: 696.4078, Val MAE: 12.4508, Val R2: 0.7597
2025-04-25 00:35:04,958 - spatial_moe_trainer - INFO - Epoch 25/100 - Train Loss: 267.1072 (Col: 75.3093, Jump: 117.7496, Decline: 212.7286, PDE: 957.5009, Reg: 5847.1181), Eth Losses: China: 381.8614, India: 195.4844, Philippines: 261.3402... (more ethnicities), Val Loss: 712.2006, Val MAE: 12.3871, Val R2: 0.7542
2025-04-25 00:35:27,506 - spatial_moe_trainer - INFO - Epoch 26/100 - Train Loss: 235.2551 (Col: 70.8100, Jump: 111.5305, Decline: 207.5722, PDE: 777.6529, Reg: 5257.9235), Eth Losses: China: 297.7526, India: 210.6124, Philippines: 246.7122... (more ethnicities), Val Loss: 679.0101, Val MAE: 12.4199, Val R2: 0.7657
2025-04-25 00:35:50,163 - spatial_moe_trainer - INFO - Epoch 27/100 - Train Loss: 226.4368 (Col: 78.9774, Jump: 117.4596, Decline: 179.6741, PDE: 766.3580, Reg: 4511.2692), Eth Losses: China: 319.6704, India: 199.0247, Philippines: 260.6358... (more ethnicities), Val Loss: 659.1997, Val MAE: 12.1096, Val R2: 0.7725
2025-04-25 00:36:12,732 - spatial_moe_trainer - INFO - Epoch 28/100 - Train Loss: 200.7574 (Col: 65.0780, Jump: 98.2267, Decline: 170.1558, PDE: 682.0397, Reg: 3703.2659), Eth Losses: China: 258.7015, India: 189.1853, Philippines: 246.5573... (more ethnicities), Val Loss: 668.7582, Val MAE: 12.0882, Val R2: 0.7692
2025-04-25 00:36:35,052 - spatial_moe_trainer - INFO - Epoch 29/100 - Train Loss: 192.4107 (Col: 66.6230, Jump: 109.7098, Decline: 169.1541, PDE: 651.4842, Reg: 2317.8707), Eth Losses: China: 271.2739, India: 202.8996, Philippines: 224.0546... (more ethnicities), Val Loss: 657.5037, Val MAE: 11.8754, Val R2: 0.7731
2025-04-25 00:36:57,500 - spatial_moe_trainer - INFO - Epoch 30/100 - Train Loss: 192.0574 (Col: 66.9839, Jump: 93.4906, Decline: 165.6197, PDE: 641.6738, Reg: 4099.0102), Eth Losses: China: 275.0379, India: 186.4171, Philippines: 235.0231... (more ethnicities), Val Loss: 650.7134, Val MAE: 12.0294, Val R2: 0.7755
2025-04-25 00:37:19,961 - spatial_moe_trainer - INFO - Epoch 31/100 - Train Loss: 184.4551 (Col: 65.2538, Jump: 118.7359, Decline: 166.3688, PDE: 593.3031, Reg: 2995.2590), Eth Losses: China: 259.4652, India: 183.0191, Philippines: 216.6352... (more ethnicities), Val Loss: 642.7481, Val MAE: 12.0646, Val R2: 0.7782
2025-04-25 00:37:42,626 - spatial_moe_trainer - INFO - Epoch 32/100 - Train Loss: 188.8499 (Col: 69.2508, Jump: 128.0454, Decline: 165.3122, PDE: 613.6333, Reg: 3556.2589), Eth Losses: China: 299.2148, India: 177.8084, Philippines: 216.4191... (more ethnicities), Val Loss: 659.0917, Val MAE: 12.0145, Val R2: 0.7726
2025-04-25 00:38:05,216 - spatial_moe_trainer - INFO - Epoch 33/100 - Train Loss: 194.9534 (Col: 64.7775, Jump: 112.2071, Decline: 165.6310, PDE: 611.6968, Reg: 6491.6208), Eth Losses: China: 320.2684, India: 197.0739, Philippines: 218.2593... (more ethnicities), Val Loss: 631.3116, Val MAE: 11.9408, Val R2: 0.7822
2025-04-25 00:38:27,701 - spatial_moe_trainer - INFO - Epoch 34/100 - Train Loss: 183.2329 (Col: 63.0733, Jump: 121.1070, Decline: 170.1993, PDE: 596.3187, Reg: 2930.0998), Eth Losses: China: 278.1465, India: 177.0568, Philippines: 229.8221... (more ethnicities), Val Loss: 632.0318, Val MAE: 11.8963, Val R2: 0.7819
2025-04-25 00:38:50,140 - spatial_moe_trainer - INFO - Epoch 35/100 - Train Loss: 191.9512 (Col: 75.7360, Jump: 111.0395, Decline: 163.4422, PDE: 610.8189, Reg: 3862.4898), Eth Losses: China: 320.5376, India: 186.1939, Philippines: 216.5647... (more ethnicities), Val Loss: 619.4749, Val MAE: 11.8877, Val R2: 0.7862
2025-04-25 00:39:12,828 - spatial_moe_trainer - INFO - Epoch 36/100 - Train Loss: 177.3541 (Col: 64.5739, Jump: 113.0509, Decline: 166.9483, PDE: 569.9397, Reg: 3015.0452), Eth Losses: China: 275.8751, India: 179.4525, Philippines: 206.7699... (more ethnicities), Val Loss: 662.1584, Val MAE: 11.8210, Val R2: 0.7715
2025-04-25 00:39:35,431 - spatial_moe_trainer - INFO - Epoch 37/100 - Train Loss: 182.1666 (Col: 65.8459, Jump: 110.8670, Decline: 161.4428, PDE: 586.8605, Reg: 3470.9825), Eth Losses: China: 294.7278, India: 173.0835, Philippines: 214.2942... (more ethnicities), Val Loss: 602.9026, Val MAE: 11.7685, Val R2: 0.7920
2025-04-25 00:39:58,144 - spatial_moe_trainer - INFO - Epoch 38/100 - Train Loss: 182.3143 (Col: 63.2757, Jump: 116.2880, Decline: 167.3721, PDE: 580.2197, Reg: 2652.5725), Eth Losses: China: 288.1304, India: 176.2108, Philippines: 214.5904... (more ethnicities), Val Loss: 649.1907, Val MAE: 11.7946, Val R2: 0.7760
2025-04-25 00:40:20,571 - spatial_moe_trainer - INFO - Epoch 39/100 - Train Loss: 178.4871 (Col: 63.0745, Jump: 119.9633, Decline: 161.4292, PDE: 559.1299, Reg: 3935.2090), Eth Losses: China: 297.1051, India: 180.4320, Philippines: 197.3809... (more ethnicities), Val Loss: 631.3293, Val MAE: 11.9092, Val R2: 0.7821
2025-04-25 00:40:43,121 - spatial_moe_trainer - INFO - Epoch 40/100 - Train Loss: 186.2743 (Col: 60.1376, Jump: 105.1186, Decline: 163.5131, PDE: 571.7211, Reg: 6319.3020), Eth Losses: China: 288.2746, India: 202.1104, Philippines: 212.9316... (more ethnicities), Val Loss: 674.8380, Val MAE: 11.8994, Val R2: 0.7671
2025-04-25 00:41:05,615 - spatial_moe_trainer - INFO - Epoch 41/100 - Train Loss: 182.3014 (Col: 69.1917, Jump: 111.9949, Decline: 159.8838, PDE: 564.2404, Reg: 3807.5604), Eth Losses: China: 283.3244, India: 180.6590, Philippines: 213.0372... (more ethnicities), Val Loss: 647.2479, Val MAE: 11.8758, Val R2: 0.7767
2025-04-25 00:41:27,881 - spatial_moe_trainer - INFO - Epoch 42/100 - Train Loss: 180.4727 (Col: 56.0946, Jump: 101.8338, Decline: 173.8799, PDE: 560.9285, Reg: 7100.7607), Eth Losses: China: 310.8224, India: 167.0076, Philippines: 206.7841... (more ethnicities), Val Loss: 663.3359, Val MAE: 11.9463, Val R2: 0.7711
2025-04-25 00:41:50,308 - spatial_moe_trainer - INFO - Epoch 43/100 - Train Loss: 168.6726 (Col: 56.0407, Jump: 105.1379, Decline: 170.8704, PDE: 521.4303, Reg: 3531.8372), Eth Losses: China: 238.4856, India: 184.7512, Philippines: 202.2816... (more ethnicities), Val Loss: 611.2166, Val MAE: 11.7807, Val R2: 0.7891
2025-04-25 00:42:12,864 - spatial_moe_trainer - INFO - Epoch 44/100 - Train Loss: 177.4595 (Col: 60.1873, Jump: 95.0439, Decline: 166.0720, PDE: 553.7786, Reg: 3756.3861), Eth Losses: China: 290.1128, India: 184.6930, Philippines: 202.1200... (more ethnicities), Val Loss: 633.2360, Val MAE: 11.8055, Val R2: 0.7815
2025-04-25 00:42:35,268 - spatial_moe_trainer - INFO - Epoch 45/100 - Train Loss: 171.8040 (Col: 55.8350, Jump: 113.2667, Decline: 167.3567, PDE: 557.5529, Reg: 3384.5365), Eth Losses: China: 286.1121, India: 173.4907, Philippines: 200.3995... (more ethnicities), Val Loss: 621.3368, Val MAE: 11.6713, Val R2: 0.7856
2025-04-25 00:42:57,886 - spatial_moe_trainer - INFO - Epoch 46/100 - Train Loss: 162.2056 (Col: 52.6057, Jump: 111.7364, Decline: 171.6600, PDE: 511.0751, Reg: 3111.6407), Eth Losses: China: 241.2942, India: 161.8666, Philippines: 198.1603... (more ethnicities), Val Loss: 640.0376, Val MAE: 11.7267, Val R2: 0.7791
2025-04-25 00:43:20,580 - spatial_moe_trainer - INFO - Epoch 47/100 - Train Loss: 162.6243 (Col: 58.9109, Jump: 118.3836, Decline: 163.4683, PDE: 501.7933, Reg: 2851.3548), Eth Losses: China: 242.2639, India: 165.0992, Philippines: 199.4718... (more ethnicities), Val Loss: 635.8256, Val MAE: 11.8386, Val R2: 0.7806
2025-04-25 00:43:20,580 - spatial_moe_trainer - INFO - Early stopping at epoch 47
2025-04-25 00:43:20,596 - spatial_moe_trainer - INFO - Saving metrics to ./optuna_results/trial_17/metrics
2025-04-25 00:43:20,599 - spatial_moe_trainer - INFO - Training metrics saved to ./optuna_results/trial_17/metrics/training_metrics.csv
2025-04-25 00:43:20,602 - spatial_moe_trainer - INFO - Validation metrics saved to ./optuna_results/trial_17/metrics/validation_metrics.csv
2025-04-25 00:43:20,640 - spatial_moe_trainer - INFO - Multi-Ethnic Spatial MoE model saved to ./optuna_results/trial_17/model.pt
2025-04-25 00:43:20,680 - __mp_main__ - INFO - Running trial 18 on device cuda:0
2025-04-25 00:43:20,694 - __main__ - INFO - Trial 17 completed with value: 602.902595
2025-04-25 00:43:20,871 - __mp_main__ - INFO - Using adjusted dimensions - hidden_dims: [64, 16, 32], coord_embed_dim: 16
2025-04-25 00:43:20,916 - spatial_moe_trainer - INFO - Multi-Ethnic Spatial MoE model initialized on cuda:0
2025-04-25 00:43:20,917 - spatial_moe_trainer - INFO - Model will predict 5 ethnicities: ['China', 'India', 'Philippines', 'Portugal', 'Sri Lanka']
2025-04-25 00:43:20,937 - __mp_main__ - INFO - Testing model forward pass before training...
2025-04-25 00:43:21,096 - __mp_main__ - INFO - Test forward pass successful. Output shape: torch.Size([64, 5])
2025-04-25 00:43:21,096 - spatial_moe_trainer - INFO - Starting multi-ethnic spatial MoE model training with learnable expert router...
2025-04-25 00:43:21,096 - spatial_moe_trainer - INFO - Using colonization_weight=8.05266659034115, jump_weight=4.959542840754541, decline_weight=1.154687286714901, pde_weight=9.918309666948264
2025-04-25 00:43:43,504 - spatial_moe_trainer - INFO - Epoch 1/100 - Train Loss: 1219.8999 (Col: 838.6211, Jump: 604.3628, Decline: 104.3413, PDE: 3404.1223, Reg: 18126.2199), Eth Losses: China: 2100.7921, India: 1003.0407, Philippines: 1292.7082... (more ethnicities), Val Loss: 1089.0902, Val MAE: 15.8048, Val R2: 0.6242
2025-04-25 00:44:06,151 - spatial_moe_trainer - INFO - Epoch 2/100 - Train Loss: 810.1788 (Col: 453.0673, Jump: 425.7100, Decline: 88.1164, PDE: 2566.5724, Reg: 11006.7969), Eth Losses: China: 1233.9853, India: 666.1626, Philippines: 939.4938... (more ethnicities), Val Loss: 1144.2513, Val MAE: 15.5521, Val R2: 0.6052
2025-04-25 00:44:28,582 - spatial_moe_trainer - INFO - Epoch 3/100 - Train Loss: 705.9184 (Col: 361.0522, Jump: 375.2176, Decline: 84.9413, PDE: 2302.2349, Reg: 11283.6659), Eth Losses: China: 1272.4111, India: 620.5528, Philippines: 790.3217... (more ethnicities), Val Loss: 989.0889, Val MAE: 14.2124, Val R2: 0.6587
2025-04-25 00:44:51,092 - spatial_moe_trainer - INFO - Epoch 4/100 - Train Loss: 584.2991 (Col: 262.7017, Jump: 268.5235, Decline: 88.1857, PDE: 1945.1738, Reg: 12255.7596), Eth Losses: China: 941.0585, India: 575.4694, Philippines: 653.6001... (more ethnicities), Val Loss: 835.4600, Val MAE: 13.7016, Val R2: 0.7117
2025-04-25 00:45:13,544 - spatial_moe_trainer - INFO - Epoch 5/100 - Train Loss: 504.3619 (Col: 225.3194, Jump: 245.9505, Decline: 98.0240, PDE: 1639.5287, Reg: 12007.6931), Eth Losses: China: 787.2089, India: 497.1326, Philippines: 543.5203... (more ethnicities), Val Loss: 778.2204, Val MAE: 13.4579, Val R2: 0.7315
2025-04-25 00:45:36,171 - spatial_moe_trainer - INFO - Epoch 6/100 - Train Loss: 443.0802 (Col: 205.0117, Jump: 203.8303, Decline: 104.6648, PDE: 1478.2415, Reg: 6877.5571), Eth Losses: China: 636.9556, India: 482.5875, Philippines: 546.6135... (more ethnicities), Val Loss: 773.7591, Val MAE: 13.3890, Val R2: 0.7330
2025-04-25 00:45:58,578 - spatial_moe_trainer - INFO - Epoch 7/100 - Train Loss: 457.4053 (Col: 185.4225, Jump: 174.2536, Decline: 115.3026, PDE: 1463.4316, Reg: 17790.5804), Eth Losses: China: 748.2311, India: 473.6936, Philippines: 500.9310... (more ethnicities), Val Loss: 714.7169, Val MAE: 13.2874, Val R2: 0.7534
2025-04-25 00:46:21,016 - spatial_moe_trainer - INFO - Epoch 8/100 - Train Loss: 405.6410 (Col: 169.1490, Jump: 169.5225, Decline: 116.6754, PDE: 1291.5261, Reg: 11784.7985), Eth Losses: China: 641.7855, India: 440.5088, Philippines: 418.1828... (more ethnicities), Val Loss: 785.0785, Val MAE: 13.3862, Val R2: 0.7291
2025-04-25 00:46:43,641 - spatial_moe_trainer - INFO - Epoch 9/100 - Train Loss: 388.2688 (Col: 165.6085, Jump: 165.6905, Decline: 114.4085, PDE: 1207.0023, Reg: 12420.3240), Eth Losses: China: 588.9760, India: 376.3313, Philippines: 462.1047... (more ethnicities), Val Loss: 716.4737, Val MAE: 13.1283, Val R2: 0.7528
2025-04-25 00:47:06,363 - spatial_moe_trainer - INFO - Epoch 10/100 - Train Loss: 368.5079 (Col: 176.7955, Jump: 161.8556, Decline: 116.0779, PDE: 1118.0422, Reg: 7407.7573), Eth Losses: China: 629.0490, India: 374.2832, Philippines: 405.8882... (more ethnicities), Val Loss: 653.7905, Val MAE: 12.4976, Val R2: 0.7744
2025-04-25 00:47:28,924 - spatial_moe_trainer - INFO - Epoch 11/100 - Train Loss: 332.5747 (Col: 134.2760, Jump: 138.9245, Decline: 131.0604, PDE: 1062.4494, Reg: 7631.1986), Eth Losses: China: 492.2745, India: 373.1019, Philippines: 359.2020... (more ethnicities), Val Loss: 723.7302, Val MAE: 13.0538, Val R2: 0.7503
2025-04-25 00:47:51,463 - spatial_moe_trainer - INFO - Epoch 12/100 - Train Loss: 339.7924 (Col: 153.1607, Jump: 116.9987, Decline: 139.4861, PDE: 1044.3354, Reg: 5608.1261), Eth Losses: China: 517.2400, India: 338.1865, Philippines: 375.3146... (more ethnicities), Val Loss: 611.4994, Val MAE: 13.3336, Val R2: 0.7890
2025-04-25 00:48:13,918 - spatial_moe_trainer - INFO - Epoch 13/100 - Train Loss: 318.9162 (Col: 157.6416, Jump: 135.7067, Decline: 127.1314, PDE: 959.9034, Reg: 5285.0197), Eth Losses: China: 486.8204, India: 301.9258, Philippines: 338.9699... (more ethnicities), Val Loss: 661.1522, Val MAE: 12.2314, Val R2: 0.7719
2025-04-25 00:48:36,549 - spatial_moe_trainer - INFO - Epoch 14/100 - Train Loss: 294.8246 (Col: 134.6466, Jump: 144.5716, Decline: 128.8137, PDE: 885.7761, Reg: 6753.1530), Eth Losses: China: 498.6295, India: 279.2499, Philippines: 333.3447... (more ethnicities), Val Loss: 641.9575, Val MAE: 12.4199, Val R2: 0.7785
2025-04-25 00:48:59,072 - spatial_moe_trainer - INFO - Epoch 15/100 - Train Loss: 289.8461 (Col: 129.1348, Jump: 113.4437, Decline: 147.7361, PDE: 845.6691, Reg: 6330.6150), Eth Losses: China: 482.7251, India: 298.3675, Philippines: 317.1803... (more ethnicities), Val Loss: 689.5551, Val MAE: 12.3344, Val R2: 0.7621
2025-04-25 00:49:21,643 - spatial_moe_trainer - INFO - Epoch 16/100 - Train Loss: 271.8740 (Col: 123.0520, Jump: 148.3877, Decline: 154.4463, PDE: 799.0830, Reg: 4237.8014), Eth Losses: China: 452.5559, India: 257.6777, Philippines: 303.1474... (more ethnicities), Val Loss: 622.4957, Val MAE: 11.9337, Val R2: 0.7852
2025-04-25 00:49:44,257 - spatial_moe_trainer - INFO - Epoch 17/100 - Train Loss: 267.0815 (Col: 111.5244, Jump: 120.3773, Decline: 144.2538, PDE: 830.4646, Reg: 4949.2532), Eth Losses: China: 392.0667, India: 287.9965, Philippines: 336.2912... (more ethnicities), Val Loss: 646.5851, Val MAE: 12.2549, Val R2: 0.7769
2025-04-25 00:50:06,770 - spatial_moe_trainer - INFO - Epoch 18/100 - Train Loss: 253.8059 (Col: 111.7232, Jump: 132.5617, Decline: 164.9052, PDE: 743.8023, Reg: 4198.5496), Eth Losses: China: 378.7582, India: 251.8720, Philippines: 292.4875... (more ethnicities), Val Loss: 669.2018, Val MAE: 12.2503, Val R2: 0.7691
2025-04-25 00:50:29,317 - spatial_moe_trainer - INFO - Epoch 19/100 - Train Loss: 236.2062 (Col: 100.7577, Jump: 118.9749, Decline: 150.6888, PDE: 668.4740, Reg: 5143.8889), Eth Losses: China: 395.1940, India: 236.4958, Philippines: 260.7103... (more ethnicities), Val Loss: 589.7644, Val MAE: 11.9705, Val R2: 0.7965
2025-04-25 00:50:51,813 - spatial_moe_trainer - INFO - Epoch 20/100 - Train Loss: 221.2314 (Col: 91.0418, Jump: 118.9446, Decline: 151.7935, PDE: 670.8122, Reg: 3590.4579), Eth Losses: China: 339.1849, India: 212.9164, Philippines: 250.8002... (more ethnicities), Val Loss: 594.0322, Val MAE: 11.9290, Val R2: 0.7950
2025-04-25 00:51:14,457 - spatial_moe_trainer - INFO - Epoch 21/100 - Train Loss: 210.6774 (Col: 84.7102, Jump: 123.3718, Decline: 153.1771, PDE: 649.0382, Reg: 2984.1636), Eth Losses: China: 318.2644, India: 218.8404, Philippines: 247.2423... (more ethnicities), Val Loss: 603.1037, Val MAE: 12.0037, Val R2: 0.7919
2025-04-25 00:51:37,135 - spatial_moe_trainer - INFO - Epoch 22/100 - Train Loss: 203.8084 (Col: 80.3231, Jump: 97.7421, Decline: 155.2939, PDE: 587.6332, Reg: 4029.9134), Eth Losses: China: 328.0260, India: 206.8348, Philippines: 240.7938... (more ethnicities), Val Loss: 590.4621, Val MAE: 11.7185, Val R2: 0.7963
2025-04-25 00:51:59,829 - spatial_moe_trainer - INFO - Epoch 23/100 - Train Loss: 200.4705 (Col: 74.2006, Jump: 114.9295, Decline: 161.5602, PDE: 590.6161, Reg: 3541.8459), Eth Losses: China: 319.2728, India: 216.8819, Philippines: 215.0913... (more ethnicities), Val Loss: 574.3813, Val MAE: 11.9649, Val R2: 0.8018
2025-04-25 00:52:22,573 - spatial_moe_trainer - INFO - Epoch 24/100 - Train Loss: 196.9952 (Col: 74.3702, Jump: 111.6025, Decline: 159.6345, PDE: 580.6832, Reg: 4072.0588), Eth Losses: China: 289.4058, India: 213.0850, Philippines: 227.4294... (more ethnicities), Val Loss: 578.7841, Val MAE: 11.7649, Val R2: 0.8003
2025-04-25 00:52:45,233 - spatial_moe_trainer - INFO - Epoch 25/100 - Train Loss: 201.1247 (Col: 74.9976, Jump: 111.7132, Decline: 172.0087, PDE: 592.5594, Reg: 4183.5099), Eth Losses: China: 297.6049, India: 208.2443, Philippines: 235.1495... (more ethnicities), Val Loss: 626.1806, Val MAE: 12.1591, Val R2: 0.7839
2025-04-25 00:53:07,708 - spatial_moe_trainer - INFO - Epoch 26/100 - Train Loss: 208.7674 (Col: 77.8707, Jump: 110.1291, Decline: 170.6502, PDE: 600.1211, Reg: 4494.9983), Eth Losses: China: 322.6071, India: 239.6376, Philippines: 234.0890... (more ethnicities), Val Loss: 653.3190, Val MAE: 11.7283, Val R2: 0.7746
2025-04-25 00:53:30,209 - spatial_moe_trainer - INFO - Epoch 27/100 - Train Loss: 201.3081 (Col: 76.8679, Jump: 104.6263, Decline: 181.4430, PDE: 558.3646, Reg: 4143.8221), Eth Losses: China: 295.2451, India: 229.1017, Philippines: 219.8126... (more ethnicities), Val Loss: 591.8931, Val MAE: 11.8331, Val R2: 0.7958
2025-04-25 00:53:52,848 - spatial_moe_trainer - INFO - Epoch 28/100 - Train Loss: 187.3804 (Col: 73.6743, Jump: 112.0162, Decline: 175.2937, PDE: 505.0298, Reg: 4388.8056), Eth Losses: China: 271.4296, India: 207.8131, Philippines: 202.1309... (more ethnicities), Val Loss: 598.5808, Val MAE: 12.0053, Val R2: 0.7934
2025-04-25 00:54:15,357 - spatial_moe_trainer - INFO - Epoch 29/100 - Train Loss: 200.1530 (Col: 79.1193, Jump: 111.3020, Decline: 178.2108, PDE: 562.7706, Reg: 4305.0632), Eth Losses: China: 305.5426, India: 228.2879, Philippines: 220.1391... (more ethnicities), Val Loss: 598.3932, Val MAE: 11.9358, Val R2: 0.7935
2025-04-25 00:54:37,821 - spatial_moe_trainer - INFO - Epoch 30/100 - Train Loss: 193.0870 (Col: 69.3593, Jump: 103.0555, Decline: 172.1936, PDE: 548.9678, Reg: 4254.1836), Eth Losses: China: 269.3587, India: 242.7356, Philippines: 212.3884... (more ethnicities), Val Loss: 601.0245, Val MAE: 11.9764, Val R2: 0.7926
2025-04-25 00:55:00,195 - spatial_moe_trainer - INFO - Epoch 31/100 - Train Loss: 190.4341 (Col: 66.2054, Jump: 107.2387, Decline: 170.1097, PDE: 554.6268, Reg: 5263.8182), Eth Losses: China: 284.0344, India: 226.4958, Philippines: 202.8769... (more ethnicities), Val Loss: 605.4324, Val MAE: 12.0262, Val R2: 0.7911
2025-04-25 00:55:22,662 - spatial_moe_trainer - INFO - Epoch 32/100 - Train Loss: 182.8290 (Col: 61.1328, Jump: 102.4449, Decline: 173.6511, PDE: 515.4846, Reg: 5026.7270), Eth Losses: China: 236.5905, India: 229.0717, Philippines: 195.9961... (more ethnicities), Val Loss: 619.4807, Val MAE: 12.1189, Val R2: 0.7862
2025-04-25 00:55:45,097 - spatial_moe_trainer - INFO - Epoch 33/100 - Train Loss: 180.8323 (Col: 64.7004, Jump: 104.0878, Decline: 175.8048, PDE: 503.3243, Reg: 4659.8320), Eth Losses: China: 248.5276, India: 217.1655, Philippines: 200.2811... (more ethnicities), Val Loss: 627.3213, Val MAE: 12.2204, Val R2: 0.7835
2025-04-25 00:55:45,098 - spatial_moe_trainer - INFO - Early stopping at epoch 33
2025-04-25 00:55:45,119 - spatial_moe_trainer - INFO - Saving metrics to ./optuna_results/trial_18/metrics
2025-04-25 00:55:45,122 - spatial_moe_trainer - INFO - Training metrics saved to ./optuna_results/trial_18/metrics/training_metrics.csv
2025-04-25 00:55:45,125 - spatial_moe_trainer - INFO - Validation metrics saved to ./optuna_results/trial_18/metrics/validation_metrics.csv
2025-04-25 00:55:45,163 - spatial_moe_trainer - INFO - Multi-Ethnic Spatial MoE model saved to ./optuna_results/trial_18/model.pt
2025-04-25 00:55:45,197 - __mp_main__ - INFO - Running trial 19 on device cuda:0
2025-04-25 00:55:45,209 - __main__ - INFO - Trial 18 completed with value: 574.381309
2025-04-25 00:55:45,395 - __mp_main__ - INFO - Using adjusted dimensions - hidden_dims: [75, 20, 40], coord_embed_dim: 30
2025-04-25 00:55:45,441 - spatial_moe_trainer - INFO - Multi-Ethnic Spatial MoE model initialized on cuda:0
2025-04-25 00:55:45,441 - spatial_moe_trainer - INFO - Model will predict 5 ethnicities: ['China', 'India', 'Philippines', 'Portugal', 'Sri Lanka']
2025-04-25 00:55:45,462 - __mp_main__ - INFO - Testing model forward pass before training...
2025-04-25 00:55:45,619 - __mp_main__ - INFO - Test forward pass successful. Output shape: torch.Size([64, 5])
2025-04-25 00:55:45,619 - spatial_moe_trainer - INFO - Starting multi-ethnic spatial MoE model training with learnable expert router...
2025-04-25 00:55:45,619 - spatial_moe_trainer - INFO - Using colonization_weight=8.05266659034115, jump_weight=4.204821010014943, decline_weight=9.584276128818496, pde_weight=7.604698094384849
2025-04-25 00:56:08,314 - spatial_moe_trainer - INFO - Epoch 1/100 - Train Loss: 1162.8680 (Col: 746.3160, Jump: 899.9979, Decline: 113.6338, PDE: 3462.9812, Reg: 12498.9793), Eth Losses: China: 1921.9042, India: 987.5648, Philippines: 1419.8597... (more ethnicities), Val Loss: 1053.8078, Val MAE: 15.4639, Val R2: 0.6364
2025-04-25 00:56:30,667 - spatial_moe_trainer - INFO - Epoch 2/100 - Train Loss: 791.6836 (Col: 376.8490, Jump: 487.0149, Decline: 96.9304, PDE: 2643.7511, Reg: 14253.7088), Eth Losses: China: 1217.7970, India: 680.5934, Philippines: 1008.4866... (more ethnicities), Val Loss: 933.4748, Val MAE: 14.6088, Val R2: 0.6779
2025-04-25 00:56:53,085 - spatial_moe_trainer - INFO - Epoch 3/100 - Train Loss: 680.2465 (Col: 273.9594, Jump: 441.0960, Decline: 82.2792, PDE: 2561.9782, Reg: 9965.5139), Eth Losses: China: 1045.5194, India: 644.9270, Philippines: 908.9439... (more ethnicities), Val Loss: 943.9024, Val MAE: 14.3152, Val R2: 0.6743
2025-04-25 00:57:15,606 - spatial_moe_trainer - INFO - Epoch 4/100 - Train Loss: 613.9987 (Col: 223.4756, Jump: 408.6600, Decline: 83.4680, PDE: 2383.9556, Reg: 9357.4262), Eth Losses: China: 970.2993, India: 637.4272, Philippines: 765.7741... (more ethnicities), Val Loss: 835.7791, Val MAE: 14.3689, Val R2: 0.7116
2025-04-25 00:57:38,176 - spatial_moe_trainer - INFO - Epoch 5/100 - Train Loss: 563.1518 (Col: 206.8293, Jump: 333.9050, Decline: 79.6661, PDE: 2048.7766, Reg: 9459.2075), Eth Losses: China: 842.0054, India: 622.2669, Philippines: 697.0715... (more ethnicities), Val Loss: 915.5136, Val MAE: 13.7680, Val R2: 0.6841
2025-04-25 00:58:00,750 - spatial_moe_trainer - INFO - Epoch 6/100 - Train Loss: 537.7728 (Col: 215.2492, Jump: 323.2576, Decline: 77.8833, PDE: 2026.0828, Reg: 7658.1562), Eth Losses: China: 839.4105, India: 529.6951, Philippines: 645.2298... (more ethnicities), Val Loss: 923.1096, Val MAE: 13.5816, Val R2: 0.6815
2025-04-25 00:58:23,336 - spatial_moe_trainer - INFO - Epoch 7/100 - Train Loss: 526.3545 (Col: 208.4647, Jump: 304.6427, Decline: 78.7628, PDE: 1957.6964, Reg: 7619.2968), Eth Losses: China: 911.7561, India: 509.1674, Philippines: 592.6700... (more ethnicities), Val Loss: 829.6051, Val MAE: 13.1877, Val R2: 0.7137
2025-04-25 00:58:46,015 - spatial_moe_trainer - INFO - Epoch 8/100 - Train Loss: 472.9185 (Col: 193.2842, Jump: 232.9304, Decline: 83.7991, PDE: 1712.3851, Reg: 6881.9657), Eth Losses: China: 708.4684, India: 492.5772, Philippines: 543.2334... (more ethnicities), Val Loss: 911.7211, Val MAE: 13.2048, Val R2: 0.6854
2025-04-25 00:59:08,373 - spatial_moe_trainer - INFO - Epoch 9/100 - Train Loss: 439.7734 (Col: 167.8538, Jump: 218.0583, Decline: 79.9632, PDE: 1632.5258, Reg: 6587.2231), Eth Losses: China: 715.1929, India: 442.6987, Philippines: 475.7448... (more ethnicities), Val Loss: 702.4468, Val MAE: 12.9442, Val R2: 0.7576
2025-04-25 00:59:30,799 - spatial_moe_trainer - INFO - Epoch 10/100 - Train Loss: 425.1541 (Col: 178.8697, Jump: 222.2225, Decline: 89.9174, PDE: 1468.2957, Reg: 9038.3427), Eth Losses: China: 698.4262, India: 384.2348, Philippines: 506.7426... (more ethnicities), Val Loss: 760.6961, Val MAE: 12.8116, Val R2: 0.7375
2025-04-25 00:59:53,267 - spatial_moe_trainer - INFO - Epoch 11/100 - Train Loss: 391.9645 (Col: 140.2651, Jump: 182.4243, Decline: 89.6502, PDE: 1389.4569, Reg: 8086.0344), Eth Losses: China: 649.4739, India: 394.7648, Philippines: 425.0040... (more ethnicities), Val Loss: 788.5734, Val MAE: 12.8308, Val R2: 0.7279
2025-04-25 01:00:15,690 - spatial_moe_trainer - INFO - Epoch 12/100 - Train Loss: 420.7469 (Col: 151.2666, Jump: 196.4544, Decline: 92.1643, PDE: 1401.3839, Reg: 8070.2255), Eth Losses: China: 688.7244, India: 439.8315, Philippines: 492.3532... (more ethnicities), Val Loss: 739.7007, Val MAE: 12.7341, Val R2: 0.7448
2025-04-25 01:00:38,343 - spatial_moe_trainer - INFO - Epoch 13/100 - Train Loss: 366.0091 (Col: 134.6739, Jump: 148.9622, Decline: 93.1441, PDE: 1236.9747, Reg: 9769.7736), Eth Losses: China: 554.8233, India: 377.3293, Philippines: 392.4217... (more ethnicities), Val Loss: 678.5132, Val MAE: 12.4325, Val R2: 0.7659
2025-04-25 01:01:00,789 - spatial_moe_trainer - INFO - Epoch 14/100 - Train Loss: 365.1852 (Col: 143.0587, Jump: 173.7278, Decline: 94.5232, PDE: 1251.3348, Reg: 5821.3058), Eth Losses: China: 578.0661, India: 398.8466, Philippines: 364.5451... (more ethnicities), Val Loss: 689.6796, Val MAE: 12.5988, Val R2: 0.7620
2025-04-25 01:01:23,195 - spatial_moe_trainer - INFO - Epoch 15/100 - Train Loss: 370.4910 (Col: 134.3251, Jump: 191.6341, Decline: 100.2953, PDE: 1275.6833, Reg: 8985.2945), Eth Losses: China: 592.9188, India: 380.3718, Philippines: 423.3364... (more ethnicities), Val Loss: 638.7215, Val MAE: 12.2495, Val R2: 0.7796
2025-04-25 01:01:45,751 - spatial_moe_trainer - INFO - Epoch 16/100 - Train Loss: 350.6510 (Col: 149.8079, Jump: 160.4328, Decline: 90.5976, PDE: 1236.2235, Reg: 4842.2833), Eth Losses: China: 533.6143, India: 376.8931, Philippines: 395.7598... (more ethnicities), Val Loss: 681.4580, Val MAE: 12.4777, Val R2: 0.7649
2025-04-25 01:02:08,381 - spatial_moe_trainer - INFO - Epoch 17/100 - Train Loss: 332.3308 (Col: 131.0342, Jump: 168.9512, Decline: 98.6784, PDE: 1159.2366, Reg: 5389.1806), Eth Losses: China: 591.2904, India: 306.4534, Philippines: 372.4636... (more ethnicities), Val Loss: 664.9084, Val MAE: 11.8946, Val R2: 0.7706
2025-04-25 01:02:30,830 - spatial_moe_trainer - INFO - Epoch 18/100 - Train Loss: 313.3066 (Col: 125.3887, Jump: 149.3970, Decline: 94.3767, PDE: 1069.4685, Reg: 6212.1525), Eth Losses: China: 570.8550, India: 298.2375, Philippines: 318.3976... (more ethnicities), Val Loss: 636.3290, Val MAE: 12.0936, Val R2: 0.7804
2025-04-25 01:02:53,252 - spatial_moe_trainer - INFO - Epoch 19/100 - Train Loss: 295.9398 (Col: 108.7720, Jump: 160.2375, Decline: 96.4380, PDE: 988.7478, Reg: 5168.5401), Eth Losses: China: 468.3764, India: 268.4606, Philippines: 331.6421... (more ethnicities), Val Loss: 678.5927, Val MAE: 11.9604, Val R2: 0.7658
2025-04-25 01:03:15,900 - spatial_moe_trainer - INFO - Epoch 20/100 - Train Loss: 300.9893 (Col: 117.1217, Jump: 147.3419, Decline: 94.0763, PDE: 1087.1845, Reg: 4131.8882), Eth Losses: China: 452.4774, India: 305.3105, Philippines: 358.9044... (more ethnicities), Val Loss: 642.5624, Val MAE: 12.0103, Val R2: 0.7783
2025-04-25 01:03:38,486 - spatial_moe_trainer - INFO - Epoch 21/100 - Train Loss: 344.9516 (Col: 116.5481, Jump: 154.6821, Decline: 104.4873, PDE: 1278.8843, Reg: 4998.6452), Eth Losses: China: 707.8275, India: 290.5314, Philippines: 374.2175... (more ethnicities), Val Loss: 652.4694, Val MAE: 12.0074, Val R2: 0.7749
2025-04-25 01:04:01,057 - spatial_moe_trainer - INFO - Epoch 22/100 - Train Loss: 278.0680 (Col: 101.3552, Jump: 154.8843, Decline: 89.2060, PDE: 983.3051, Reg: 4010.6607), Eth Losses: China: 415.6937, India: 305.7616, Philippines: 329.6963... (more ethnicities), Val Loss: 704.2634, Val MAE: 12.0694, Val R2: 0.7570
2025-04-25 01:04:23,637 - spatial_moe_trainer - INFO - Epoch 23/100 - Train Loss: 300.3914 (Col: 108.5698, Jump: 141.5057, Decline: 94.5636, PDE: 1048.6396, Reg: 4858.4967), Eth Losses: China: 504.1821, India: 272.3374, Philippines: 351.8962... (more ethnicities), Val Loss: 671.5265, Val MAE: 11.6933, Val R2: 0.7683
2025-04-25 01:04:46,257 - spatial_moe_trainer - INFO - Epoch 24/100 - Train Loss: 277.0389 (Col: 102.6894, Jump: 130.2176, Decline: 94.0259, PDE: 939.0619, Reg: 4532.8373), Eth Losses: China: 472.2429, India: 274.2874, Philippines: 254.2745... (more ethnicities), Val Loss: 616.0435, Val MAE: 11.9306, Val R2: 0.7874
2025-04-25 01:05:08,638 - spatial_moe_trainer - INFO - Epoch 25/100 - Train Loss: 322.8749 (Col: 81.3912, Jump: 124.9748, Decline: 210.2727, PDE: 1134.3867, Reg: 6640.8022), Eth Losses: China: 421.1655, India: 508.1922, Philippines: 292.7547... (more ethnicities), Val Loss: 739.1042, Val MAE: 13.3266, Val R2: 0.7450
2025-04-25 01:05:31,034 - spatial_moe_trainer - INFO - Epoch 26/100 - Train Loss: 449.1741 (Col: 85.4460, Jump: 153.6601, Decline: 570.0190, PDE: 1377.6606, Reg: 11037.4032), Eth Losses: China: 466.8460, India: 794.1605, Philippines: 277.5802... (more ethnicities), Val Loss: 835.7758, Val MAE: 14.2004, Val R2: 0.7116
2025-04-25 01:05:53,580 - spatial_moe_trainer - INFO - Epoch 27/100 - Train Loss: 462.4786 (Col: 86.0089, Jump: 130.6053, Decline: 564.7258, PDE: 1518.4216, Reg: 5793.6644), Eth Losses: China: 542.6325, India: 763.8721, Philippines: 291.6706... (more ethnicities), Val Loss: 853.2372, Val MAE: 14.2134, Val R2: 0.7056
2025-04-25 01:06:16,091 - spatial_moe_trainer - INFO - Epoch 28/100 - Train Loss: 437.4821 (Col: 86.6668, Jump: 134.0759, Decline: 513.0113, PDE: 1418.8537, Reg: 7549.7789), Eth Losses: China: 588.0370, India: 704.6454, Philippines: 287.7493... (more ethnicities), Val Loss: 777.0644, Val MAE: 13.8393, Val R2: 0.7319
2025-04-25 01:06:38,735 - spatial_moe_trainer - INFO - Epoch 29/100 - Train Loss: 406.8884 (Col: 76.0993, Jump: 146.5395, Decline: 542.2426, PDE: 1274.2534, Reg: 8092.7822), Eth Losses: China: 459.3732, India: 721.7844, Philippines: 270.7283... (more ethnicities), Val Loss: 866.7526, Val MAE: 13.9384, Val R2: 0.7009
2025-04-25 01:07:01,263 - spatial_moe_trainer - INFO - Epoch 30/100 - Train Loss: 448.1838 (Col: 93.0033, Jump: 129.7699, Decline: 572.6858, PDE: 1352.0063, Reg: 10846.3988), Eth Losses: China: 577.9404, India: 752.2634, Philippines: 257.1712... (more ethnicities), Val Loss: 890.1868, Val MAE: 14.2332, Val R2: 0.6928
2025-04-25 01:07:23,855 - spatial_moe_trainer - INFO - Epoch 31/100 - Train Loss: 479.5512 (Col: 75.7739, Jump: 129.5739, Decline: 575.3325, PDE: 1609.7496, Reg: 8450.8081), Eth Losses: China: 679.4260, India: 755.1604, Philippines: 250.8623... (more ethnicities), Val Loss: 872.5434, Val MAE: 14.0734, Val R2: 0.6989
2025-04-25 01:07:46,501 - spatial_moe_trainer - INFO - Epoch 32/100 - Train Loss: 488.4406 (Col: 82.3380, Jump: 136.3133, Decline: 548.1920, PDE: 1645.4902, Reg: 8123.5752), Eth Losses: China: 718.0445, India: 784.7341, Philippines: 271.2177... (more ethnicities), Val Loss: 888.5084, Val MAE: 14.1471, Val R2: 0.6934
2025-04-25 01:08:08,974 - spatial_moe_trainer - INFO - Epoch 33/100 - Train Loss: 488.3452 (Col: 70.4481, Jump: 148.8277, Decline: 571.9854, PDE: 1626.2325, Reg: 12338.9339), Eth Losses: China: 728.1672, India: 737.5084, Philippines: 270.5707... (more ethnicities), Val Loss: 873.2624, Val MAE: 14.0667, Val R2: 0.6987
2025-04-25 01:08:31,403 - spatial_moe_trainer - INFO - Epoch 34/100 - Train Loss: 480.8963 (Col: 70.8308, Jump: 131.4000, Decline: 558.3614, PDE: 1666.7487, Reg: 8204.4464), Eth Losses: China: 795.8444, India: 700.8562, Philippines: 304.4940... (more ethnicities), Val Loss: 854.8451, Val MAE: 14.0343, Val R2: 0.7050
2025-04-25 01:08:31,403 - spatial_moe_trainer - INFO - Early stopping at epoch 34
2025-04-25 01:08:31,418 - spatial_moe_trainer - INFO - Saving metrics to ./optuna_results/trial_19/metrics
2025-04-25 01:08:31,421 - spatial_moe_trainer - INFO - Training metrics saved to ./optuna_results/trial_19/metrics/training_metrics.csv
2025-04-25 01:08:31,424 - spatial_moe_trainer - INFO - Validation metrics saved to ./optuna_results/trial_19/metrics/validation_metrics.csv
2025-04-25 01:08:31,462 - spatial_moe_trainer - INFO - Multi-Ethnic Spatial MoE model saved to ./optuna_results/trial_19/model.pt
2025-04-25 01:08:31,494 - __mp_main__ - INFO - Running trial 20 on device cuda:0
2025-04-25 01:08:31,508 - __main__ - INFO - Trial 19 completed with value: 616.043514
2025-04-25 01:08:31,688 - __mp_main__ - INFO - Using adjusted dimensions - hidden_dims: [44, 24, 28], coord_embed_dim: 16
2025-04-25 01:08:31,733 - spatial_moe_trainer - INFO - Multi-Ethnic Spatial MoE model initialized on cuda:0
2025-04-25 01:08:31,733 - spatial_moe_trainer - INFO - Model will predict 5 ethnicities: ['China', 'India', 'Philippines', 'Portugal', 'Sri Lanka']
2025-04-25 01:08:31,753 - __mp_main__ - INFO - Testing model forward pass before training...
2025-04-25 01:08:31,912 - __mp_main__ - INFO - Test forward pass successful. Output shape: torch.Size([64, 5])
2025-04-25 01:08:31,912 - spatial_moe_trainer - INFO - Starting multi-ethnic spatial MoE model training with learnable expert router...
2025-04-25 01:08:31,913 - spatial_moe_trainer - INFO - Using colonization_weight=9.6661726913478, jump_weight=6.0267225770136115, decline_weight=4.037677979482558, pde_weight=9.918469652106323
2025-04-25 01:08:54,306 - spatial_moe_trainer - INFO - Epoch 1/100 - Train Loss: 1094.7266 (Col: 829.8684, Jump: 646.6845, Decline: 114.4034, PDE: 2913.0150, Reg: 8423.3538), Eth Losses: China: 1852.9518, India: 960.6541, Philippines: 1092.6719... (more ethnicities), Val Loss: 1130.7683, Val MAE: 16.6089, Val R2: 0.6098
2025-04-25 01:09:16,837 - spatial_moe_trainer - INFO - Epoch 2/100 - Train Loss: 725.8897 (Col: 422.3608, Jump: 666.4664, Decline: 97.2757, PDE: 2197.3821, Reg: 7184.8493), Eth Losses: China: 1155.8862, India: 722.1546, Philippines: 788.0414... (more ethnicities), Val Loss: 962.6590, Val MAE: 14.8684, Val R2: 0.6678
2025-04-25 01:09:39,307 - spatial_moe_trainer - INFO - Epoch 3/100 - Train Loss: 547.9711 (Col: 257.8859, Jump: 491.4237, Decline: 91.9006, PDE: 1884.8902, Reg: 7136.6373), Eth Losses: China: 856.5490, India: 576.7766, Philippines: 634.0096... (more ethnicities), Val Loss: 937.4189, Val MAE: 14.2461, Val R2: 0.6765
2025-04-25 01:10:02,048 - spatial_moe_trainer - INFO - Epoch 4/100 - Train Loss: 493.7704 (Col: 210.5362, Jump: 412.5460, Decline: 90.0524, PDE: 1682.8691, Reg: 6873.8360), Eth Losses: China: 757.9280, India: 556.7387, Philippines: 557.9605... (more ethnicities), Val Loss: 887.3286, Val MAE: 14.0433, Val R2: 0.6938
2025-04-25 01:10:24,633 - spatial_moe_trainer - INFO - Epoch 5/100 - Train Loss: 479.2986 (Col: 207.7210, Jump: 380.4988, Decline: 84.1326, PDE: 1603.3342, Reg: 6851.6995), Eth Losses: China: 716.2996, India: 525.8963, Philippines: 555.7814... (more ethnicities), Val Loss: 852.0070, Val MAE: 14.1168, Val R2: 0.7060
2025-04-25 01:10:47,279 - spatial_moe_trainer - INFO - Epoch 6/100 - Train Loss: 443.6398 (Col: 193.4671, Jump: 343.1511, Decline: 80.8621, PDE: 1534.0471, Reg: 5354.7847), Eth Losses: China: 639.1130, India: 494.2300, Philippines: 529.6107... (more ethnicities), Val Loss: 791.8710, Val MAE: 13.4819, Val R2: 0.7268
2025-04-25 01:11:09,741 - spatial_moe_trainer - INFO - Epoch 7/100 - Train Loss: 433.4790 (Col: 191.9323, Jump: 313.6993, Decline: 79.5064, PDE: 1458.4925, Reg: 5735.9820), Eth Losses: China: 618.2299, India: 520.7275, Philippines: 487.2405... (more ethnicities), Val Loss: 831.0845, Val MAE: 13.6240, Val R2: 0.7132
2025-04-25 01:11:32,368 - spatial_moe_trainer - INFO - Epoch 8/100 - Train Loss: 390.1226 (Col: 162.6900, Jump: 310.4240, Decline: 79.2699, PDE: 1366.7304, Reg: 5636.2943), Eth Losses: China: 574.0223, India: 404.9461, Philippines: 413.5160... (more ethnicities), Val Loss: 931.0193, Val MAE: 13.7825, Val R2: 0.6787
2025-04-25 01:11:54,937 - spatial_moe_trainer - INFO - Epoch 9/100 - Train Loss: 367.6539 (Col: 166.8948, Jump: 272.1669, Decline: 79.8209, PDE: 1290.7172, Reg: 3626.3563), Eth Losses: China: 533.0903, India: 398.0608, Philippines: 392.9173... (more ethnicities), Val Loss: 783.7596, Val MAE: 13.3829, Val R2: 0.7295
2025-04-25 01:12:17,631 - spatial_moe_trainer - INFO - Epoch 10/100 - Train Loss: 351.3391 (Col: 145.6217, Jump: 262.2370, Decline: 82.1397, PDE: 1215.7953, Reg: 4019.1756), Eth Losses: China: 473.1565, India: 413.8235, Philippines: 383.3911... (more ethnicities), Val Loss: 786.4615, Val MAE: 13.0692, Val R2: 0.7286
2025-04-25 01:12:40,486 - spatial_moe_trainer - INFO - Epoch 11/100 - Train Loss: 347.6948 (Col: 143.5711, Jump: 265.6569, Decline: 82.1313, PDE: 1146.7803, Reg: 5354.1254), Eth Losses: China: 498.6411, India: 392.7729, Philippines: 349.6010... (more ethnicities), Val Loss: 760.4371, Val MAE: 13.2305, Val R2: 0.7376
2025-04-25 01:13:03,080 - spatial_moe_trainer - INFO - Epoch 12/100 - Train Loss: 316.0485 (Col: 128.1734, Jump: 216.4196, Decline: 83.3802, PDE: 1053.3467, Reg: 4674.0135), Eth Losses: China: 517.7408, India: 313.0384, Philippines: 339.4724... (more ethnicities), Val Loss: 702.1674, Val MAE: 13.1302, Val R2: 0.7577
2025-04-25 01:13:25,671 - spatial_moe_trainer - INFO - Epoch 13/100 - Train Loss: 292.8863 (Col: 125.4912, Jump: 193.8264, Decline: 86.3973, PDE: 1003.1732, Reg: 3151.6408), Eth Losses: China: 377.7766, India: 319.1151, Philippines: 347.3846... (more ethnicities), Val Loss: 704.2513, Val MAE: 12.5547, Val R2: 0.7570
2025-04-25 01:13:48,441 - spatial_moe_trainer - INFO - Epoch 14/100 - Train Loss: 293.6421 (Col: 122.9825, Jump: 197.0639, Decline: 85.1638, PDE: 952.6771, Reg: 4394.7961), Eth Losses: China: 396.8725, India: 323.6956, Philippines: 303.9879... (more ethnicities), Val Loss: 734.6850, Val MAE: 12.6734, Val R2: 0.7465
2025-04-25 01:14:11,126 - spatial_moe_trainer - INFO - Epoch 15/100 - Train Loss: 276.3452 (Col: 112.5156, Jump: 203.1655, Decline: 84.4464, PDE: 935.5155, Reg: 3361.1648), Eth Losses: China: 363.3060, India: 274.3753, Philippines: 294.2131... (more ethnicities), Val Loss: 648.8571, Val MAE: 12.6577, Val R2: 0.7761
2025-04-25 01:14:33,705 - spatial_moe_trainer - INFO - Epoch 16/100 - Train Loss: 261.9304 (Col: 113.2166, Jump: 172.6549, Decline: 84.4530, PDE: 868.2053, Reg: 3169.0166), Eth Losses: China: 391.6380, India: 260.3276, Philippines: 272.0298... (more ethnicities), Val Loss: 642.4994, Val MAE: 12.2346, Val R2: 0.7783
2025-04-25 01:14:56,114 - spatial_moe_trainer - INFO - Epoch 17/100 - Train Loss: 241.7894 (Col: 103.8660, Jump: 177.5392, Decline: 86.5652, PDE: 801.7182, Reg: 2749.9462), Eth Losses: China: 341.8077, India: 285.4229, Philippines: 265.6863... (more ethnicities), Val Loss: 641.4977, Val MAE: 12.2102, Val R2: 0.7786
2025-04-25 01:15:18,585 - spatial_moe_trainer - INFO - Epoch 18/100 - Train Loss: 239.8868 (Col: 104.5601, Jump: 186.0055, Decline: 88.7277, PDE: 789.9064, Reg: 2505.4961), Eth Losses: China: 310.7444, India: 273.0753, Philippines: 266.0264... (more ethnicities), Val Loss: 588.2868, Val MAE: 11.9943, Val R2: 0.7970
2025-04-25 01:15:41,344 - spatial_moe_trainer - INFO - Epoch 19/100 - Train Loss: 235.6315 (Col: 107.7989, Jump: 168.7419, Decline: 87.5226, PDE: 731.0192, Reg: 3032.3223), Eth Losses: China: 333.7544, India: 267.8570, Philippines: 241.1037... (more ethnicities), Val Loss: 610.7283, Val MAE: 11.8302, Val R2: 0.7893
2025-04-25 01:16:03,975 - spatial_moe_trainer - INFO - Epoch 20/100 - Train Loss: 226.6402 (Col: 95.7256, Jump: 187.8637, Decline: 90.0771, PDE: 698.3264, Reg: 3186.2013), Eth Losses: China: 357.0737, India: 211.2231, Philippines: 273.5369... (more ethnicities), Val Loss: 617.6432, Val MAE: 11.8562, Val R2: 0.7869
2025-04-25 01:16:26,535 - spatial_moe_trainer - INFO - Epoch 21/100 - Train Loss: 213.7571 (Col: 97.9548, Jump: 153.7886, Decline: 92.5757, PDE: 666.4333, Reg: 2812.6945), Eth Losses: China: 313.3860, India: 227.4961, Philippines: 235.7910... (more ethnicities), Val Loss: 633.1303, Val MAE: 11.9242, Val R2: 0.7815
2025-04-25 01:16:49,079 - spatial_moe_trainer - INFO - Epoch 22/100 - Train Loss: 229.4945 (Col: 118.0868, Jump: 167.9453, Decline: 84.2070, PDE: 639.4000, Reg: 3190.4443), Eth Losses: China: 400.8216, India: 250.6388, Philippines: 227.7439... (more ethnicities), Val Loss: 591.9040, Val MAE: 11.7681, Val R2: 0.7958
2025-04-25 01:17:11,661 - spatial_moe_trainer - INFO - Epoch 23/100 - Train Loss: 204.8201 (Col: 90.1340, Jump: 162.6392, Decline: 88.7614, PDE: 620.5457, Reg: 2614.8736), Eth Losses: China: 294.7732, India: 243.2098, Philippines: 215.2944... (more ethnicities), Val Loss: 638.6312, Val MAE: 11.8446, Val R2: 0.7796
2025-04-25 01:17:34,307 - spatial_moe_trainer - INFO - Epoch 24/100 - Train Loss: 196.0144 (Col: 88.4344, Jump: 155.2781, Decline: 89.0721, PDE: 590.1645, Reg: 2409.7690), Eth Losses: China: 274.1023, India: 230.3766, Philippines: 211.0852... (more ethnicities), Val Loss: 634.1028, Val MAE: 11.8514, Val R2: 0.7812
2025-04-25 01:17:56,961 - spatial_moe_trainer - INFO - Epoch 25/100 - Train Loss: 190.4657 (Col: 86.9913, Jump: 180.9224, Decline: 91.1943, PDE: 552.7881, Reg: 2236.7682), Eth Losses: China: 278.1405, India: 218.9767, Philippines: 202.6614... (more ethnicities), Val Loss: 618.9794, Val MAE: 11.8113, Val R2: 0.7864
2025-04-25 01:18:19,520 - spatial_moe_trainer - INFO - Epoch 26/100 - Train Loss: 183.3148 (Col: 86.4732, Jump: 160.9522, Decline: 87.0134, PDE: 562.6812, Reg: 1964.4334), Eth Losses: China: 285.3174, India: 194.3590, Philippines: 189.3135... (more ethnicities), Val Loss: 608.6549, Val MAE: 11.5972, Val R2: 0.7900
2025-04-25 01:18:42,082 - spatial_moe_trainer - INFO - Epoch 27/100 - Train Loss: 171.2634 (Col: 69.1239, Jump: 152.3768, Decline: 89.7334, PDE: 525.8721, Reg: 2393.9791), Eth Losses: China: 258.3047, India: 193.0355, Philippines: 177.8076... (more ethnicities), Val Loss: 572.3584, Val MAE: 11.4399, Val R2: 0.8025
2025-04-25 01:19:04,708 - spatial_moe_trainer - INFO - Epoch 28/100 - Train Loss: 171.4729 (Col: 71.0803, Jump: 159.2625, Decline: 89.6705, PDE: 514.7601, Reg: 2919.0743), Eth Losses: China: 279.6188, India: 175.2907, Philippines: 169.1888... (more ethnicities), Val Loss: 567.4632, Val MAE: 11.5289, Val R2: 0.8042
2025-04-25 01:19:27,397 - spatial_moe_trainer - INFO - Epoch 29/100 - Train Loss: 156.9723 (Col: 60.9133, Jump: 167.9816, Decline: 92.4056, PDE: 503.7351, Reg: 1876.4355), Eth Losses: China: 222.6850, India: 180.3422, Philippines: 163.3092... (more ethnicities), Val Loss: 581.4771, Val MAE: 11.5139, Val R2: 0.7994
2025-04-25 01:19:50,094 - spatial_moe_trainer - INFO - Epoch 30/100 - Train Loss: 158.2072 (Col: 68.4276, Jump: 150.8519, Decline: 87.8870, PDE: 491.3804, Reg: 1778.5534), Eth Losses: China: 230.3670, India: 181.0447, Philippines: 169.8947... (more ethnicities), Val Loss: 587.2797, Val MAE: 11.5079, Val R2: 0.7973
2025-04-25 01:20:12,633 - spatial_moe_trainer - INFO - Epoch 31/100 - Train Loss: 163.4063 (Col: 67.5877, Jump: 164.1106, Decline: 89.3791, PDE: 514.7017, Reg: 1755.5196), Eth Losses: China: 249.5610, India: 167.9667, Philippines: 195.6813... (more ethnicities), Val Loss: 615.3640, Val MAE: 11.5161, Val R2: 0.7877
2025-04-25 01:20:35,223 - spatial_moe_trainer - INFO - Epoch 32/100 - Train Loss: 157.1136 (Col: 64.9323, Jump: 157.1280, Decline: 90.4460, PDE: 454.7229, Reg: 2200.3281), Eth Losses: China: 223.8218, India: 205.4578, Philippines: 153.6418... (more ethnicities), Val Loss: 591.6773, Val MAE: 11.3263, Val R2: 0.7958
2025-04-25 01:20:57,634 - spatial_moe_trainer - INFO - Epoch 33/100 - Train Loss: 152.6689 (Col: 63.9305, Jump: 174.6331, Decline: 91.7551, PDE: 479.7731, Reg: 1600.2327), Eth Losses: China: 223.1612, India: 165.0684, Philippines: 160.4514... (more ethnicities), Val Loss: 624.6976, Val MAE: 11.5628, Val R2: 0.7844
2025-04-25 01:21:20,345 - spatial_moe_trainer - INFO - Epoch 34/100 - Train Loss: 153.3196 (Col: 60.6776, Jump: 156.4176, Decline: 87.6048, PDE: 474.6086, Reg: 2061.4733), Eth Losses: China: 230.4874, India: 164.1998, Philippines: 144.6208... (more ethnicities), Val Loss: 629.5507, Val MAE: 11.4795, Val R2: 0.7828
2025-04-25 01:21:43,115 - spatial_moe_trainer - INFO - Epoch 35/100 - Train Loss: 162.1893 (Col: 73.8201, Jump: 143.7353, Decline: 88.7030, PDE: 485.9509, Reg: 1761.9297), Eth Losses: China: 282.2583, India: 151.0019, Philippines: 149.3539... (more ethnicities), Val Loss: 591.2996, Val MAE: 11.4558, Val R2: 0.7960
2025-04-25 01:22:05,892 - spatial_moe_trainer - INFO - Epoch 36/100 - Train Loss: 150.0515 (Col: 62.0949, Jump: 157.8670, Decline: 89.7195, PDE: 436.2861, Reg: 1930.5316), Eth Losses: China: 236.4503, India: 168.6023, Philippines: 153.3396... (more ethnicities), Val Loss: 587.6924, Val MAE: 11.3413, Val R2: 0.7972
2025-04-25 01:22:28,458 - spatial_moe_trainer - INFO - Epoch 37/100 - Train Loss: 146.1234 (Col: 54.8590, Jump: 153.1379, Decline: 88.5340, PDE: 453.8166, Reg: 2001.2322), Eth Losses: China: 226.9791, India: 157.3231, Philippines: 146.2621... (more ethnicities), Val Loss: 575.8489, Val MAE: 11.3883, Val R2: 0.8013
2025-04-25 01:22:51,097 - spatial_moe_trainer - INFO - Epoch 38/100 - Train Loss: 137.3956 (Col: 47.2665, Jump: 151.6734, Decline: 88.7191, PDE: 431.6593, Reg: 1734.3252), Eth Losses: China: 193.0980, India: 174.2770, Philippines: 144.3210... (more ethnicities), Val Loss: 597.8614, Val MAE: 11.3955, Val R2: 0.7937
2025-04-25 01:22:51,097 - spatial_moe_trainer - INFO - Early stopping at epoch 38
2025-04-25 01:22:51,113 - spatial_moe_trainer - INFO - Saving metrics to ./optuna_results/trial_20/metrics
2025-04-25 01:22:51,116 - spatial_moe_trainer - INFO - Training metrics saved to ./optuna_results/trial_20/metrics/training_metrics.csv
2025-04-25 01:22:51,119 - spatial_moe_trainer - INFO - Validation metrics saved to ./optuna_results/trial_20/metrics/validation_metrics.csv
2025-04-25 01:22:51,155 - spatial_moe_trainer - INFO - Multi-Ethnic Spatial MoE model saved to ./optuna_results/trial_20/model.pt
2025-04-25 01:22:51,189 - __mp_main__ - INFO - Running trial 21 on device cuda:0
2025-04-25 01:22:51,204 - __main__ - INFO - Trial 20 completed with value: 567.463183
2025-04-25 01:22:51,382 - __mp_main__ - INFO - Using adjusted dimensions - hidden_dims: [44, 24, 28], coord_embed_dim: 16
2025-04-25 01:22:51,427 - spatial_moe_trainer - INFO - Multi-Ethnic Spatial MoE model initialized on cuda:0
2025-04-25 01:22:51,427 - spatial_moe_trainer - INFO - Model will predict 5 ethnicities: ['China', 'India', 'Philippines', 'Portugal', 'Sri Lanka']
2025-04-25 01:22:51,447 - __mp_main__ - INFO - Testing model forward pass before training...
2025-04-25 01:22:51,605 - __mp_main__ - INFO - Test forward pass successful. Output shape: torch.Size([64, 5])
2025-04-25 01:22:51,605 - spatial_moe_trainer - INFO - Starting multi-ethnic spatial MoE model training with learnable expert router...
2025-04-25 01:22:51,605 - spatial_moe_trainer - INFO - Using colonization_weight=9.7532695089479, jump_weight=6.0267225770136115, decline_weight=4.082643943639809, pde_weight=9.964543974942778
2025-04-25 01:23:14,399 - spatial_moe_trainer - INFO - Epoch 1/100 - Train Loss: 1113.6881 (Col: 797.3481, Jump: 861.7590, Decline: 115.8193, PDE: 3250.7510, Reg: 5918.5222), Eth Losses: China: 1905.5950, India: 936.1020, Philippines: 1137.9125... (more ethnicities), Val Loss: 1090.8208, Val MAE: 16.4770, Val R2: 0.6236
2025-04-25 01:23:36,893 - spatial_moe_trainer - INFO - Epoch 2/100 - Train Loss: 738.7673 (Col: 464.8113, Jump: 581.0453, Decline: 102.4780, PDE: 2105.7198, Reg: 6394.6636), Eth Losses: China: 1118.8689, India: 629.1416, Philippines: 798.7376... (more ethnicities), Val Loss: 981.3655, Val MAE: 15.4132, Val R2: 0.6614
2025-04-25 01:23:59,629 - spatial_moe_trainer - INFO - Epoch 3/100 - Train Loss: 585.3174 (Col: 279.7142, Jump: 562.9309, Decline: 97.5854, PDE: 1893.1219, Reg: 6847.8283), Eth Losses: China: 926.5554, India: 648.8279, Philippines: 624.7698... (more ethnicities), Val Loss: 1033.2707, Val MAE: 14.5751, Val R2: 0.6435
2025-04-25 01:24:22,209 - spatial_moe_trainer - INFO - Epoch 4/100 - Train Loss: 509.2872 (Col: 235.4875, Jump: 532.3621, Decline: 91.8934, PDE: 1684.4315, Reg: 5467.8380), Eth Losses: China: 807.9634, India: 538.2041, Philippines: 567.8343... (more ethnicities), Val Loss: 926.6639, Val MAE: 14.0552, Val R2: 0.6802
2025-04-25 01:24:44,941 - spatial_moe_trainer - INFO - Epoch 5/100 - Train Loss: 464.0103 (Col: 204.3649, Jump: 380.3393, Decline: 87.7572, PDE: 1611.4039, Reg: 4849.5346), Eth Losses: China: 664.4219, India: 503.8115, Philippines: 551.9366... (more ethnicities), Val Loss: 749.5344, Val MAE: 13.9113, Val R2: 0.7414
2025-04-25 01:25:07,437 - spatial_moe_trainer - INFO - Epoch 6/100 - Train Loss: 414.0198 (Col: 159.5409, Jump: 357.8838, Decline: 85.0126, PDE: 1562.2105, Reg: 4036.4639), Eth Losses: China: 611.0968, India: 466.1416, Philippines: 476.7895... (more ethnicities), Val Loss: 764.9741, Val MAE: 13.5255, Val R2: 0.7360
2025-04-25 01:25:30,046 - spatial_moe_trainer - INFO - Epoch 7/100 - Train Loss: 395.5575 (Col: 168.2008, Jump: 324.9867, Decline: 83.5763, PDE: 1383.4648, Reg: 4978.4874), Eth Losses: China: 639.3589, India: 405.8566, Philippines: 444.8083... (more ethnicities), Val Loss: 768.8376, Val MAE: 13.5831, Val R2: 0.7347
2025-04-25 01:25:52,718 - spatial_moe_trainer - INFO - Epoch 8/100 - Train Loss: 390.4252 (Col: 138.9894, Jump: 301.9133, Decline: 83.7464, PDE: 1372.4413, Reg: 6021.8128), Eth Losses: China: 632.3738, India: 424.9425, Philippines: 424.7049... (more ethnicities), Val Loss: 798.3179, Val MAE: 13.8458, Val R2: 0.7245
2025-04-25 01:26:15,401 - spatial_moe_trainer - INFO - Epoch 9/100 - Train Loss: 354.5060 (Col: 127.1511, Jump: 277.0599, Decline: 81.5992, PDE: 1258.5918, Reg: 5296.6164), Eth Losses: China: 567.7413, India: 348.8615, Philippines: 386.8419... (more ethnicities), Val Loss: 723.6051, Val MAE: 13.2520, Val R2: 0.7503
2025-04-25 01:26:38,066 - spatial_moe_trainer - INFO - Epoch 10/100 - Train Loss: 327.5622 (Col: 121.1581, Jump: 254.5933, Decline: 81.1736, PDE: 1185.6160, Reg: 3929.4325), Eth Losses: China: 499.7774, India: 346.0926, Philippines: 336.5241... (more ethnicities), Val Loss: 710.2684, Val MAE: 12.9601, Val R2: 0.7549
2025-04-25 01:27:00,609 - spatial_moe_trainer - INFO - Epoch 11/100 - Train Loss: 314.8315 (Col: 127.5835, Jump: 264.7839, Decline: 81.9837, PDE: 1108.2522, Reg: 3397.8305), Eth Losses: China: 495.6222, India: 313.8120, Philippines: 310.2993... (more ethnicities), Val Loss: 699.2709, Val MAE: 13.1146, Val R2: 0.7587
2025-04-25 01:27:23,459 - spatial_moe_trainer - INFO - Epoch 12/100 - Train Loss: 306.7631 (Col: 119.8854, Jump: 252.4842, Decline: 79.4879, PDE: 1076.4222, Reg: 3428.3400), Eth Losses: China: 487.5487, India: 309.3896, Philippines: 301.3661... (more ethnicities), Val Loss: 696.5145, Val MAE: 12.6521, Val R2: 0.7597
2025-04-25 01:27:46,124 - spatial_moe_trainer - INFO - Epoch 13/100 - Train Loss: 291.2619 (Col: 110.3121, Jump: 212.5074, Decline: 82.4934, PDE: 994.8179, Reg: 3707.6963), Eth Losses: China: 439.9182, India: 282.0598, Philippines: 320.7000... (more ethnicities), Val Loss: 659.6469, Val MAE: 12.5785, Val R2: 0.7724
2025-04-25 01:28:08,890 - spatial_moe_trainer - INFO - Epoch 14/100 - Train Loss: 267.9231 (Col: 106.2212, Jump: 231.9133, Decline: 82.1253, PDE: 957.9084, Reg: 2918.3493), Eth Losses: China: 382.7688, India: 301.6811, Philippines: 267.7393... (more ethnicities), Val Loss: 652.4132, Val MAE: 12.6366, Val R2: 0.7749
2025-04-25 01:28:31,550 - spatial_moe_trainer - INFO - Epoch 15/100 - Train Loss: 252.1311 (Col: 106.5248, Jump: 194.9298, Decline: 85.6167, PDE: 869.2455, Reg: 2304.2886), Eth Losses: China: 365.3530, India: 232.0579, Philippines: 265.5492... (more ethnicities), Val Loss: 672.0320, Val MAE: 12.3510, Val R2: 0.7681
2025-04-25 01:28:54,190 - spatial_moe_trainer - INFO - Epoch 16/100 - Train Loss: 265.5996 (Col: 105.8791, Jump: 196.6313, Decline: 85.7869, PDE: 830.3486, Reg: 4295.5218), Eth Losses: China: 433.7859, India: 270.0890, Philippines: 245.3512... (more ethnicities), Val Loss: 649.4545, Val MAE: 12.3905, Val R2: 0.7759
2025-04-25 01:29:16,878 - spatial_moe_trainer - INFO - Epoch 17/100 - Train Loss: 243.8400 (Col: 108.1154, Jump: 198.5087, Decline: 91.5571, PDE: 795.5221, Reg: 2403.0705), Eth Losses: China: 353.5859, India: 249.1081, Philippines: 249.8584... (more ethnicities), Val Loss: 693.0957, Val MAE: 12.4869, Val R2: 0.7608
2025-04-25 01:29:39,450 - spatial_moe_trainer - INFO - Epoch 18/100 - Train Loss: 250.6028 (Col: 103.0030, Jump: 181.4349, Decline: 92.4502, PDE: 793.0657, Reg: 3098.0643), Eth Losses: China: 417.5467, India: 243.8498, Philippines: 248.6831... (more ethnicities), Val Loss: 596.7028, Val MAE: 12.1457, Val R2: 0.7941
2025-04-25 01:30:02,165 - spatial_moe_trainer - INFO - Epoch 19/100 - Train Loss: 225.3289 (Col: 96.7705, Jump: 184.2141, Decline: 94.2444, PDE: 726.4563, Reg: 2463.5945), Eth Losses: China: 331.1977, India: 229.7334, Philippines: 219.5059... (more ethnicities), Val Loss: 628.0689, Val MAE: 12.2030, Val R2: 0.7833
2025-04-25 01:30:25,039 - spatial_moe_trainer - INFO - Epoch 20/100 - Train Loss: 227.3019 (Col: 95.0351, Jump: 180.1558, Decline: 93.6329, PDE: 717.0557, Reg: 2677.1044), Eth Losses: China: 386.0032, India: 198.6885, Philippines: 218.4564... (more ethnicities), Val Loss: 611.8318, Val MAE: 11.9939, Val R2: 0.7889
2025-04-25 01:30:47,930 - spatial_moe_trainer - INFO - Epoch 21/100 - Train Loss: 206.1279 (Col: 91.9667, Jump: 168.3633, Decline: 88.5497, PDE: 674.3936, Reg: 1945.2987), Eth Losses: China: 318.2495, India: 200.2527, Philippines: 204.7432... (more ethnicities), Val Loss: 586.5940, Val MAE: 11.8764, Val R2: 0.7976
2025-04-25 01:31:10,512 - spatial_moe_trainer - INFO - Epoch 22/100 - Train Loss: 212.0807 (Col: 90.4067, Jump: 173.7020, Decline: 93.2255, PDE: 657.0554, Reg: 2230.0562), Eth Losses: China: 346.3270, India: 199.9786, Philippines: 198.2759... (more ethnicities), Val Loss: 641.5205, Val MAE: 11.8627, Val R2: 0.7786
2025-04-25 01:31:33,194 - spatial_moe_trainer - INFO - Epoch 23/100 - Train Loss: 212.1412 (Col: 96.5242, Jump: 197.7774, Decline: 94.7071, PDE: 634.4958, Reg: 2365.1577), Eth Losses: China: 363.8602, India: 219.5877, Philippines: 193.8056... (more ethnicities), Val Loss: 625.9882, Val MAE: 12.0172, Val R2: 0.7840
2025-04-25 01:31:55,858 - spatial_moe_trainer - INFO - Epoch 24/100 - Train Loss: 214.3268 (Col: 78.6112, Jump: 165.1239, Decline: 89.3222, PDE: 664.2628, Reg: 3292.4269), Eth Losses: China: 361.2315, India: 231.2809, Philippines: 212.9821... (more ethnicities), Val Loss: 604.8653, Val MAE: 11.7897, Val R2: 0.7913
2025-04-25 01:32:18,451 - spatial_moe_trainer - INFO - Epoch 25/100 - Train Loss: 189.3396 (Col: 80.7361, Jump: 152.4564, Decline: 92.9742, PDE: 590.2554, Reg: 2018.7410), Eth Losses: China: 318.2953, India: 193.2056, Philippines: 182.9149... (more ethnicities), Val Loss: 603.4834, Val MAE: 11.8323, Val R2: 0.7918
2025-04-25 01:32:41,085 - spatial_moe_trainer - INFO - Epoch 26/100 - Train Loss: 179.7439 (Col: 71.6215, Jump: 162.8064, Decline: 94.2055, PDE: 531.1337, Reg: 2487.3172), Eth Losses: China: 278.0446, India: 190.8268, Philippines: 184.9898... (more ethnicities), Val Loss: 607.4975, Val MAE: 11.8503, Val R2: 0.7904
2025-04-25 01:33:03,618 - spatial_moe_trainer - INFO - Epoch 27/100 - Train Loss: 180.0665 (Col: 80.3066, Jump: 169.5032, Decline: 91.7269, PDE: 544.2632, Reg: 1860.8295), Eth Losses: China: 301.7608, India: 188.6512, Philippines: 185.2948... (more ethnicities), Val Loss: 626.1555, Val MAE: 11.9365, Val R2: 0.7839
2025-04-25 01:33:26,301 - spatial_moe_trainer - INFO - Epoch 28/100 - Train Loss: 197.9132 (Col: 96.0557, Jump: 154.4954, Decline: 94.6264, PDE: 536.0859, Reg: 2440.1127), Eth Losses: China: 332.0394, India: 186.7184, Philippines: 206.0957... (more ethnicities), Val Loss: 581.4736, Val MAE: 11.6338, Val R2: 0.7994
2025-04-25 01:33:48,987 - spatial_moe_trainer - INFO - Epoch 29/100 - Train Loss: 162.3332 (Col: 66.8996, Jump: 180.7436, Decline: 97.8806, PDE: 498.3804, Reg: 1817.5340), Eth Losses: China: 237.8855, India: 168.1995, Philippines: 160.0855... (more ethnicities), Val Loss: 611.4135, Val MAE: 11.5811, Val R2: 0.7890
2025-04-25 01:34:11,656 - spatial_moe_trainer - INFO - Epoch 30/100 - Train Loss: 158.9586 (Col: 62.0134, Jump: 164.8195, Decline: 91.5133, PDE: 506.6640, Reg: 1750.0320), Eth Losses: China: 240.8440, India: 156.3594, Philippines: 187.2158... (more ethnicities), Val Loss: 566.1659, Val MAE: 11.5086, Val R2: 0.8046
2025-04-25 01:34:34,272 - spatial_moe_trainer - INFO - Epoch 31/100 - Train Loss: 157.7569 (Col: 56.2098, Jump: 153.0285, Decline: 89.7908, PDE: 483.5146, Reg: 1886.0396), Eth Losses: China: 267.6375, India: 152.5686, Philippines: 152.5930... (more ethnicities), Val Loss: 604.1154, Val MAE: 11.6485, Val R2: 0.7915
2025-04-25 01:34:56,959 - spatial_moe_trainer - INFO - Epoch 32/100 - Train Loss: 155.1947 (Col: 59.5158, Jump: 135.4826, Decline: 92.7099, PDE: 462.0949, Reg: 1837.4412), Eth Losses: China: 240.8021, India: 165.5578, Philippines: 155.5373... (more ethnicities), Val Loss: 582.4783, Val MAE: 11.4896, Val R2: 0.7990
2025-04-25 01:35:19,635 - spatial_moe_trainer - INFO - Epoch 33/100 - Train Loss: 154.8645 (Col: 63.3634, Jump: 146.1537, Decline: 90.8711, PDE: 448.9554, Reg: 2167.8066), Eth Losses: China: 234.8268, India: 174.9808, Philippines: 153.8521... (more ethnicities), Val Loss: 614.1411, Val MAE: 11.6034, Val R2: 0.7881
2025-04-25 01:35:42,314 - spatial_moe_trainer - INFO - Epoch 34/100 - Train Loss: 155.7657 (Col: 63.0895, Jump: 143.9550, Decline: 92.1009, PDE: 467.5881, Reg: 2147.6334), Eth Losses: China: 219.3712, India: 189.1670, Philippines: 166.7677... (more ethnicities), Val Loss: 581.5804, Val MAE: 11.5595, Val R2: 0.7993
2025-04-25 01:36:05,027 - spatial_moe_trainer - INFO - Epoch 35/100 - Train Loss: 152.7315 (Col: 59.3197, Jump: 162.0544, Decline: 90.5369, PDE: 455.3254, Reg: 1870.3578), Eth Losses: China: 238.2493, India: 166.5365, Philippines: 152.7158... (more ethnicities), Val Loss: 611.1215, Val MAE: 11.5861, Val R2: 0.7891
2025-04-25 01:36:27,748 - spatial_moe_trainer - INFO - Epoch 36/100 - Train Loss: 151.0119 (Col: 51.4204, Jump: 149.0545, Decline: 97.3555, PDE: 454.3838, Reg: 2445.6946), Eth Losses: China: 231.6479, India: 163.2717, Philippines: 164.9476... (more ethnicities), Val Loss: 596.6679, Val MAE: 11.6010, Val R2: 0.7941
2025-04-25 01:36:50,427 - spatial_moe_trainer - INFO - Epoch 37/100 - Train Loss: 140.9942 (Col: 51.3918, Jump: 147.1621, Decline: 95.4312, PDE: 424.7715, Reg: 1770.8994), Eth Losses: China: 209.8327, India: 156.4805, Philippines: 152.4126... (more ethnicities), Val Loss: 600.1345, Val MAE: 11.5125, Val R2: 0.7929
2025-04-25 01:37:13,257 - spatial_moe_trainer - INFO - Epoch 38/100 - Train Loss: 136.9780 (Col: 49.2996, Jump: 144.7872, Decline: 94.3973, PDE: 425.8974, Reg: 1685.0857), Eth Losses: China: 209.5977, India: 151.8343, Philippines: 144.8123... (more ethnicities), Val Loss: 612.6034, Val MAE: 11.5296, Val R2: 0.7886
2025-04-25 01:37:36,063 - spatial_moe_trainer - INFO - Epoch 39/100 - Train Loss: 143.2497 (Col: 48.9443, Jump: 148.8307, Decline: 89.7243, PDE: 449.1632, Reg: 1766.7757), Eth Losses: China: 225.0953, India: 160.3973, Philippines: 148.7520... (more ethnicities), Val Loss: 603.9647, Val MAE: 11.6329, Val R2: 0.7916
2025-04-25 01:37:58,711 - spatial_moe_trainer - INFO - Epoch 40/100 - Train Loss: 139.1033 (Col: 52.1492, Jump: 153.3868, Decline: 89.8738, PDE: 404.9946, Reg: 1983.8517), Eth Losses: China: 227.2459, India: 155.9934, Philippines: 132.3771... (more ethnicities), Val Loss: 605.0478, Val MAE: 11.5157, Val R2: 0.7912
2025-04-25 01:37:58,711 - spatial_moe_trainer - INFO - Early stopping at epoch 40
2025-04-25 01:37:58,727 - spatial_moe_trainer - INFO - Saving metrics to ./optuna_results/trial_21/metrics
2025-04-25 01:37:58,730 - spatial_moe_trainer - INFO - Training metrics saved to ./optuna_results/trial_21/metrics/training_metrics.csv
2025-04-25 01:37:58,733 - spatial_moe_trainer - INFO - Validation metrics saved to ./optuna_results/trial_21/metrics/validation_metrics.csv
2025-04-25 01:37:58,770 - spatial_moe_trainer - INFO - Multi-Ethnic Spatial MoE model saved to ./optuna_results/trial_21/model.pt
2025-04-25 01:37:58,815 - __mp_main__ - INFO - Running trial 22 on device cuda:0
2025-04-25 01:37:58,831 - __main__ - INFO - Trial 21 completed with value: 566.165885
2025-04-25 01:37:59,011 - __mp_main__ - INFO - Using adjusted dimensions - hidden_dims: [44, 24, 28], coord_embed_dim: 16
2025-04-25 01:37:59,056 - spatial_moe_trainer - INFO - Multi-Ethnic Spatial MoE model initialized on cuda:0
2025-04-25 01:37:59,056 - spatial_moe_trainer - INFO - Model will predict 5 ethnicities: ['China', 'India', 'Philippines', 'Portugal', 'Sri Lanka']
2025-04-25 01:37:59,077 - __mp_main__ - INFO - Testing model forward pass before training...
2025-04-25 01:37:59,235 - __mp_main__ - INFO - Test forward pass successful. Output shape: torch.Size([64, 5])
2025-04-25 01:37:59,235 - spatial_moe_trainer - INFO - Starting multi-ethnic spatial MoE model training with learnable expert router...
2025-04-25 01:37:59,235 - spatial_moe_trainer - INFO - Using colonization_weight=9.762502584862888, jump_weight=6.232680777709965, decline_weight=4.082643943639809, pde_weight=8.546450996542411
2025-04-25 01:38:21,764 - spatial_moe_trainer - INFO - Epoch 1/100 - Train Loss: 1047.4398 (Col: 874.9348, Jump: 719.2877, Decline: 83.8428, PDE: 2211.2244, Reg: 4692.9220), Eth Losses: China: 1782.3353, India: 866.4387, Philippines: 1022.7326... (more ethnicities), Val Loss: 1203.2474, Val MAE: 16.3561, Val R2: 0.5848
2025-04-25 01:38:44,297 - spatial_moe_trainer - INFO - Epoch 2/100 - Train Loss: 689.0302 (Col: 533.2344, Jump: 537.7959, Decline: 71.9240, PDE: 1529.8006, Reg: 3716.0133), Eth Losses: China: 1073.9813, India: 581.1031, Philippines: 718.6889... (more ethnicities), Val Loss: 972.0984, Val MAE: 14.6052, Val R2: 0.6646
2025-04-25 01:39:06,856 - spatial_moe_trainer - INFO - Epoch 3/100 - Train Loss: 481.6829 (Col: 271.3270, Jump: 442.2801, Decline: 68.4768, PDE: 1198.0456, Reg: 4571.0891), Eth Losses: China: 829.9726, India: 464.8814, Philippines: 531.0797... (more ethnicities), Val Loss: 858.6377, Val MAE: 14.3187, Val R2: 0.7037
2025-04-25 01:39:29,318 - spatial_moe_trainer - INFO - Epoch 4/100 - Train Loss: 443.1915 (Col: 229.9814, Jump: 376.6687, Decline: 64.9064, PDE: 1085.0079, Reg: 4376.4895), Eth Losses: China: 749.1566, India: 420.5311, Philippines: 490.9441... (more ethnicities), Val Loss: 869.7321, Val MAE: 14.3357, Val R2: 0.6999
2025-04-25 01:39:51,869 - spatial_moe_trainer - INFO - Epoch 5/100 - Train Loss: 415.6037 (Col: 225.7661, Jump: 381.0636, Decline: 63.4192, PDE: 1034.2597, Reg: 4072.1911), Eth Losses: China: 573.3901, India: 429.5932, Philippines: 439.6334... (more ethnicities), Val Loss: 769.9172, Val MAE: 13.5880, Val R2: 0.7343
2025-04-25 01:40:14,744 - spatial_moe_trainer - INFO - Epoch 6/100 - Train Loss: 371.6042 (Col: 178.3504, Jump: 334.1722, Decline: 61.7030, PDE: 999.5154, Reg: 3496.4996), Eth Losses: China: 548.0160, India: 375.6999, Philippines: 400.2595... (more ethnicities), Val Loss: 737.0138, Val MAE: 13.6377, Val R2: 0.7457
2025-04-25 01:40:37,390 - spatial_moe_trainer - INFO - Epoch 7/100 - Train Loss: 368.1859 (Col: 200.6551, Jump: 349.4786, Decline: 63.2877, PDE: 996.7689, Reg: 3128.1264), Eth Losses: China: 544.8230, India: 362.1428, Philippines: 391.0406... (more ethnicities), Val Loss: 841.5578, Val MAE: 14.0281, Val R2: 0.7096
2025-04-25 01:40:59,905 - spatial_moe_trainer - INFO - Epoch 8/100 - Train Loss: 343.1294 (Col: 164.8736, Jump: 325.5943, Decline: 58.2384, PDE: 944.6906, Reg: 3189.7202), Eth Losses: China: 517.4473, India: 349.8504, Philippines: 381.6946... (more ethnicities), Val Loss: 869.1104, Val MAE: 14.1516, Val R2: 0.7001
2025-04-25 01:41:22,601 - spatial_moe_trainer - INFO - Epoch 9/100 - Train Loss: 336.8259 (Col: 170.1209, Jump: 307.3219, Decline: 59.7675, PDE: 928.5095, Reg: 2908.3952), Eth Losses: China: 426.8450, India: 343.0813, Philippines: 402.4451... (more ethnicities), Val Loss: 898.3641, Val MAE: 13.9830, Val R2: 0.6900
2025-04-25 01:41:45,257 - spatial_moe_trainer - INFO - Epoch 10/100 - Train Loss: 301.7944 (Col: 137.1048, Jump: 282.7935, Decline: 58.8459, PDE: 904.0439, Reg: 2428.0794), Eth Losses: China: 387.5705, India: 290.1974, Philippines: 342.6353... (more ethnicities), Val Loss: 798.1400, Val MAE: 13.5914, Val R2: 0.7246
2025-04-25 01:42:07,863 - spatial_moe_trainer - INFO - Epoch 11/100 - Train Loss: 312.6640 (Col: 149.5795, Jump: 263.0553, Decline: 56.0156, PDE: 858.9415, Reg: 3172.0618), Eth Losses: China: 509.2913, India: 268.3295, Philippines: 342.4754... (more ethnicities), Val Loss: 897.8903, Val MAE: 13.4916, Val R2: 0.6902
2025-04-25 01:42:30,667 - spatial_moe_trainer - INFO - Epoch 12/100 - Train Loss: 272.4414 (Col: 125.3646, Jump: 253.0195, Decline: 58.3633, PDE: 796.7867, Reg: 2477.2040), Eth Losses: China: 382.8235, India: 254.2053, Philippines: 287.4588... (more ethnicities), Val Loss: 711.0270, Val MAE: 13.1671, Val R2: 0.7546
2025-04-25 01:42:53,219 - spatial_moe_trainer - INFO - Epoch 13/100 - Train Loss: 256.1805 (Col: 114.2520, Jump: 236.0359, Decline: 58.8841, PDE: 752.9874, Reg: 2130.0048), Eth Losses: China: 324.3090, India: 271.8518, Philippines: 276.2084... (more ethnicities), Val Loss: 729.7690, Val MAE: 12.9415, Val R2: 0.7482
2025-04-25 01:43:15,680 - spatial_moe_trainer - INFO - Epoch 14/100 - Train Loss: 232.9138 (Col: 94.2859, Jump: 222.0366, Decline: 65.5943, PDE: 710.5892, Reg: 1970.1979), Eth Losses: China: 299.6539, India: 222.0242, Philippines: 248.7215... (more ethnicities), Val Loss: 780.3734, Val MAE: 12.9975, Val R2: 0.7307
2025-04-25 01:43:38,125 - spatial_moe_trainer - INFO - Epoch 15/100 - Train Loss: 246.2952 (Col: 105.2410, Jump: 215.8965, Decline: 63.9495, PDE: 696.6831, Reg: 2299.0934), Eth Losses: China: 326.6639, India: 243.3288, Philippines: 250.7697... (more ethnicities), Val Loss: 727.8735, Val MAE: 12.9097, Val R2: 0.7488
2025-04-25 01:44:00,755 - spatial_moe_trainer - INFO - Epoch 16/100 - Train Loss: 230.2592 (Col: 97.7059, Jump: 206.3556, Decline: 59.5033, PDE: 653.1031, Reg: 2239.4366), Eth Losses: China: 291.5405, India: 254.9053, Philippines: 258.8637... (more ethnicities), Val Loss: 714.0893, Val MAE: 12.8108, Val R2: 0.7536
2025-04-25 01:44:23,554 - spatial_moe_trainer - INFO - Epoch 17/100 - Train Loss: 214.7357 (Col: 91.1218, Jump: 184.0436, Decline: 60.3979, PDE: 621.5641, Reg: 1863.7974), Eth Losses: China: 270.5269, India: 241.5097, Philippines: 219.1479... (more ethnicities), Val Loss: 701.3255, Val MAE: 12.7429, Val R2: 0.7580
2025-04-25 01:44:46,077 - spatial_moe_trainer - INFO - Epoch 18/100 - Train Loss: 208.6354 (Col: 83.4625, Jump: 189.6372, Decline: 62.3642, PDE: 576.5961, Reg: 2297.9057), Eth Losses: China: 301.7084, India: 214.1566, Philippines: 201.2734... (more ethnicities), Val Loss: 768.4941, Val MAE: 13.0196, Val R2: 0.7348
2025-04-25 01:45:08,683 - spatial_moe_trainer - INFO - Epoch 19/100 - Train Loss: 206.0130 (Col: 81.3081, Jump: 190.1751, Decline: 67.1202, PDE: 593.9927, Reg: 2117.7681), Eth Losses: China: 267.3962, India: 230.7506, Philippines: 217.7932... (more ethnicities), Val Loss: 684.3868, Val MAE: 12.7471, Val R2: 0.7638
2025-04-25 01:45:31,211 - spatial_moe_trainer - INFO - Epoch 20/100 - Train Loss: 203.5561 (Col: 91.1501, Jump: 181.3104, Decline: 68.4761, PDE: 588.8346, Reg: 1711.5276), Eth Losses: China: 263.7624, India: 240.2157, Philippines: 205.2033... (more ethnicities), Val Loss: 696.5660, Val MAE: 12.7838, Val R2: 0.7596
2025-04-25 01:45:53,859 - spatial_moe_trainer - INFO - Epoch 21/100 - Train Loss: 192.3618 (Col: 89.9744, Jump: 187.0571, Decline: 68.5828, PDE: 547.1953, Reg: 1352.3880), Eth Losses: China: 275.4410, India: 212.4942, Philippines: 184.0497... (more ethnicities), Val Loss: 702.7595, Val MAE: 12.4608, Val R2: 0.7575
2025-04-25 01:46:16,459 - spatial_moe_trainer - INFO - Epoch 22/100 - Train Loss: 180.5961 (Col: 80.9312, Jump: 177.5655, Decline: 71.4645, PDE: 530.3105, Reg: 1379.6476), Eth Losses: China: 245.6965, India: 218.9160, Philippines: 164.4142... (more ethnicities), Val Loss: 745.6856, Val MAE: 12.9303, Val R2: 0.7427
2025-04-25 01:46:39,039 - spatial_moe_trainer - INFO - Epoch 23/100 - Train Loss: 187.4689 (Col: 92.4207, Jump: 159.0859, Decline: 65.8785, PDE: 515.4966, Reg: 1509.6202), Eth Losses: China: 277.8355, India: 228.8473, Philippines: 173.3420... (more ethnicities), Val Loss: 674.7370, Val MAE: 12.3841, Val R2: 0.7672
2025-04-25 01:47:01,518 - spatial_moe_trainer - INFO - Epoch 24/100 - Train Loss: 181.1765 (Col: 77.8554, Jump: 173.8165, Decline: 61.5815, PDE: 506.4027, Reg: 1544.9988), Eth Losses: China: 289.9472, India: 206.1888, Philippines: 171.2309... (more ethnicities), Val Loss: 667.8867, Val MAE: 12.3268, Val R2: 0.7695
2025-04-25 01:47:24,196 - spatial_moe_trainer - INFO - Epoch 25/100 - Train Loss: 202.7950 (Col: 81.8451, Jump: 154.7245, Decline: 60.1851, PDE: 491.2273, Reg: 2320.5064), Eth Losses: China: 337.5372, India: 226.7179, Philippines: 189.6404... (more ethnicities), Val Loss: 739.0197, Val MAE: 12.1832, Val R2: 0.7450
2025-04-25 01:47:46,886 - spatial_moe_trainer - INFO - Epoch 26/100 - Train Loss: 184.1155 (Col: 86.1960, Jump: 171.6503, Decline: 63.3866, PDE: 478.4121, Reg: 1593.2627), Eth Losses: China: 275.0731, India: 178.3896, Philippines: 190.4980... (more ethnicities), Val Loss: 650.3833, Val MAE: 12.1117, Val R2: 0.7756
2025-04-25 01:48:09,300 - spatial_moe_trainer - INFO - Epoch 27/100 - Train Loss: 169.7230 (Col: 82.0686, Jump: 162.8319, Decline: 64.3629, PDE: 457.0976, Reg: 1368.6500), Eth Losses: China: 258.5425, India: 173.0093, Philippines: 168.0957... (more ethnicities), Val Loss: 762.1612, Val MAE: 12.6574, Val R2: 0.7370
2025-04-25 01:48:31,790 - spatial_moe_trainer - INFO - Epoch 28/100 - Train Loss: 186.8716 (Col: 88.1723, Jump: 152.2033, Decline: 67.2258, PDE: 432.0787, Reg: 2116.7859), Eth Losses: China: 282.8405, India: 203.4659, Philippines: 193.7072... (more ethnicities), Val Loss: 654.7223, Val MAE: 12.1034, Val R2: 0.7741
2025-04-25 01:48:54,250 - spatial_moe_trainer - INFO - Epoch 29/100 - Train Loss: 194.1295 (Col: 87.8343, Jump: 142.5734, Decline: 66.8823, PDE: 457.8035, Reg: 2227.6058), Eth Losses: China: 306.4106, India: 228.0644, Philippines: 204.0686... (more ethnicities), Val Loss: 627.7251, Val MAE: 12.0370, Val R2: 0.7834
2025-04-25 01:49:16,865 - spatial_moe_trainer - INFO - Epoch 30/100 - Train Loss: 162.6341 (Col: 72.5770, Jump: 153.9021, Decline: 70.4354, PDE: 418.8555, Reg: 1618.9546), Eth Losses: China: 234.7588, India: 169.4813, Philippines: 184.5045... (more ethnicities), Val Loss: 696.7218, Val MAE: 12.1018, Val R2: 0.7596
2025-04-25 01:49:39,448 - spatial_moe_trainer - INFO - Epoch 31/100 - Train Loss: 167.4123 (Col: 77.6328, Jump: 139.0506, Decline: 69.2383, PDE: 407.3997, Reg: 1829.5118), Eth Losses: China: 283.5746, India: 177.6663, Philippines: 171.5675... (more ethnicities), Val Loss: 662.5412, Val MAE: 12.0524, Val R2: 0.7714
2025-04-25 01:50:02,173 - spatial_moe_trainer - INFO - Epoch 32/100 - Train Loss: 157.1314 (Col: 74.5768, Jump: 132.6749, Decline: 69.1919, PDE: 400.0004, Reg: 1309.5244), Eth Losses: China: 229.3701, India: 151.6765, Philippines: 183.1337... (more ethnicities), Val Loss: 625.5501, Val MAE: 11.9994, Val R2: 0.7841
2025-04-25 01:50:24,680 - spatial_moe_trainer - INFO - Epoch 33/100 - Train Loss: 154.2423 (Col: 73.6391, Jump: 140.7712, Decline: 69.8145, PDE: 389.2244, Reg: 1261.0734), Eth Losses: China: 254.9378, India: 151.6354, Philippines: 164.0447... (more ethnicities), Val Loss: 604.0460, Val MAE: 11.7983, Val R2: 0.7916
2025-04-25 01:50:47,269 - spatial_moe_trainer - INFO - Epoch 34/100 - Train Loss: 153.7847 (Col: 72.1748, Jump: 132.0606, Decline: 72.8064, PDE: 364.2041, Reg: 1301.0444), Eth Losses: China: 231.9071, India: 152.5024, Philippines: 155.4981... (more ethnicities), Val Loss: 591.6341, Val MAE: 11.8080, Val R2: 0.7958
2025-04-25 01:51:09,764 - spatial_moe_trainer - INFO - Epoch 35/100 - Train Loss: 160.3537 (Col: 84.8633, Jump: 133.6151, Decline: 70.3001, PDE: 375.2155, Reg: 1295.7012), Eth Losses: China: 269.8821, India: 151.6072, Philippines: 176.8974... (more ethnicities), Val Loss: 644.2960, Val MAE: 12.1182, Val R2: 0.7777
2025-04-25 01:51:32,279 - spatial_moe_trainer - INFO - Epoch 36/100 - Train Loss: 143.8258 (Col: 61.4569, Jump: 136.7180, Decline: 68.3528, PDE: 386.9883, Reg: 1283.9317), Eth Losses: China: 203.0348, India: 143.8455, Philippines: 180.0323... (more ethnicities), Val Loss: 662.6431, Val MAE: 12.0201, Val R2: 0.7713
2025-04-25 01:51:54,993 - spatial_moe_trainer - INFO - Epoch 37/100 - Train Loss: 153.3985 (Col: 63.6722, Jump: 130.7570, Decline: 73.4061, PDE: 419.6298, Reg: 1445.4340), Eth Losses: China: 223.4030, India: 146.1289, Philippines: 191.6633... (more ethnicities), Val Loss: 652.2795, Val MAE: 12.0750, Val R2: 0.7749
2025-04-25 01:52:17,625 - spatial_moe_trainer - INFO - Epoch 38/100 - Train Loss: 149.1124 (Col: 61.7590, Jump: 125.6860, Decline: 77.8806, PDE: 384.5499, Reg: 1293.0016), Eth Losses: China: 216.7145, India: 134.8225, Philippines: 222.0978... (more ethnicities), Val Loss: 665.3383, Val MAE: 12.0656, Val R2: 0.7704
2025-04-25 01:52:40,121 - spatial_moe_trainer - INFO - Epoch 39/100 - Train Loss: 149.9058 (Col: 52.0111, Jump: 132.9904, Decline: 73.5665, PDE: 385.9104, Reg: 1720.4939), Eth Losses: China: 248.2962, India: 125.5849, Philippines: 212.7580... (more ethnicities), Val Loss: 614.3697, Val MAE: 11.9217, Val R2: 0.7880
2025-04-25 01:53:02,478 - spatial_moe_trainer - INFO - Epoch 40/100 - Train Loss: 144.1670 (Col: 53.0142, Jump: 127.2512, Decline: 83.2913, PDE: 396.2057, Reg: 1445.5004), Eth Losses: China: 189.1261, India: 152.4251, Philippines: 226.5637... (more ethnicities), Val Loss: 642.2878, Val MAE: 12.0059, Val R2: 0.7784
2025-04-25 01:53:25,133 - spatial_moe_trainer - INFO - Epoch 41/100 - Train Loss: 144.9842 (Col: 49.4088, Jump: 137.7565, Decline: 116.0376, PDE: 407.1328, Reg: 1189.1872), Eth Losses: China: 181.8214, India: 125.0259, Philippines: 251.3194... (more ethnicities), Val Loss: 677.8721, Val MAE: 12.2617, Val R2: 0.7661
2025-04-25 01:53:47,721 - spatial_moe_trainer - INFO - Epoch 42/100 - Train Loss: 158.9322 (Col: 50.6055, Jump: 140.0863, Decline: 129.2091, PDE: 451.1892, Reg: 1295.8401), Eth Losses: China: 193.9344, India: 118.4896, Philippines: 326.3246... (more ethnicities), Val Loss: 663.9648, Val MAE: 12.2721, Val R2: 0.7709
2025-04-25 01:54:10,299 - spatial_moe_trainer - INFO - Epoch 43/100 - Train Loss: 174.6529 (Col: 48.9322, Jump: 127.6914, Decline: 208.3933, PDE: 480.0003, Reg: 1363.1184), Eth Losses: China: 187.6239, India: 126.6728, Philippines: 414.6196... (more ethnicities), Val Loss: 695.1841, Val MAE: 12.4412, Val R2: 0.7601
2025-04-25 01:54:33,065 - spatial_moe_trainer - INFO - Epoch 44/100 - Train Loss: 192.2051 (Col: 43.7308, Jump: 130.3142, Decline: 284.6763, PDE: 508.0763, Reg: 1362.7697), Eth Losses: China: 179.8257, India: 115.5600, Philippines: 511.1047... (more ethnicities), Val Loss: 710.2080, Val MAE: 12.5652, Val R2: 0.7549
2025-04-25 01:54:33,065 - spatial_moe_trainer - INFO - Early stopping at epoch 44
2025-04-25 01:54:33,081 - spatial_moe_trainer - INFO - Saving metrics to ./optuna_results/trial_22/metrics
2025-04-25 01:54:33,083 - spatial_moe_trainer - INFO - Training metrics saved to ./optuna_results/trial_22/metrics/training_metrics.csv
2025-04-25 01:54:33,086 - spatial_moe_trainer - INFO - Validation metrics saved to ./optuna_results/trial_22/metrics/validation_metrics.csv
2025-04-25 01:54:33,123 - spatial_moe_trainer - INFO - Multi-Ethnic Spatial MoE model saved to ./optuna_results/trial_22/model.pt
2025-04-25 01:54:33,156 - __mp_main__ - INFO - Running trial 23 on device cuda:0
2025-04-25 01:54:33,171 - __main__ - INFO - Trial 22 completed with value: 591.634117
2025-04-25 01:54:33,352 - __mp_main__ - INFO - Using adjusted dimensions - hidden_dims: [60, 30, 35], coord_embed_dim: 20
2025-04-25 01:54:33,397 - spatial_moe_trainer - INFO - Multi-Ethnic Spatial MoE model initialized on cuda:0
2025-04-25 01:54:33,397 - spatial_moe_trainer - INFO - Model will predict 5 ethnicities: ['China', 'India', 'Philippines', 'Portugal', 'Sri Lanka']
2025-04-25 01:54:33,418 - __mp_main__ - INFO - Testing model forward pass before training...
2025-04-25 01:54:33,577 - __mp_main__ - INFO - Test forward pass successful. Output shape: torch.Size([64, 5])
2025-04-25 01:54:33,577 - spatial_moe_trainer - INFO - Starting multi-ethnic spatial MoE model training with learnable expert router...
2025-04-25 01:54:33,577 - spatial_moe_trainer - INFO - Using colonization_weight=8.93053359792161, jump_weight=6.232680777709965, decline_weight=4.082643943639809, pde_weight=4.967973931111567
2025-04-25 01:54:56,015 - spatial_moe_trainer - INFO - Epoch 1/100 - Train Loss: 1335.7713 (Col: 1033.0710, Jump: 838.2495, Decline: 128.9269, PDE: 3466.4695, Reg: 13423.5237), Eth Losses: China: 2401.4540, India: 1102.6453, Philippines: 1197.5490... (more ethnicities), Val Loss: 1536.7891, Val MAE: 17.7571, Val R2: 0.4697
2025-04-25 01:55:18,628 - spatial_moe_trainer - INFO - Epoch 2/100 - Train Loss: 974.2930 (Col: 706.0052, Jump: 748.7733, Decline: 115.8278, PDE: 2650.6413, Reg: 7373.9452), Eth Losses: China: 1612.8107, India: 789.4651, Philippines: 1066.8236... (more ethnicities), Val Loss: 1149.1918, Val MAE: 16.2670, Val R2: 0.6035
2025-04-25 01:55:41,088 - spatial_moe_trainer - INFO - Epoch 3/100 - Train Loss: 798.3410 (Col: 507.3327, Jump: 677.5969, Decline: 109.7077, PDE: 2343.5092, Reg: 5897.1541), Eth Losses: China: 1321.2881, India: 674.9242, Philippines: 931.8228... (more ethnicities), Val Loss: 1026.9132, Val MAE: 15.1586, Val R2: 0.6456
2025-04-25 01:56:03,514 - spatial_moe_trainer - INFO - Epoch 4/100 - Train Loss: 652.3176 (Col: 329.8539, Jump: 599.2800, Decline: 109.0790, PDE: 2164.4182, Reg: 5003.4336), Eth Losses: China: 1100.0208, India: 616.9779, Philippines: 750.3409... (more ethnicities), Val Loss: 902.8797, Val MAE: 14.8359, Val R2: 0.6884
2025-04-25 01:56:26,139 - spatial_moe_trainer - INFO - Epoch 5/100 - Train Loss: 572.1921 (Col: 230.2918, Jump: 485.0544, Decline: 104.0258, PDE: 2020.9281, Reg: 6854.5436), Eth Losses: China: 885.6330, India: 560.1006, Philippines: 631.5965... (more ethnicities), Val Loss: 837.3654, Val MAE: 14.0465, Val R2: 0.7111
2025-04-25 01:56:48,803 - spatial_moe_trainer - INFO - Epoch 6/100 - Train Loss: 530.4116 (Col: 215.5130, Jump: 554.9368, Decline: 96.4325, PDE: 1948.6311, Reg: 6045.4542), Eth Losses: China: 784.6354, India: 529.0756, Philippines: 573.9609... (more ethnicities), Val Loss: 872.2986, Val MAE: 14.0476, Val R2: 0.6990
2025-04-25 01:57:11,387 - spatial_moe_trainer - INFO - Epoch 7/100 - Train Loss: 512.6391 (Col: 175.0731, Jump: 467.3892, Decline: 102.1349, PDE: 1835.4948, Reg: 7041.0840), Eth Losses: China: 779.4756, India: 490.9958, Philippines: 565.6399... (more ethnicities), Val Loss: 835.9049, Val MAE: 13.8970, Val R2: 0.7116
2025-04-25 01:57:34,035 - spatial_moe_trainer - INFO - Epoch 8/100 - Train Loss: 484.2572 (Col: 183.1121, Jump: 502.6700, Decline: 94.5532, PDE: 1802.1620, Reg: 5199.0378), Eth Losses: China: 685.8978, India: 494.1527, Philippines: 557.8975... (more ethnicities), Val Loss: 831.2008, Val MAE: 14.0732, Val R2: 0.7132
2025-04-25 01:57:56,550 - spatial_moe_trainer - INFO - Epoch 9/100 - Train Loss: 457.7965 (Col: 158.6202, Jump: 451.6018, Decline: 106.4355, PDE: 1736.1285, Reg: 4915.3724), Eth Losses: China: 670.2517, India: 442.3984, Philippines: 539.8701... (more ethnicities), Val Loss: 874.8125, Val MAE: 13.9151, Val R2: 0.6981
2025-04-25 01:58:19,177 - spatial_moe_trainer - INFO - Epoch 10/100 - Train Loss: 447.2634 (Col: 152.1921, Jump: 433.8034, Decline: 92.6527, PDE: 1715.4935, Reg: 5160.4990), Eth Losses: China: 669.2196, India: 424.5523, Philippines: 526.5650... (more ethnicities), Val Loss: 846.3148, Val MAE: 13.7078, Val R2: 0.7080
2025-04-25 01:58:41,700 - spatial_moe_trainer - INFO - Epoch 11/100 - Train Loss: 452.7571 (Col: 147.5917, Jump: 463.0849, Decline: 92.4254, PDE: 1626.6618, Reg: 6119.1889), Eth Losses: China: 745.6063, India: 422.6294, Philippines: 500.4724... (more ethnicities), Val Loss: 808.9948, Val MAE: 13.5420, Val R2: 0.7208
2025-04-25 01:59:04,306 - spatial_moe_trainer - INFO - Epoch 12/100 - Train Loss: 430.0972 (Col: 143.3976, Jump: 476.5603, Decline: 93.0293, PDE: 1630.4175, Reg: 4601.7679), Eth Losses: China: 631.8827, India: 403.1080, Philippines: 517.1723... (more ethnicities), Val Loss: 825.8482, Val MAE: 13.7932, Val R2: 0.7150
2025-04-25 01:59:26,863 - spatial_moe_trainer - INFO - Epoch 13/100 - Train Loss: 403.7331 (Col: 131.3356, Jump: 426.3686, Decline: 86.8630, PDE: 1611.3426, Reg: 3601.4904), Eth Losses: China: 569.0314, India: 430.5502, Philippines: 514.8736... (more ethnicities), Val Loss: 831.4786, Val MAE: 13.7006, Val R2: 0.7131
2025-04-25 01:59:49,563 - spatial_moe_trainer - INFO - Epoch 14/100 - Train Loss: 401.9090 (Col: 121.8747, Jump: 377.6342, Decline: 92.5413, PDE: 1574.6979, Reg: 4775.4076), Eth Losses: China: 571.0757, India: 384.6258, Philippines: 492.7388... (more ethnicities), Val Loss: 817.5302, Val MAE: 13.6553, Val R2: 0.7179
2025-04-25 02:00:12,158 - spatial_moe_trainer - INFO - Epoch 15/100 - Train Loss: 387.2021 (Col: 118.1929, Jump: 406.6416, Decline: 87.1528, PDE: 1547.0935, Reg: 4017.7694), Eth Losses: China: 581.9961, India: 355.3736, Philippines: 490.9368... (more ethnicities), Val Loss: 822.8444, Val MAE: 13.6732, Val R2: 0.7161
2025-04-25 02:00:34,556 - spatial_moe_trainer - INFO - Trial pruned at epoch 16
2025-04-25 02:00:34,565 - spatial_moe_trainer - INFO - Saving metrics to ./optuna_results/trial_23/metrics
2025-04-25 02:00:34,567 - spatial_moe_trainer - INFO - Training metrics saved to ./optuna_results/trial_23/metrics/training_metrics.csv
2025-04-25 02:00:34,569 - spatial_moe_trainer - INFO - Validation metrics saved to ./optuna_results/trial_23/metrics/validation_metrics.csv
2025-04-25 02:00:34,606 - spatial_moe_trainer - INFO - Multi-Ethnic Spatial MoE model saved to ./optuna_results/trial_23/model.pt
2025-04-25 02:00:34,639 - __mp_main__ - INFO - Running trial 24 on device cuda:0
2025-04-25 02:00:34,654 - __main__ - INFO - Trial 23 completed with value: 808.994769
2025-04-25 02:00:34,836 - __mp_main__ - INFO - Using adjusted dimensions - hidden_dims: [32, 28, 28], coord_embed_dim: 20
2025-04-25 02:00:34,881 - spatial_moe_trainer - INFO - Multi-Ethnic Spatial MoE model initialized on cuda:0
2025-04-25 02:00:34,881 - spatial_moe_trainer - INFO - Model will predict 5 ethnicities: ['China', 'India', 'Philippines', 'Portugal', 'Sri Lanka']
2025-04-25 02:00:34,901 - __mp_main__ - INFO - Testing model forward pass before training...
2025-04-25 02:00:35,060 - __mp_main__ - INFO - Test forward pass successful. Output shape: torch.Size([64, 5])
2025-04-25 02:00:35,060 - spatial_moe_trainer - INFO - Starting multi-ethnic spatial MoE model training with learnable expert router...
2025-04-25 02:00:35,060 - spatial_moe_trainer - INFO - Using colonization_weight=8.93053359792161, jump_weight=6.232680777709965, decline_weight=6.934540005042189, pde_weight=7.1762944864728135
2025-04-25 02:00:57,439 - spatial_moe_trainer - INFO - Epoch 1/100 - Train Loss: 1151.0634 (Col: 878.2347, Jump: 762.1167, Decline: 94.3719, PDE: 2900.3368, Reg: 6359.6863), Eth Losses: China: 1854.8037, India: 973.3039, Philippines: 1181.4961... (more ethnicities), Val Loss: 1231.5948, Val MAE: 16.8342, Val R2: 0.5750
2025-04-25 02:01:19,990 - spatial_moe_trainer - INFO - Epoch 2/100 - Train Loss: 827.7915 (Col: 534.0103, Jump: 648.7080, Decline: 83.0878, PDE: 2265.3149, Reg: 7221.6471), Eth Losses: China: 1403.5473, India: 719.5563, Philippines: 890.8947... (more ethnicities), Val Loss: 971.3008, Val MAE: 15.0399, Val R2: 0.6648
2025-04-25 02:01:42,478 - spatial_moe_trainer - INFO - Epoch 3/100 - Train Loss: 667.9071 (Col: 340.6154, Jump: 502.2897, Decline: 79.3694, PDE: 1938.6116, Reg: 7824.1408), Eth Losses: China: 1144.1968, India: 621.4608, Philippines: 756.5980... (more ethnicities), Val Loss: 889.8803, Val MAE: 15.0815, Val R2: 0.6929
2025-04-25 02:02:04,918 - spatial_moe_trainer - INFO - Epoch 4/100 - Train Loss: 563.0251 (Col: 255.0862, Jump: 484.6710, Decline: 83.0017, PDE: 1819.4148, Reg: 6216.5138), Eth Losses: China: 979.9469, India: 532.0163, Philippines: 600.3674... (more ethnicities), Val Loss: 857.9491, Val MAE: 14.9160, Val R2: 0.7039
2025-04-25 02:02:27,533 - spatial_moe_trainer - INFO - Epoch 5/100 - Train Loss: 538.1230 (Col: 212.8682, Jump: 398.9476, Decline: 78.8294, PDE: 1721.9520, Reg: 7680.6845), Eth Losses: China: 899.6086, India: 490.0021, Philippines: 623.7780... (more ethnicities), Val Loss: 852.9191, Val MAE: 14.0649, Val R2: 0.7057
2025-04-25 02:02:50,227 - spatial_moe_trainer - INFO - Epoch 6/100 - Train Loss: 491.0368 (Col: 223.7780, Jump: 412.3709, Decline: 74.9396, PDE: 1602.7532, Reg: 5309.5826), Eth Losses: China: 825.9477, India: 477.3816, Philippines: 551.4409... (more ethnicities), Val Loss: 829.5343, Val MAE: 14.3038, Val R2: 0.7138
2025-04-25 02:03:12,777 - spatial_moe_trainer - INFO - Epoch 7/100 - Train Loss: 492.0484 (Col: 196.5726, Jump: 435.4149, Decline: 72.3731, PDE: 1623.2376, Reg: 5613.8487), Eth Losses: China: 837.0562, India: 472.7244, Philippines: 536.3712... (more ethnicities), Val Loss: 883.8249, Val MAE: 14.2018, Val R2: 0.6950
2025-04-25 02:03:35,407 - spatial_moe_trainer - INFO - Epoch 8/100 - Train Loss: 489.5971 (Col: 157.7210, Jump: 375.9635, Decline: 77.1539, PDE: 1638.8752, Reg: 8428.0750), Eth Losses: China: 733.4302, India: 579.7314, Philippines: 564.2349... (more ethnicities), Val Loss: 838.3884, Val MAE: 14.0567, Val R2: 0.7107
2025-04-25 02:03:57,846 - spatial_moe_trainer - INFO - Epoch 9/100 - Train Loss: 430.9475 (Col: 135.2123, Jump: 375.8459, Decline: 72.9479, PDE: 1547.4245, Reg: 6263.1718), Eth Losses: China: 681.0269, India: 401.9866, Philippines: 537.3419... (more ethnicities), Val Loss: 802.2081, Val MAE: 13.6451, Val R2: 0.7232
2025-04-25 02:04:20,274 - spatial_moe_trainer - INFO - Epoch 10/100 - Train Loss: 418.8654 (Col: 137.0245, Jump: 388.4774, Decline: 65.5735, PDE: 1509.7253, Reg: 4873.3124), Eth Losses: China: 672.0759, India: 415.1540, Philippines: 478.8395... (more ethnicities), Val Loss: 777.3241, Val MAE: 13.7588, Val R2: 0.7318
2025-04-25 02:04:42,867 - spatial_moe_trainer - INFO - Epoch 11/100 - Train Loss: 408.7074 (Col: 140.9257, Jump: 334.7040, Decline: 65.6710, PDE: 1410.7924, Reg: 6601.6102), Eth Losses: China: 616.0892, India: 474.4000, Philippines: 451.9129... (more ethnicities), Val Loss: 823.2407, Val MAE: 13.4633, Val R2: 0.7159
2025-04-25 02:05:05,390 - spatial_moe_trainer - INFO - Epoch 12/100 - Train Loss: 372.2830 (Col: 140.2294, Jump: 287.2719, Decline: 65.0853, PDE: 1322.4131, Reg: 3901.6099), Eth Losses: China: 557.1594, India: 371.1239, Philippines: 420.8660... (more ethnicities), Val Loss: 749.9135, Val MAE: 13.3012, Val R2: 0.7412
2025-04-25 02:05:28,061 - spatial_moe_trainer - INFO - Epoch 13/100 - Train Loss: 352.2356 (Col: 116.5302, Jump: 309.1183, Decline: 66.6766, PDE: 1301.8372, Reg: 3906.5013), Eth Losses: China: 569.4438, India: 333.6077, Philippines: 401.0527... (more ethnicities), Val Loss: 755.2901, Val MAE: 13.3643, Val R2: 0.7394
2025-04-25 02:05:50,528 - spatial_moe_trainer - INFO - Epoch 14/100 - Train Loss: 341.7996 (Col: 121.1690, Jump: 266.9114, Decline: 64.5274, PDE: 1235.1627, Reg: 3247.7172), Eth Losses: China: 533.7077, India: 343.3129, Philippines: 356.0279... (more ethnicities), Val Loss: 750.8207, Val MAE: 13.2681, Val R2: 0.7409
2025-04-25 02:06:13,080 - spatial_moe_trainer - INFO - Epoch 15/100 - Train Loss: 327.6410 (Col: 106.3704, Jump: 249.1185, Decline: 66.7377, PDE: 1204.4708, Reg: 3576.4590), Eth Losses: China: 482.9032, India: 309.4685, Philippines: 361.6737... (more ethnicities), Val Loss: 701.8909, Val MAE: 12.9675, Val R2: 0.7578
2025-04-25 02:06:35,612 - spatial_moe_trainer - INFO - Epoch 16/100 - Train Loss: 347.2847 (Col: 129.3336, Jump: 281.5464, Decline: 62.3135, PDE: 1205.2943, Reg: 4001.6114), Eth Losses: China: 582.6524, India: 347.3385, Philippines: 350.4472... (more ethnicities), Val Loss: 776.6994, Val MAE: 13.0408, Val R2: 0.7320
2025-04-25 02:06:58,160 - spatial_moe_trainer - INFO - Epoch 17/100 - Train Loss: 327.7568 (Col: 106.2247, Jump: 253.5436, Decline: 66.9730, PDE: 1145.7881, Reg: 4122.8985), Eth Losses: China: 508.9008, India: 322.7527, Philippines: 353.5450... (more ethnicities), Val Loss: 656.6536, Val MAE: 12.7483, Val R2: 0.7734
2025-04-25 02:07:20,579 - spatial_moe_trainer - INFO - Epoch 18/100 - Train Loss: 314.7325 (Col: 102.3117, Jump: 253.7175, Decline: 64.6921, PDE: 1096.1154, Reg: 4941.4192), Eth Losses: China: 477.8442, India: 351.3643, Philippines: 335.6718... (more ethnicities), Val Loss: 713.8028, Val MAE: 12.8073, Val R2: 0.7537
2025-04-25 02:07:43,158 - spatial_moe_trainer - INFO - Epoch 19/100 - Train Loss: 295.6097 (Col: 98.2041, Jump: 199.8720, Decline: 65.7343, PDE: 1045.6411, Reg: 3594.8029), Eth Losses: China: 438.8864, India: 308.3449, Philippines: 301.8884... (more ethnicities), Val Loss: 739.3553, Val MAE: 12.8918, Val R2: 0.7449
2025-04-25 02:08:05,728 - spatial_moe_trainer - INFO - Epoch 20/100 - Train Loss: 297.1154 (Col: 103.9066, Jump: 203.3568, Decline: 63.7670, PDE: 1015.0140, Reg: 4082.2017), Eth Losses: China: 467.2952, India: 312.7238, Philippines: 311.9010... (more ethnicities), Val Loss: 704.7342, Val MAE: 12.7580, Val R2: 0.7568
2025-04-25 02:08:28,128 - spatial_moe_trainer - INFO - Epoch 21/100 - Train Loss: 266.5882 (Col: 90.7984, Jump: 204.8734, Decline: 73.0701, PDE: 956.0626, Reg: 3008.4229), Eth Losses: China: 375.7852, India: 290.8477, Philippines: 297.2610... (more ethnicities), Val Loss: 682.0009, Val MAE: 12.6124, Val R2: 0.7647
2025-04-25 02:08:50,524 - spatial_moe_trainer - INFO - Epoch 22/100 - Train Loss: 259.9084 (Col: 89.8782, Jump: 193.9892, Decline: 69.0575, PDE: 932.9396, Reg: 2459.5615), Eth Losses: China: 369.6633, India: 256.2259, Philippines: 290.5251... (more ethnicities), Val Loss: 734.9055, Val MAE: 12.6225, Val R2: 0.7464
2025-04-25 02:09:13,032 - spatial_moe_trainer - INFO - Epoch 23/100 - Train Loss: 254.9790 (Col: 83.7418, Jump: 201.8504, Decline: 69.3215, PDE: 905.4407, Reg: 3481.0285), Eth Losses: China: 388.0240, India: 250.3088, Philippines: 280.4751... (more ethnicities), Val Loss: 688.8041, Val MAE: 12.4097, Val R2: 0.7623
2025-04-25 02:09:35,597 - spatial_moe_trainer - INFO - Epoch 24/100 - Train Loss: 243.9573 (Col: 87.0308, Jump: 204.5011, Decline: 65.5868, PDE: 857.1565, Reg: 2791.8555), Eth Losses: China: 364.1573, India: 258.7840, Philippines: 252.6768... (more ethnicities), Val Loss: 670.1184, Val MAE: 12.3180, Val R2: 0.7688
2025-04-25 02:09:58,155 - spatial_moe_trainer - INFO - Epoch 25/100 - Train Loss: 240.1280 (Col: 70.3915, Jump: 185.8802, Decline: 65.0975, PDE: 914.0054, Reg: 2499.4694), Eth Losses: China: 335.1057, India: 234.5789, Philippines: 306.8227... (more ethnicities), Val Loss: 694.9063, Val MAE: 12.3581, Val R2: 0.7602
2025-04-25 02:10:20,668 - spatial_moe_trainer - INFO - Epoch 26/100 - Train Loss: 233.5398 (Col: 77.3258, Jump: 191.2592, Decline: 64.0652, PDE: 842.2375, Reg: 2989.7169), Eth Losses: China: 363.8717, India: 235.8108, Philippines: 261.0108... (more ethnicities), Val Loss: 662.2734, Val MAE: 12.2967, Val R2: 0.7715
2025-04-25 02:10:43,108 - spatial_moe_trainer - INFO - Epoch 27/100 - Train Loss: 223.6040 (Col: 72.3916, Jump: 199.8854, Decline: 64.6547, PDE: 833.2055, Reg: 2220.3952), Eth Losses: China: 329.7600, India: 228.8169, Philippines: 248.7939... (more ethnicities), Val Loss: 689.1586, Val MAE: 12.2468, Val R2: 0.7622
2025-04-25 02:10:43,108 - spatial_moe_trainer - INFO - Early stopping at epoch 27
2025-04-25 02:10:43,125 - spatial_moe_trainer - INFO - Saving metrics to ./optuna_results/trial_24/metrics
2025-04-25 02:10:43,127 - spatial_moe_trainer - INFO - Training metrics saved to ./optuna_results/trial_24/metrics/training_metrics.csv
2025-04-25 02:10:43,129 - spatial_moe_trainer - INFO - Validation metrics saved to ./optuna_results/trial_24/metrics/validation_metrics.csv
2025-04-25 02:10:43,167 - spatial_moe_trainer - INFO - Multi-Ethnic Spatial MoE model saved to ./optuna_results/trial_24/model.pt
2025-04-25 02:10:43,202 - __mp_main__ - INFO - Running trial 25 on device cuda:0
2025-04-25 02:10:43,217 - __main__ - INFO - Trial 24 completed with value: 656.653638
2025-04-25 02:10:43,397 - __mp_main__ - INFO - Using adjusted dimensions - hidden_dims: [108, 42, 30], coord_embed_dim: 12
2025-04-25 02:10:43,447 - spatial_moe_trainer - INFO - Multi-Ethnic Spatial MoE model initialized on cuda:0
2025-04-25 02:10:43,447 - spatial_moe_trainer - INFO - Model will predict 5 ethnicities: ['China', 'India', 'Philippines', 'Portugal', 'Sri Lanka']
2025-04-25 02:10:43,468 - __mp_main__ - INFO - Testing model forward pass before training...
2025-04-25 02:10:43,626 - __mp_main__ - INFO - Test forward pass successful. Output shape: torch.Size([64, 5])
2025-04-25 02:10:43,627 - spatial_moe_trainer - INFO - Starting multi-ethnic spatial MoE model training with learnable expert router...
2025-04-25 02:10:43,627 - spatial_moe_trainer - INFO - Using colonization_weight=9.762502584862888, jump_weight=2.6655567447823585, decline_weight=5.854631221378225, pde_weight=8.982475473133988
2025-04-25 02:11:06,198 - spatial_moe_trainer - INFO - Epoch 1/100 - Train Loss: 1367.1748 (Col: 945.3341, Jump: 1048.5173, Decline: 64.0363, PDE: 3370.5633, Reg: 6781.3561), Eth Losses: China: 2450.0523, India: 988.9410, Philippines: 1618.9106... (more ethnicities), Val Loss: 1330.6663, Val MAE: 16.9227, Val R2: 0.5408
2025-04-25 02:11:28,838 - spatial_moe_trainer - INFO - Epoch 2/100 - Train Loss: 964.4619 (Col: 600.5009, Jump: 821.2504, Decline: 55.2713, PDE: 2498.1382, Reg: 8593.4265), Eth Losses: China: 1453.6646, India: 771.2991, Philippines: 1271.4277... (more ethnicities), Val Loss: 1049.7490, Val MAE: 15.9409, Val R2: 0.6378
2025-04-25 02:11:51,323 - spatial_moe_trainer - INFO - Epoch 3/100 - Train Loss: 759.6033 (Col: 367.1997, Jump: 646.8552, Decline: 52.4391, PDE: 2254.2605, Reg: 9281.9262), Eth Losses: China: 1116.1722, India: 741.2738, Philippines: 1031.2947... (more ethnicities), Val Loss: 998.6379, Val MAE: 15.4970, Val R2: 0.6554
2025-04-25 02:12:13,833 - spatial_moe_trainer - INFO - Epoch 4/100 - Train Loss: 679.0707 (Col: 267.3402, Jump: 521.4485, Decline: 50.5058, PDE: 2141.1756, Reg: 8769.7807), Eth Losses: China: 1045.3072, India: 687.5630, Philippines: 928.1722... (more ethnicities), Val Loss: 1052.5685, Val MAE: 15.1789, Val R2: 0.6368
2025-04-25 02:12:36,361 - spatial_moe_trainer - INFO - Epoch 5/100 - Train Loss: 614.5209 (Col: 207.6796, Jump: 439.7909, Decline: 48.9441, PDE: 2004.0094, Reg: 9636.2850), Eth Losses: China: 957.5686, India: 655.4554, Philippines: 809.5737... (more ethnicities), Val Loss: 926.4226, Val MAE: 14.4222, Val R2: 0.6803
2025-04-25 02:12:58,852 - spatial_moe_trainer - INFO - Epoch 6/100 - Train Loss: 602.3647 (Col: 207.0648, Jump: 435.2858, Decline: 49.2523, PDE: 1939.2491, Reg: 11616.7779), Eth Losses: China: 919.8409, India: 625.5736, Philippines: 799.5243... (more ethnicities), Val Loss: 838.4489, Val MAE: 14.1735, Val R2: 0.7107
2025-04-25 02:13:21,450 - spatial_moe_trainer - INFO - Epoch 7/100 - Train Loss: 558.7059 (Col: 178.3702, Jump: 407.4711, Decline: 47.6091, PDE: 1845.1081, Reg: 6694.6148), Eth Losses: China: 840.1186, India: 517.1677, Philippines: 818.7496... (more ethnicities), Val Loss: 808.9347, Val MAE: 14.1294, Val R2: 0.7209
2025-04-25 02:13:43,861 - spatial_moe_trainer - INFO - Epoch 8/100 - Train Loss: 529.7037 (Col: 166.2351, Jump: 504.4561, Decline: 48.0011, PDE: 1697.4252, Reg: 8871.4849), Eth Losses: China: 777.7261, India: 549.4258, Philippines: 700.8302... (more ethnicities), Val Loss: 784.9148, Val MAE: 13.8134, Val R2: 0.7292
2025-04-25 02:14:06,662 - spatial_moe_trainer - INFO - Epoch 9/100 - Train Loss: 533.5945 (Col: 163.4177, Jump: 376.2552, Decline: 48.4296, PDE: 1740.7372, Reg: 10607.0300), Eth Losses: China: 826.5794, India: 551.8513, Philippines: 714.2838... (more ethnicities), Val Loss: 728.8216, Val MAE: 13.7365, Val R2: 0.7485
2025-04-25 02:14:29,147 - spatial_moe_trainer - INFO - Epoch 10/100 - Train Loss: 486.1209 (Col: 161.8143, Jump: 328.7444, Decline: 46.5304, PDE: 1568.3314, Reg: 8362.7401), Eth Losses: China: 748.7726, India: 484.5371, Philippines: 643.7516... (more ethnicities), Val Loss: 781.3760, Val MAE: 13.3584, Val R2: 0.7304
2025-04-25 02:14:51,558 - spatial_moe_trainer - INFO - Epoch 11/100 - Train Loss: 460.0407 (Col: 147.0989, Jump: 313.2622, Decline: 50.2010, PDE: 1450.8847, Reg: 7410.3888), Eth Losses: China: 724.8948, India: 430.1285, Philippines: 596.0391... (more ethnicities), Val Loss: 760.5324, Val MAE: 13.2576, Val R2: 0.7376
2025-04-25 02:15:14,053 - spatial_moe_trainer - INFO - Epoch 12/100 - Train Loss: 425.9043 (Col: 135.9968, Jump: 304.0880, Decline: 51.5925, PDE: 1404.7845, Reg: 4931.9358), Eth Losses: China: 616.6693, India: 448.6393, Philippines: 535.7063... (more ethnicities), Val Loss: 774.3908, Val MAE: 13.1380, Val R2: 0.7328
2025-04-25 02:15:36,446 - spatial_moe_trainer - INFO - Epoch 13/100 - Train Loss: 411.9000 (Col: 117.9907, Jump: 249.9180, Decline: 50.0020, PDE: 1395.0244, Reg: 5677.8004), Eth Losses: China: 584.3560, India: 425.5099, Philippines: 526.4036... (more ethnicities), Val Loss: 728.6162, Val MAE: 12.9984, Val R2: 0.7486
2025-04-25 02:15:58,887 - spatial_moe_trainer - INFO - Epoch 14/100 - Train Loss: 406.5644 (Col: 120.6971, Jump: 252.5530, Decline: 51.9620, PDE: 1309.2949, Reg: 7442.6368), Eth Losses: China: 598.4407, India: 409.5568, Philippines: 491.0749... (more ethnicities), Val Loss: 751.8563, Val MAE: 12.7633, Val R2: 0.7406
2025-04-25 02:16:21,411 - spatial_moe_trainer - INFO - Epoch 15/100 - Train Loss: 422.2529 (Col: 149.0843, Jump: 273.0155, Decline: 52.7376, PDE: 1296.8510, Reg: 7898.7421), Eth Losses: China: 648.6300, India: 434.4878, Philippines: 475.6091... (more ethnicities), Val Loss: 636.2661, Val MAE: 12.4406, Val R2: 0.7804
2025-04-25 02:16:43,875 - spatial_moe_trainer - INFO - Epoch 16/100 - Train Loss: 400.7321 (Col: 152.7039, Jump: 226.3397, Decline: 52.0635, PDE: 1243.4032, Reg: 5456.2107), Eth Losses: China: 517.7630, India: 400.9532, Philippines: 468.6638... (more ethnicities), Val Loss: 663.3650, Val MAE: 12.7928, Val R2: 0.7711
2025-04-25 02:17:06,585 - spatial_moe_trainer - INFO - Epoch 17/100 - Train Loss: 376.9968 (Col: 122.9138, Jump: 237.8685, Decline: 53.3302, PDE: 1189.9006, Reg: 6617.9529), Eth Losses: China: 540.2541, India: 394.9725, Philippines: 455.9509... (more ethnicities), Val Loss: 646.9375, Val MAE: 12.7109, Val R2: 0.7768
2025-04-25 02:17:29,085 - spatial_moe_trainer - INFO - Epoch 18/100 - Train Loss: 342.9436 (Col: 102.2606, Jump: 209.0156, Decline: 55.3567, PDE: 1122.7662, Reg: 6417.3166), Eth Losses: China: 469.1772, India: 337.1906, Philippines: 425.7745... (more ethnicities), Val Loss: 660.4780, Val MAE: 12.5347, Val R2: 0.7721
2025-04-25 02:17:51,673 - spatial_moe_trainer - INFO - Epoch 19/100 - Train Loss: 352.6222 (Col: 98.6515, Jump: 209.3613, Decline: 53.3493, PDE: 1147.9455, Reg: 5804.9352), Eth Losses: China: 518.9415, India: 358.2834, Philippines: 408.1689... (more ethnicities), Val Loss: 633.3046, Val MAE: 12.6079, Val R2: 0.7815
2025-04-25 02:18:14,271 - spatial_moe_trainer - INFO - Epoch 20/100 - Train Loss: 351.8042 (Col: 108.3511, Jump: 176.2863, Decline: 58.3455, PDE: 1096.9602, Reg: 6272.7298), Eth Losses: China: 545.3356, India: 361.2241, Philippines: 392.2781... (more ethnicities), Val Loss: 624.4042, Val MAE: 12.2976, Val R2: 0.7845
2025-04-25 02:18:36,838 - spatial_moe_trainer - INFO - Epoch 21/100 - Train Loss: 352.1227 (Col: 116.2306, Jump: 189.4632, Decline: 59.2568, PDE: 1076.8656, Reg: 7157.3391), Eth Losses: China: 578.3904, India: 354.0605, Philippines: 383.1435... (more ethnicities), Val Loss: 609.9975, Val MAE: 12.4669, Val R2: 0.7895
2025-04-25 02:18:59,535 - spatial_moe_trainer - INFO - Epoch 22/100 - Train Loss: 332.6621 (Col: 104.9076, Jump: 205.6262, Decline: 58.3473, PDE: 1027.9486, Reg: 6637.2292), Eth Losses: China: 506.4763, India: 345.6844, Philippines: 373.8475... (more ethnicities), Val Loss: 638.9323, Val MAE: 12.4705, Val R2: 0.7795
2025-04-25 02:19:22,031 - spatial_moe_trainer - INFO - Epoch 23/100 - Train Loss: 325.4720 (Col: 88.4472, Jump: 177.8947, Decline: 59.9536, PDE: 1028.7465, Reg: 6143.4205), Eth Losses: China: 489.0822, India: 334.6386, Philippines: 386.5805... (more ethnicities), Val Loss: 597.3991, Val MAE: 12.4672, Val R2: 0.7939
2025-04-25 02:19:44,610 - spatial_moe_trainer - INFO - Epoch 24/100 - Train Loss: 321.2026 (Col: 116.0264, Jump: 182.4272, Decline: 58.3147, PDE: 1006.7836, Reg: 4471.4538), Eth Losses: China: 534.9315, India: 298.3741, Philippines: 371.9409... (more ethnicities), Val Loss: 648.0742, Val MAE: 12.1947, Val R2: 0.7764
2025-04-25 02:20:07,125 - spatial_moe_trainer - INFO - Epoch 25/100 - Train Loss: 295.4893 (Col: 92.1491, Jump: 176.0880, Decline: 61.3756, PDE: 932.0729, Reg: 5181.3349), Eth Losses: China: 425.2414, India: 281.3406, Philippines: 345.2199... (more ethnicities), Val Loss: 624.4000, Val MAE: 12.4158, Val R2: 0.7845
2025-04-25 02:20:29,770 - spatial_moe_trainer - INFO - Epoch 26/100 - Train Loss: 301.8134 (Col: 93.8392, Jump: 172.9030, Decline: 63.8939, PDE: 926.1350, Reg: 5820.7720), Eth Losses: China: 463.6332, India: 299.4337, Philippines: 350.1469... (more ethnicities), Val Loss: 596.1060, Val MAE: 12.1915, Val R2: 0.7943
2025-04-25 02:20:52,363 - spatial_moe_trainer - INFO - Epoch 27/100 - Train Loss: 286.2156 (Col: 79.0005, Jump: 153.8403, Decline: 58.7491, PDE: 889.2827, Reg: 5652.9062), Eth Losses: China: 447.6163, India: 283.8176, Philippines: 326.2232... (more ethnicities), Val Loss: 619.7382, Val MAE: 11.9315, Val R2: 0.7861
2025-04-25 02:21:14,824 - spatial_moe_trainer - INFO - Epoch 28/100 - Train Loss: 281.7292 (Col: 85.2991, Jump: 170.9051, Decline: 57.3219, PDE: 853.5502, Reg: 8321.4189), Eth Losses: China: 407.7451, India: 298.1136, Philippines: 317.6522... (more ethnicities), Val Loss: 582.1347, Val MAE: 11.9758, Val R2: 0.7991
2025-04-25 02:21:37,381 - spatial_moe_trainer - INFO - Epoch 29/100 - Train Loss: 283.9246 (Col: 81.1027, Jump: 208.5819, Decline: 62.6814, PDE: 883.8349, Reg: 5641.3435), Eth Losses: China: 448.2953, India: 290.5083, Philippines: 340.3894... (more ethnicities), Val Loss: 563.1510, Val MAE: 11.9183, Val R2: 0.8057
2025-04-25 02:21:59,861 - spatial_moe_trainer - INFO - Epoch 30/100 - Train Loss: 280.9005 (Col: 84.5624, Jump: 173.5243, Decline: 65.9452, PDE: 881.3578, Reg: 6083.7772), Eth Losses: China: 456.6856, India: 285.5600, Philippines: 322.5634... (more ethnicities), Val Loss: 561.0382, Val MAE: 11.7370, Val R2: 0.8064
2025-04-25 02:22:22,376 - spatial_moe_trainer - INFO - Epoch 31/100 - Train Loss: 263.1732 (Col: 76.6631, Jump: 183.3013, Decline: 59.9808, PDE: 822.2509, Reg: 4559.7539), Eth Losses: China: 399.1404, India: 279.7997, Philippines: 298.6074... (more ethnicities), Val Loss: 549.3344, Val MAE: 11.8443, Val R2: 0.8104
2025-04-25 02:22:44,909 - spatial_moe_trainer - INFO - Epoch 32/100 - Train Loss: 262.0179 (Col: 74.1112, Jump: 170.1953, Decline: 62.6790, PDE: 778.6371, Reg: 6026.9713), Eth Losses: China: 414.0522, India: 244.1304, Philippines: 300.5451... (more ethnicities), Val Loss: 543.9104, Val MAE: 11.6844, Val R2: 0.8123
2025-04-25 02:23:07,494 - spatial_moe_trainer - INFO - Epoch 33/100 - Train Loss: 275.8673 (Col: 89.1874, Jump: 169.4815, Decline: 66.0236, PDE: 831.9391, Reg: 4519.7077), Eth Losses: China: 414.6342, India: 266.3181, Philippines: 325.6625... (more ethnicities), Val Loss: 645.7030, Val MAE: 12.0342, Val R2: 0.7772
2025-04-25 02:23:29,982 - spatial_moe_trainer - INFO - Epoch 34/100 - Train Loss: 283.2157 (Col: 77.5561, Jump: 198.5442, Decline: 63.1087, PDE: 814.5285, Reg: 6978.4203), Eth Losses: China: 569.1033, India: 231.2642, Philippines: 303.5427... (more ethnicities), Val Loss: 569.9835, Val MAE: 11.8681, Val R2: 0.8033
2025-04-25 02:23:52,885 - spatial_moe_trainer - INFO - Epoch 35/100 - Train Loss: 247.8023 (Col: 70.0500, Jump: 173.7274, Decline: 66.1164, PDE: 773.8638, Reg: 4013.7100), Eth Losses: China: 388.6595, India: 259.2168, Philippines: 283.7095... (more ethnicities), Val Loss: 605.1421, Val MAE: 11.8473, Val R2: 0.7912
2025-04-25 02:24:15,379 - spatial_moe_trainer - INFO - Epoch 36/100 - Train Loss: 244.4722 (Col: 83.4080, Jump: 143.3550, Decline: 63.9989, PDE: 735.8165, Reg: 3747.0364), Eth Losses: China: 378.7234, India: 251.2321, Philippines: 272.7374... (more ethnicities), Val Loss: 571.6192, Val MAE: 11.7256, Val R2: 0.8028
2025-04-25 02:24:37,881 - spatial_moe_trainer - INFO - Epoch 37/100 - Train Loss: 241.5497 (Col: 78.6644, Jump: 167.7875, Decline: 66.4687, PDE: 739.5810, Reg: 4324.6176), Eth Losses: China: 343.6052, India: 261.8137, Philippines: 295.0310... (more ethnicities), Val Loss: 600.7811, Val MAE: 11.6733, Val R2: 0.7927
2025-04-25 02:25:00,342 - spatial_moe_trainer - INFO - Epoch 38/100 - Train Loss: 234.2646 (Col: 78.5284, Jump: 142.5748, Decline: 64.2384, PDE: 702.7894, Reg: 3682.9143), Eth Losses: China: 366.4440, India: 249.1067, Philippines: 259.7403... (more ethnicities), Val Loss: 539.7432, Val MAE: 11.5303, Val R2: 0.8138
2025-04-25 02:25:23,102 - spatial_moe_trainer - INFO - Epoch 39/100 - Train Loss: 242.4566 (Col: 72.7389, Jump: 133.4427, Decline: 69.3986, PDE: 691.3111, Reg: 5775.5852), Eth Losses: China: 396.5977, India: 229.3082, Philippines: 263.4935... (more ethnicities), Val Loss: 554.0262, Val MAE: 11.5603, Val R2: 0.8088
2025-04-25 02:25:45,779 - spatial_moe_trainer - INFO - Epoch 40/100 - Train Loss: 239.8243 (Col: 79.9404, Jump: 139.9957, Decline: 68.0965, PDE: 730.2359, Reg: 4275.9903), Eth Losses: China: 387.7270, India: 252.8526, Philippines: 257.8207... (more ethnicities), Val Loss: 583.8821, Val MAE: 11.6985, Val R2: 0.7985
2025-04-25 02:26:08,676 - spatial_moe_trainer - INFO - Epoch 41/100 - Train Loss: 239.9392 (Col: 72.4391, Jump: 170.3198, Decline: 73.6754, PDE: 734.5764, Reg: 4668.9837), Eth Losses: China: 370.4091, India: 244.9631, Philippines: 274.8326... (more ethnicities), Val Loss: 548.1946, Val MAE: 11.5239, Val R2: 0.8108
2025-04-25 02:26:31,109 - spatial_moe_trainer - INFO - Epoch 42/100 - Train Loss: 222.0595 (Col: 63.6760, Jump: 134.7733, Decline: 67.0204, PDE: 692.8764, Reg: 4303.5401), Eth Losses: China: 316.7891, India: 261.7675, Philippines: 260.8744... (more ethnicities), Val Loss: 524.7578, Val MAE: 11.3664, Val R2: 0.8189
2025-04-25 02:26:53,617 - spatial_moe_trainer - INFO - Epoch 43/100 - Train Loss: 226.6562 (Col: 64.6535, Jump: 147.0945, Decline: 71.8697, PDE: 658.5711, Reg: 5910.0591), Eth Losses: China: 378.8321, India: 242.9103, Philippines: 229.0698... (more ethnicities), Val Loss: 590.8954, Val MAE: 11.4483, Val R2: 0.7961
2025-04-25 02:27:16,283 - spatial_moe_trainer - INFO - Epoch 44/100 - Train Loss: 220.9841 (Col: 71.2066, Jump: 147.1400, Decline: 67.8099, PDE: 647.7810, Reg: 4059.1556), Eth Losses: China: 335.4859, India: 236.8901, Philippines: 246.7449... (more ethnicities), Val Loss: 535.2386, Val MAE: 11.5448, Val R2: 0.8153
2025-04-25 02:27:38,908 - spatial_moe_trainer - INFO - Epoch 45/100 - Train Loss: 233.3532 (Col: 76.5010, Jump: 133.6609, Decline: 70.7614, PDE: 685.2811, Reg: 5448.9442), Eth Losses: China: 385.4430, India: 233.8690, Philippines: 261.8654... (more ethnicities), Val Loss: 581.5498, Val MAE: 11.5415, Val R2: 0.7993
2025-04-25 02:28:01,493 - spatial_moe_trainer - INFO - Epoch 46/100 - Train Loss: 222.4588 (Col: 76.1798, Jump: 141.0393, Decline: 67.8771, PDE: 653.4684, Reg: 3933.3517), Eth Losses: China: 366.0276, India: 229.7107, Philippines: 236.7176... (more ethnicities), Val Loss: 549.3675, Val MAE: 11.4690, Val R2: 0.8104
2025-04-25 02:28:24,039 - spatial_moe_trainer - INFO - Epoch 47/100 - Train Loss: 209.6397 (Col: 68.6687, Jump: 142.4107, Decline: 70.6765, PDE: 620.1272, Reg: 3491.4718), Eth Losses: China: 328.5306, India: 217.7958, Philippines: 236.2127... (more ethnicities), Val Loss: 583.2408, Val MAE: 11.6208, Val R2: 0.7987
2025-04-25 02:28:46,753 - spatial_moe_trainer - INFO - Epoch 48/100 - Train Loss: 216.2318 (Col: 73.0179, Jump: 140.8654, Decline: 72.6494, PDE: 632.6875, Reg: 5398.9284), Eth Losses: China: 342.5598, India: 245.4146, Philippines: 228.8839... (more ethnicities), Val Loss: 572.4868, Val MAE: 11.5692, Val R2: 0.8025
2025-04-25 02:29:09,394 - spatial_moe_trainer - INFO - Epoch 49/100 - Train Loss: 213.2084 (Col: 58.2478, Jump: 147.0465, Decline: 74.6395, PDE: 687.3447, Reg: 3964.5390), Eth Losses: China: 350.7133, India: 202.9937, Philippines: 240.8115... (more ethnicities), Val Loss: 592.6343, Val MAE: 11.6012, Val R2: 0.7955
2025-04-25 02:29:31,975 - spatial_moe_trainer - INFO - Epoch 50/100 - Train Loss: 198.6241 (Col: 53.8599, Jump: 131.8934, Decline: 70.1431, PDE: 610.1195, Reg: 5014.6358), Eth Losses: China: 305.5380, India: 202.8728, Philippines: 233.6512... (more ethnicities), Val Loss: 561.7209, Val MAE: 11.5262, Val R2: 0.8062
2025-04-25 02:29:54,598 - spatial_moe_trainer - INFO - Epoch 51/100 - Train Loss: 195.1524 (Col: 58.3421, Jump: 131.0481, Decline: 71.7377, PDE: 554.9890, Reg: 4296.8137), Eth Losses: China: 293.3128, India: 210.5735, Philippines: 209.7295... (more ethnicities), Val Loss: 570.5144, Val MAE: 11.5740, Val R2: 0.8031
2025-04-25 02:30:17,170 - spatial_moe_trainer - INFO - Epoch 52/100 - Train Loss: 199.0959 (Col: 60.6990, Jump: 123.2378, Decline: 74.3207, PDE: 599.6873, Reg: 3397.2029), Eth Losses: China: 337.9012, India: 194.3137, Philippines: 213.4509... (more ethnicities), Val Loss: 577.6785, Val MAE: 11.5815, Val R2: 0.8007
2025-04-25 02:30:17,170 - spatial_moe_trainer - INFO - Early stopping at epoch 52
2025-04-25 02:30:17,186 - spatial_moe_trainer - INFO - Saving metrics to ./optuna_results/trial_25/metrics
2025-04-25 02:30:17,189 - spatial_moe_trainer - INFO - Training metrics saved to ./optuna_results/trial_25/metrics/training_metrics.csv
2025-04-25 02:30:17,192 - spatial_moe_trainer - INFO - Validation metrics saved to ./optuna_results/trial_25/metrics/validation_metrics.csv
2025-04-25 02:30:17,231 - spatial_moe_trainer - INFO - Multi-Ethnic Spatial MoE model saved to ./optuna_results/trial_25/model.pt
2025-04-25 02:30:17,265 - __mp_main__ - INFO - Running trial 26 on device cuda:0
2025-04-25 02:30:17,283 - __main__ - INFO - Trial 25 completed with value: 524.757844
2025-04-25 02:30:17,597 - __mp_main__ - INFO - Using adjusted dimensions - hidden_dims: [108, 42, 30], coord_embed_dim: 12
2025-04-25 02:30:17,643 - spatial_moe_trainer - INFO - Multi-Ethnic Spatial MoE model initialized on cuda:0
2025-04-25 02:30:17,643 - spatial_moe_trainer - INFO - Model will predict 5 ethnicities: ['China', 'India', 'Philippines', 'Portugal', 'Sri Lanka']
2025-04-25 02:30:17,664 - __mp_main__ - INFO - Testing model forward pass before training...
2025-04-25 02:30:17,822 - __mp_main__ - INFO - Test forward pass successful. Output shape: torch.Size([64, 5])
2025-04-25 02:30:17,822 - spatial_moe_trainer - INFO - Starting multi-ethnic spatial MoE model training with learnable expert router...
2025-04-25 02:30:17,822 - spatial_moe_trainer - INFO - Using colonization_weight=8.61556962988984, jump_weight=1.1712315497502326, decline_weight=6.2020233517783545, pde_weight=8.789375795240273
2025-04-25 02:30:40,314 - spatial_moe_trainer - INFO - Epoch 1/100 - Train Loss: 1304.5744 (Col: 906.0243, Jump: 1071.3791, Decline: 51.2491, PDE: 2922.9773, Reg: 12150.3507), Eth Losses: China: 2237.3259, India: 995.0168, Philippines: 1483.5408... (more ethnicities), Val Loss: 1159.3769, Val MAE: 16.1794, Val R2: 0.5999
2025-04-25 02:31:02,855 - spatial_moe_trainer - INFO - Epoch 2/100 - Train Loss: 994.2642 (Col: 628.8400, Jump: 798.8385, Decline: 46.9604, PDE: 2350.7092, Reg: 9427.3354), Eth Losses: China: 1600.1983, India: 724.1611, Philippines: 1153.9681... (more ethnicities), Val Loss: 1091.0445, Val MAE: 16.0293, Val R2: 0.6235
2025-04-25 02:31:25,492 - spatial_moe_trainer - INFO - Epoch 3/100 - Train Loss: 826.1674 (Col: 415.9250, Jump: 625.4799, Decline: 45.6317, PDE: 2180.1628, Reg: 10127.2285), Eth Losses: China: 1245.5498, India: 718.1450, Philippines: 995.5544... (more ethnicities), Val Loss: 881.5693, Val MAE: 14.6119, Val R2: 0.6958
2025-04-25 02:31:48,033 - spatial_moe_trainer - INFO - Epoch 4/100 - Train Loss: 736.3516 (Col: 273.5916, Jump: 645.5365, Decline: 44.0427, PDE: 2127.3790, Reg: 10880.8156), Eth Losses: China: 1227.2106, India: 681.7333, Philippines: 897.8711... (more ethnicities), Val Loss: 917.7142, Val MAE: 14.8824, Val R2: 0.6833
2025-04-25 02:32:10,483 - spatial_moe_trainer - INFO - Epoch 5/100 - Train Loss: 624.3053 (Col: 202.3334, Jump: 535.0970, Decline: 46.2830, PDE: 1917.9839, Reg: 9347.2473), Eth Losses: China: 948.7745, India: 600.3998, Philippines: 808.1966... (more ethnicities), Val Loss: 909.7278, Val MAE: 14.5914, Val R2: 0.6861
2025-04-25 02:32:32,885 - spatial_moe_trainer - INFO - Epoch 6/100 - Train Loss: 592.3871 (Col: 187.5367, Jump: 510.5882, Decline: 45.7057, PDE: 1828.7480, Reg: 8449.7326), Eth Losses: China: 804.0642, India: 620.5902, Philippines: 789.5396... (more ethnicities), Val Loss: 814.9840, Val MAE: 14.2271, Val R2: 0.7188
2025-04-25 02:32:55,419 - spatial_moe_trainer - INFO - Epoch 7/100 - Train Loss: 591.7933 (Col: 168.2988, Jump: 487.7194, Decline: 43.4249, PDE: 1812.4737, Reg: 10929.9673), Eth Losses: China: 893.7251, India: 576.7180, Philippines: 773.8215... (more ethnicities), Val Loss: 951.1476, Val MAE: 14.2617, Val R2: 0.6718
2025-04-25 02:33:17,805 - spatial_moe_trainer - INFO - Epoch 8/100 - Train Loss: 588.1070 (Col: 192.6152, Jump: 417.5218, Decline: 41.8094, PDE: 1819.2252, Reg: 8515.3409), Eth Losses: China: 1019.9376, India: 522.6154, Philippines: 723.8243... (more ethnicities), Val Loss: 796.7740, Val MAE: 14.0237, Val R2: 0.7251
2025-04-25 02:33:40,401 - spatial_moe_trainer - INFO - Epoch 9/100 - Train Loss: 523.2898 (Col: 162.3487, Jump: 366.3896, Decline: 42.3746, PDE: 1588.5409, Reg: 7506.0925), Eth Losses: China: 762.1542, India: 505.6951, Philippines: 665.2395... (more ethnicities), Val Loss: 863.0953, Val MAE: 13.6456, Val R2: 0.7022
2025-04-25 02:34:02,862 - spatial_moe_trainer - INFO - Epoch 10/100 - Train Loss: 520.6035 (Col: 170.7415, Jump: 375.2822, Decline: 40.8455, PDE: 1569.2762, Reg: 8786.6833), Eth Losses: China: 804.5464, India: 513.0168, Philippines: 639.3077... (more ethnicities), Val Loss: 765.5230, Val MAE: 13.6569, Val R2: 0.7358
2025-04-25 02:34:25,314 - spatial_moe_trainer - INFO - Epoch 11/100 - Train Loss: 472.8652 (Col: 133.2861, Jump: 321.2964, Decline: 42.0664, PDE: 1451.1442, Reg: 7749.9815), Eth Losses: China: 657.2614, India: 518.9737, Philippines: 631.6748... (more ethnicities), Val Loss: 823.4229, Val MAE: 13.6015, Val R2: 0.7159
2025-04-25 02:34:47,908 - spatial_moe_trainer - INFO - Epoch 12/100 - Train Loss: 472.1853 (Col: 134.5595, Jump: 272.0984, Decline: 43.4071, PDE: 1431.8460, Reg: 9083.5760), Eth Losses: China: 717.6098, India: 463.3535, Philippines: 577.7430... (more ethnicities), Val Loss: 726.4744, Val MAE: 13.1790, Val R2: 0.7493
2025-04-25 02:35:10,538 - spatial_moe_trainer - INFO - Epoch 13/100 - Train Loss: 444.0110 (Col: 131.2934, Jump: 290.7760, Decline: 43.4229, PDE: 1321.9024, Reg: 8910.5591), Eth Losses: China: 674.5892, India: 429.4683, Philippines: 547.2113... (more ethnicities), Val Loss: 792.7793, Val MAE: 13.1816, Val R2: 0.7264
2025-04-25 02:35:33,078 - spatial_moe_trainer - INFO - Epoch 14/100 - Train Loss: 411.2583 (Col: 121.8684, Jump: 301.1645, Decline: 43.4251, PDE: 1280.8262, Reg: 6079.9249), Eth Losses: China: 562.1970, India: 409.4578, Philippines: 521.2805... (more ethnicities), Val Loss: 783.1458, Val MAE: 13.0172, Val R2: 0.7298
2025-04-25 02:35:55,460 - spatial_moe_trainer - INFO - Epoch 15/100 - Train Loss: 416.7456 (Col: 115.0443, Jump: 259.2971, Decline: 43.0337, PDE: 1297.8872, Reg: 6760.4547), Eth Losses: China: 681.0673, India: 395.6218, Philippines: 470.4640... (more ethnicities), Val Loss: 846.2181, Val MAE: 13.3241, Val R2: 0.7080
2025-04-25 02:36:17,967 - spatial_moe_trainer - INFO - Epoch 16/100 - Train Loss: 407.0266 (Col: 119.7919, Jump: 274.4400, Decline: 45.6255, PDE: 1153.9583, Reg: 9633.0125), Eth Losses: China: 642.0564, India: 403.9861, Philippines: 469.9834... (more ethnicities), Val Loss: 741.7852, Val MAE: 12.9240, Val R2: 0.7440
2025-04-25 02:36:40,521 - spatial_moe_trainer - INFO - Epoch 17/100 - Train Loss: 383.0036 (Col: 109.7651, Jump: 213.1902, Decline: 45.4911, PDE: 1120.6355, Reg: 9723.5048), Eth Losses: China: 604.8088, India: 347.1309, Philippines: 449.3114... (more ethnicities), Val Loss: 734.4587, Val MAE: 12.6918, Val R2: 0.7466
2025-04-25 02:37:03,084 - spatial_moe_trainer - INFO - Epoch 18/100 - Train Loss: 421.0871 (Col: 176.3993, Jump: 221.1101, Decline: 45.1020, PDE: 1186.2929, Reg: 7099.9394), Eth Losses: China: 666.0412, India: 429.3879, Philippines: 447.5256... (more ethnicities), Val Loss: 751.1120, Val MAE: 12.7597, Val R2: 0.7408
2025-04-25 02:37:25,512 - spatial_moe_trainer - INFO - Epoch 19/100 - Train Loss: 334.9355 (Col: 100.1788, Jump: 243.2742, Decline: 47.5864, PDE: 1064.4632, Reg: 4375.9502), Eth Losses: China: 448.8867, India: 318.0870, Philippines: 407.4732... (more ethnicities), Val Loss: 704.0648, Val MAE: 12.6068, Val R2: 0.7570
2025-04-25 02:37:48,162 - spatial_moe_trainer - INFO - Epoch 20/100 - Train Loss: 368.9765 (Col: 98.5487, Jump: 219.5807, Decline: 46.3544, PDE: 1103.3528, Reg: 6270.1974), Eth Losses: China: 608.8366, India: 326.5539, Philippines: 379.3989... (more ethnicities), Val Loss: 676.5283, Val MAE: 12.5754, Val R2: 0.7666
2025-04-25 02:38:10,717 - spatial_moe_trainer - INFO - Epoch 21/100 - Train Loss: 324.1424 (Col: 88.6104, Jump: 242.1590, Decline: 45.6417, PDE: 1026.2720, Reg: 4990.0279), Eth Losses: China: 435.5809, India: 316.7714, Philippines: 392.0039... (more ethnicities), Val Loss: 635.8734, Val MAE: 12.5064, Val R2: 0.7806
2025-04-25 02:38:33,208 - spatial_moe_trainer - INFO - Epoch 22/100 - Train Loss: 344.9404 (Col: 84.1123, Jump: 211.7768, Decline: 45.2575, PDE: 995.7625, Reg: 10509.4248), Eth Losses: China: 549.4803, India: 367.0591, Philippines: 348.4434... (more ethnicities), Val Loss: 672.5030, Val MAE: 12.5746, Val R2: 0.7679
2025-04-25 02:38:55,732 - spatial_moe_trainer - INFO - Epoch 23/100 - Train Loss: 351.8971 (Col: 94.0410, Jump: 205.4718, Decline: 46.8800, PDE: 1063.0348, Reg: 10583.8668), Eth Losses: China: 616.2023, India: 290.1843, Philippines: 377.5583... (more ethnicities), Val Loss: 668.9765, Val MAE: 12.4371, Val R2: 0.7692
2025-04-25 02:39:18,432 - spatial_moe_trainer - INFO - Epoch 24/100 - Train Loss: 322.8152 (Col: 88.9732, Jump: 211.7650, Decline: 49.0373, PDE: 972.6118, Reg: 5875.7046), Eth Losses: China: 482.3695, India: 338.4203, Philippines: 359.1314... (more ethnicities), Val Loss: 632.1206, Val MAE: 12.3819, Val R2: 0.7819
2025-04-25 02:39:40,900 - spatial_moe_trainer - INFO - Epoch 25/100 - Train Loss: 330.7846 (Col: 95.2233, Jump: 186.5518, Decline: 47.3578, PDE: 992.1487, Reg: 6194.5477), Eth Losses: China: 512.6525, India: 307.6236, Philippines: 375.8354... (more ethnicities), Val Loss: 706.9528, Val MAE: 12.5106, Val R2: 0.7561
2025-04-25 02:40:03,538 - spatial_moe_trainer - INFO - Epoch 26/100 - Train Loss: 305.1914 (Col: 89.3584, Jump: 252.1661, Decline: 47.3071, PDE: 924.4721, Reg: 4833.7109), Eth Losses: China: 441.8870, India: 326.8563, Philippines: 321.8241... (more ethnicities), Val Loss: 704.1184, Val MAE: 12.4896, Val R2: 0.7570
2025-04-25 02:40:26,008 - spatial_moe_trainer - INFO - Epoch 27/100 - Train Loss: 304.9377 (Col: 78.8769, Jump: 203.0133, Decline: 49.3013, PDE: 947.3837, Reg: 5242.1010), Eth Losses: China: 447.3905, India: 295.1016, Philippines: 349.0941... (more ethnicities), Val Loss: 676.6673, Val MAE: 12.3819, Val R2: 0.7665
2025-04-25 02:40:48,481 - spatial_moe_trainer - INFO - Epoch 28/100 - Train Loss: 324.6106 (Col: 76.0187, Jump: 186.7611, Decline: 47.0356, PDE: 986.6795, Reg: 7922.8277), Eth Losses: China: 497.6927, India: 334.9571, Philippines: 357.7827... (more ethnicities), Val Loss: 650.6657, Val MAE: 12.3384, Val R2: 0.7755
2025-04-25 02:41:11,023 - spatial_moe_trainer - INFO - Epoch 29/100 - Train Loss: 303.7071 (Col: 75.7733, Jump: 210.3639, Decline: 51.2213, PDE: 946.6259, Reg: 5720.8581), Eth Losses: China: 426.4683, India: 331.9721, Philippines: 340.3645... (more ethnicities), Val Loss: 651.4988, Val MAE: 12.3276, Val R2: 0.7752
2025-04-25 02:41:33,583 - spatial_moe_trainer - INFO - Epoch 30/100 - Train Loss: 297.7965 (Col: 84.9981, Jump: 167.6504, Decline: 48.9461, PDE: 902.7129, Reg: 6396.6249), Eth Losses: China: 450.0875, India: 294.9594, Philippines: 319.3638... (more ethnicities), Val Loss: 650.9274, Val MAE: 12.3490, Val R2: 0.7754
2025-04-25 02:41:56,145 - spatial_moe_trainer - INFO - Epoch 31/100 - Train Loss: 299.2234 (Col: 75.5827, Jump: 198.8922, Decline: 47.5280, PDE: 934.6335, Reg: 5524.0824), Eth Losses: China: 456.7670, India: 275.5711, Philippines: 342.0516... (more ethnicities), Val Loss: 633.3613, Val MAE: 12.1880, Val R2: 0.7814
2025-04-25 02:42:18,788 - spatial_moe_trainer - INFO - Epoch 32/100 - Train Loss: 281.5706 (Col: 78.5060, Jump: 184.7305, Decline: 46.5523, PDE: 875.0328, Reg: 4952.3196), Eth Losses: China: 400.0496, India: 268.5912, Philippines: 313.5033... (more ethnicities), Val Loss: 661.9437, Val MAE: 12.2757, Val R2: 0.7716
2025-04-25 02:42:41,316 - spatial_moe_trainer - INFO - Epoch 33/100 - Train Loss: 274.2447 (Col: 74.6067, Jump: 187.2714, Decline: 49.7155, PDE: 871.6183, Reg: 4966.4254), Eth Losses: China: 384.1813, India: 270.9555, Philippines: 305.6402... (more ethnicities), Val Loss: 628.6344, Val MAE: 12.2089, Val R2: 0.7831
2025-04-25 02:43:03,856 - spatial_moe_trainer - INFO - Epoch 34/100 - Train Loss: 287.8317 (Col: 72.9562, Jump: 222.5177, Decline: 46.1174, PDE: 884.8671, Reg: 6065.2952), Eth Losses: China: 454.6830, India: 271.8594, Philippines: 312.9944... (more ethnicities), Val Loss: 650.4924, Val MAE: 12.2274, Val R2: 0.7755
2025-04-25 02:43:26,362 - spatial_moe_trainer - INFO - Epoch 35/100 - Train Loss: 288.7607 (Col: 76.8489, Jump: 184.3384, Decline: 48.3121, PDE: 884.5576, Reg: 5083.4228), Eth Losses: China: 448.1764, India: 281.6501, Philippines: 314.8588... (more ethnicities), Val Loss: 666.7232, Val MAE: 12.1798, Val R2: 0.7699
2025-04-25 02:43:48,778 - spatial_moe_trainer - INFO - Epoch 36/100 - Train Loss: 282.2649 (Col: 69.6117, Jump: 226.0205, Decline: 47.1917, PDE: 914.0337, Reg: 4109.5112), Eth Losses: China: 386.4825, India: 294.7675, Philippines: 319.4366... (more ethnicities), Val Loss: 638.3902, Val MAE: 12.1166, Val R2: 0.7797
2025-04-25 02:44:11,390 - spatial_moe_trainer - INFO - Epoch 37/100 - Train Loss: 263.8918 (Col: 71.2195, Jump: 178.3411, Decline: 48.7145, PDE: 809.4531, Reg: 6065.5835), Eth Losses: China: 379.0017, India: 267.4585, Philippines: 288.7090... (more ethnicities), Val Loss: 635.3108, Val MAE: 12.1598, Val R2: 0.7808
2025-04-25 02:44:33,661 - spatial_moe_trainer - INFO - Epoch 38/100 - Train Loss: 269.5959 (Col: 68.5754, Jump: 192.4557, Decline: 45.6238, PDE: 862.9573, Reg: 6250.6542), Eth Losses: China: 385.0462, India: 261.5323, Philippines: 299.7100... (more ethnicities), Val Loss: 643.5129, Val MAE: 12.1795, Val R2: 0.7779
2025-04-25 02:44:56,434 - spatial_moe_trainer - INFO - Epoch 39/100 - Train Loss: 273.0585 (Col: 75.2781, Jump: 196.3294, Decline: 48.6382, PDE: 830.7815, Reg: 7301.2728), Eth Losses: China: 441.7347, India: 248.1712, Philippines: 288.2875... (more ethnicities), Val Loss: 648.5441, Val MAE: 12.1197, Val R2: 0.7762
2025-04-25 02:45:18,861 - spatial_moe_trainer - INFO - Epoch 40/100 - Train Loss: 269.9819 (Col: 64.8043, Jump: 197.7290, Decline: 49.0160, PDE: 855.2609, Reg: 4340.0644), Eth Losses: China: 385.1862, India: 273.1542, Philippines: 315.7674... (more ethnicities), Val Loss: 630.8443, Val MAE: 12.1371, Val R2: 0.7823
2025-04-25 02:45:41,250 - spatial_moe_trainer - INFO - Epoch 41/100 - Train Loss: 263.0025 (Col: 71.8555, Jump: 208.9935, Decline: 48.3676, PDE: 820.2920, Reg: 3944.4259), Eth Losses: China: 375.5714, India: 270.8150, Philippines: 291.8321... (more ethnicities), Val Loss: 641.4982, Val MAE: 12.1169, Val R2: 0.7786
2025-04-25 02:46:03,777 - spatial_moe_trainer - INFO - Epoch 42/100 - Train Loss: 287.2636 (Col: 65.3517, Jump: 188.1487, Decline: 47.9871, PDE: 846.8401, Reg: 8231.8823), Eth Losses: China: 533.7833, India: 248.4117, Philippines: 280.1395... (more ethnicities), Val Loss: 637.4408, Val MAE: 12.1485, Val R2: 0.7800
2025-04-25 02:46:26,290 - spatial_moe_trainer - INFO - Epoch 43/100 - Train Loss: 273.1586 (Col: 76.3162, Jump: 167.7935, Decline: 49.6387, PDE: 831.3152, Reg: 5066.5255), Eth Losses: China: 438.1065, India: 253.0728, Philippines: 305.5117... (more ethnicities), Val Loss: 639.1885, Val MAE: 12.1103, Val R2: 0.7794
2025-04-25 02:46:26,290 - spatial_moe_trainer - INFO - Early stopping at epoch 43
2025-04-25 02:46:26,305 - spatial_moe_trainer - INFO - Saving metrics to ./optuna_results/trial_26/metrics
2025-04-25 02:46:26,307 - spatial_moe_trainer - INFO - Training metrics saved to ./optuna_results/trial_26/metrics/training_metrics.csv
2025-04-25 02:46:26,311 - spatial_moe_trainer - INFO - Validation metrics saved to ./optuna_results/trial_26/metrics/validation_metrics.csv
2025-04-25 02:46:26,354 - spatial_moe_trainer - INFO - Multi-Ethnic Spatial MoE model saved to ./optuna_results/trial_26/model.pt
2025-04-25 02:46:26,388 - __mp_main__ - INFO - Running trial 27 on device cuda:0
2025-04-25 02:46:26,404 - __main__ - INFO - Trial 26 completed with value: 628.634385
2025-04-25 02:46:26,589 - __mp_main__ - INFO - Using adjusted dimensions - hidden_dims: [120, 30, 30], coord_embed_dim: 48
2025-04-25 02:46:26,637 - spatial_moe_trainer - INFO - Multi-Ethnic Spatial MoE model initialized on cuda:0
2025-04-25 02:46:26,637 - spatial_moe_trainer - INFO - Model will predict 5 ethnicities: ['China', 'India', 'Philippines', 'Portugal', 'Sri Lanka']
2025-04-25 02:46:26,657 - __mp_main__ - INFO - Testing model forward pass before training...
2025-04-25 02:46:26,816 - __mp_main__ - INFO - Test forward pass successful. Output shape: torch.Size([64, 5])
2025-04-25 02:46:26,816 - spatial_moe_trainer - INFO - Starting multi-ethnic spatial MoE model training with learnable expert router...
2025-04-25 02:46:26,816 - spatial_moe_trainer - INFO - Using colonization_weight=7.153875157080701, jump_weight=3.1123559915860177, decline_weight=6.2020233517783545, pde_weight=4.967973931111567
2025-04-25 02:46:49,303 - spatial_moe_trainer - INFO - Epoch 1/100 - Train Loss: 1320.4582 (Col: 994.4601, Jump: 945.6803, Decline: 62.3255, PDE: 2695.8301, Reg: 6415.1407), Eth Losses: China: 2498.6891, India: 916.6166, Philippines: 1345.1360... (more ethnicities), Val Loss: 1595.4798, Val MAE: 18.0513, Val R2: 0.4495
2025-04-25 02:47:12,096 - spatial_moe_trainer - INFO - Epoch 2/100 - Train Loss: 1039.1734 (Col: 723.0017, Jump: 875.9374, Decline: 47.7729, PDE: 2227.8820, Reg: 7243.9932), Eth Losses: China: 1829.8919, India: 768.9951, Philippines: 1217.9413... (more ethnicities), Val Loss: 1174.7876, Val MAE: 16.3984, Val R2: 0.5946
2025-04-25 02:47:34,631 - spatial_moe_trainer - INFO - Epoch 3/100 - Train Loss: 880.7725 (Col: 531.3203, Jump: 816.2033, Decline: 46.5932, PDE: 2035.5943, Reg: 6798.2413), Eth Losses: China: 1562.4805, India: 578.5501, Philippines: 1057.8837... (more ethnicities), Val Loss: 1034.7682, Val MAE: 15.6448, Val R2: 0.6429
2025-04-25 02:47:57,166 - spatial_moe_trainer - INFO - Epoch 4/100 - Train Loss: 701.3921 (Col: 367.0529, Jump: 658.8407, Decline: 46.8449, PDE: 1786.8692, Reg: 7757.5721), Eth Losses: China: 1067.6593, India: 570.4781, Philippines: 930.6304... (more ethnicities), Val Loss: 927.8293, Val MAE: 14.8031, Val R2: 0.6798
2025-04-25 02:48:19,620 - spatial_moe_trainer - INFO - Epoch 5/100 - Train Loss: 605.4775 (Col: 266.6115, Jump: 590.3625, Decline: 45.9360, PDE: 1725.0671, Reg: 4695.6309), Eth Losses: China: 1020.6051, India: 493.8719, Philippines: 779.1386... (more ethnicities), Val Loss: 911.8353, Val MAE: 14.4517, Val R2: 0.6854
2025-04-25 02:48:41,960 - spatial_moe_trainer - INFO - Epoch 6/100 - Train Loss: 542.5539 (Col: 211.8557, Jump: 530.7587, Decline: 44.2716, PDE: 1491.6056, Reg: 5585.0882), Eth Losses: China: 809.5088, India: 478.7252, Philippines: 707.0255... (more ethnicities), Val Loss: 881.4209, Val MAE: 14.5185, Val R2: 0.6958
2025-04-25 02:49:04,248 - spatial_moe_trainer - INFO - Epoch 7/100 - Train Loss: 547.1614 (Col: 188.7643, Jump: 463.3034, Decline: 44.6852, PDE: 1482.5352, Reg: 6365.8820), Eth Losses: China: 923.2802, India: 519.7168, Philippines: 630.0976... (more ethnicities), Val Loss: 874.5324, Val MAE: 14.1777, Val R2: 0.6982
2025-04-25 02:49:26,719 - spatial_moe_trainer - INFO - Epoch 8/100 - Train Loss: 500.9974 (Col: 178.6488, Jump: 575.0257, Decline: 44.9210, PDE: 1414.1846, Reg: 5766.8615), Eth Losses: China: 731.5634, India: 513.2348, Philippines: 644.2026... (more ethnicities), Val Loss: 916.9685, Val MAE: 13.9437, Val R2: 0.6836
2025-04-25 02:49:49,321 - spatial_moe_trainer - INFO - Epoch 9/100 - Train Loss: 481.9905 (Col: 161.0507, Jump: 466.4194, Decline: 42.1375, PDE: 1353.2998, Reg: 7080.7237), Eth Losses: China: 734.7874, India: 478.7549, Philippines: 615.4346... (more ethnicities), Val Loss: 850.8546, Val MAE: 14.0171, Val R2: 0.7064
2025-04-25 02:50:11,866 - spatial_moe_trainer - INFO - Epoch 10/100 - Train Loss: 498.1273 (Col: 166.7117, Jump: 451.6371, Decline: 43.3607, PDE: 1376.0080, Reg: 7249.9531), Eth Losses: China: 854.4275, India: 459.3707, Philippines: 575.5813... (more ethnicities), Val Loss: 844.9014, Val MAE: 14.0144, Val R2: 0.7085
2025-04-25 02:50:34,340 - spatial_moe_trainer - INFO - Epoch 11/100 - Train Loss: 456.2737 (Col: 152.1822, Jump: 424.6007, Decline: 43.7426, PDE: 1331.2248, Reg: 5018.7315), Eth Losses: China: 725.5783, India: 474.4408, Philippines: 564.8466... (more ethnicities), Val Loss: 847.3903, Val MAE: 13.9946, Val R2: 0.7076
2025-04-25 02:50:56,806 - spatial_moe_trainer - INFO - Trial pruned at epoch 12
2025-04-25 02:50:56,814 - spatial_moe_trainer - INFO - Saving metrics to ./optuna_results/trial_27/metrics
2025-04-25 02:50:56,816 - spatial_moe_trainer - INFO - Training metrics saved to ./optuna_results/trial_27/metrics/training_metrics.csv
2025-04-25 02:50:56,818 - spatial_moe_trainer - INFO - Validation metrics saved to ./optuna_results/trial_27/metrics/validation_metrics.csv
2025-04-25 02:50:56,857 - spatial_moe_trainer - INFO - Multi-Ethnic Spatial MoE model saved to ./optuna_results/trial_27/model.pt
2025-04-25 02:50:56,889 - __mp_main__ - INFO - Running trial 28 on device cuda:0
2025-04-25 02:50:56,904 - __main__ - INFO - Trial 27 completed with value: 843.782088
2025-04-25 02:50:57,083 - __mp_main__ - INFO - Using adjusted dimensions - hidden_dims: [90, 45, 25], coord_embed_dim: 10
2025-04-25 02:50:57,130 - spatial_moe_trainer - INFO - Multi-Ethnic Spatial MoE model initialized on cuda:0
2025-04-25 02:50:57,130 - spatial_moe_trainer - INFO - Model will predict 5 ethnicities: ['China', 'India', 'Philippines', 'Portugal', 'Sri Lanka']
2025-04-25 02:50:57,150 - __mp_main__ - INFO - Testing model forward pass before training...
2025-04-25 02:50:57,307 - __mp_main__ - INFO - Test forward pass successful. Output shape: torch.Size([64, 5])
2025-04-25 02:50:57,308 - spatial_moe_trainer - INFO - Starting multi-ethnic spatial MoE model training with learnable expert router...
2025-04-25 02:50:57,308 - spatial_moe_trainer - INFO - Using colonization_weight=5.451798712798487, jump_weight=4.204821010014943, decline_weight=8.054895323185818, pde_weight=6.817888679876604
2025-04-25 02:51:19,748 - spatial_moe_trainer - INFO - Epoch 1/100 - Train Loss: 1342.7523 (Col: 901.4680, Jump: 817.9892, Decline: 63.1426, PDE: 3178.6749, Reg: 17739.6073), Eth Losses: China: 2352.3992, India: 1096.0494, Philippines: 1417.1163... (more ethnicities), Val Loss: 1215.8647, Val MAE: 16.6454, Val R2: 0.5804
2025-04-25 02:51:42,254 - spatial_moe_trainer - INFO - Epoch 2/100 - Train Loss: 1032.9373 (Col: 605.7124, Jump: 742.6958, Decline: 57.6197, PDE: 2640.6408, Reg: 17338.5093), Eth Losses: China: 1627.9475, India: 937.3574, Philippines: 1169.6713... (more ethnicities), Val Loss: 953.3423, Val MAE: 15.9264, Val R2: 0.6710
2025-04-25 02:52:04,945 - spatial_moe_trainer - INFO - Epoch 3/100 - Train Loss: 812.9246 (Col: 375.4583, Jump: 675.3561, Decline: 57.2631, PDE: 2341.0453, Reg: 11248.1643), Eth Losses: China: 1193.6368, India: 782.8810, Philippines: 911.7298... (more ethnicities), Val Loss: 854.9989, Val MAE: 14.4937, Val R2: 0.7050
2025-04-25 02:52:27,444 - spatial_moe_trainer - INFO - Epoch 4/100 - Train Loss: 702.1545 (Col: 232.5257, Jump: 469.0581, Decline: 57.2943, PDE: 2204.7647, Reg: 14003.4022), Eth Losses: China: 1134.6965, India: 763.0472, Philippines: 830.8062... (more ethnicities), Val Loss: 966.1126, Val MAE: 14.4952, Val R2: 0.6666
2025-04-25 02:52:49,907 - spatial_moe_trainer - INFO - Epoch 5/100 - Train Loss: 616.7370 (Col: 191.9107, Jump: 494.0568, Decline: 55.0068, PDE: 2092.3976, Reg: 8376.0948), Eth Losses: China: 912.0206, India: 646.7352, Philippines: 770.7244... (more ethnicities), Val Loss: 856.4088, Val MAE: 14.5819, Val R2: 0.7045
2025-04-25 02:53:12,389 - spatial_moe_trainer - INFO - Epoch 6/100 - Train Loss: 643.2509 (Col: 216.3440, Jump: 433.5825, Decline: 55.3219, PDE: 2017.8508, Reg: 12815.6521), Eth Losses: China: 1115.3673, India: 672.2692, Philippines: 744.4876... (more ethnicities), Val Loss: 830.6782, Val MAE: 14.4039, Val R2: 0.7134
2025-04-25 02:53:34,783 - spatial_moe_trainer - INFO - Epoch 7/100 - Train Loss: 588.1673 (Col: 182.9574, Jump: 460.1044, Decline: 54.4750, PDE: 1978.8500, Reg: 7967.2598), Eth Losses: China: 920.0311, India: 638.1862, Philippines: 739.7038... (more ethnicities), Val Loss: 809.7082, Val MAE: 14.8750, Val R2: 0.7206
2025-04-25 02:53:57,223 - spatial_moe_trainer - INFO - Epoch 8/100 - Train Loss: 585.9510 (Col: 180.5598, Jump: 400.5957, Decline: 53.4013, PDE: 1933.8706, Reg: 9308.7547), Eth Losses: China: 987.6892, India: 597.2129, Philippines: 715.8878... (more ethnicities), Val Loss: 858.0459, Val MAE: 14.2960, Val R2: 0.7039
2025-04-25 02:54:19,842 - spatial_moe_trainer - INFO - Epoch 9/100 - Train Loss: 543.0131 (Col: 152.8433, Jump: 377.7524, Decline: 53.1507, PDE: 1770.5970, Reg: 15158.0837), Eth Losses: China: 884.1264, India: 542.0414, Philippines: 675.6643... (more ethnicities), Val Loss: 845.1769, Val MAE: 14.0817, Val R2: 0.7084
2025-04-25 02:54:42,362 - spatial_moe_trainer - INFO - Epoch 10/100 - Train Loss: 505.8904 (Col: 144.4300, Jump: 340.7892, Decline: 50.9355, PDE: 1732.5346, Reg: 6265.8538), Eth Losses: China: 777.7410, India: 521.0040, Philippines: 634.7909... (more ethnicities), Val Loss: 734.4778, Val MAE: 14.0100, Val R2: 0.7466
2025-04-25 02:55:04,970 - spatial_moe_trainer - INFO - Epoch 11/100 - Train Loss: 494.9659 (Col: 138.5815, Jump: 354.0625, Decline: 52.9945, PDE: 1634.3686, Reg: 8269.0017), Eth Losses: China: 765.5529, India: 475.3523, Philippines: 629.6262... (more ethnicities), Val Loss: 810.0521, Val MAE: 13.9355, Val R2: 0.7205
2025-04-25 02:55:27,419 - spatial_moe_trainer - INFO - Epoch 12/100 - Train Loss: 509.1308 (Col: 148.4526, Jump: 318.6458, Decline: 54.7487, PDE: 1670.3171, Reg: 10450.7957), Eth Losses: China: 901.9162, India: 485.5095, Philippines: 567.7584... (more ethnicities), Val Loss: 800.8157, Val MAE: 13.8742, Val R2: 0.7237
2025-04-25 02:55:49,819 - spatial_moe_trainer - INFO - Epoch 13/100 - Train Loss: 453.7456 (Col: 138.4435, Jump: 281.6892, Decline: 54.2005, PDE: 1527.4034, Reg: 6998.7919), Eth Losses: China: 684.2242, India: 436.3478, Philippines: 552.9257... (more ethnicities), Val Loss: 811.9501, Val MAE: 13.4894, Val R2: 0.7198
2025-04-25 02:56:12,345 - spatial_moe_trainer - INFO - Epoch 14/100 - Train Loss: 441.0401 (Col: 125.7149, Jump: 310.6449, Decline: 51.7449, PDE: 1472.3090, Reg: 8146.0164), Eth Losses: China: 703.6211, India: 432.7798, Philippines: 527.1893... (more ethnicities), Val Loss: 760.4034, Val MAE: 13.5726, Val R2: 0.7376
2025-04-25 02:56:34,804 - spatial_moe_trainer - INFO - Epoch 15/100 - Train Loss: 435.9648 (Col: 127.4203, Jump: 292.0864, Decline: 56.8764, PDE: 1448.5404, Reg: 6721.7121), Eth Losses: China: 675.0292, India: 432.4971, Philippines: 531.6064... (more ethnicities), Val Loss: 807.0667, Val MAE: 13.6817, Val R2: 0.7215
2025-04-25 02:56:57,279 - spatial_moe_trainer - INFO - Epoch 16/100 - Train Loss: 445.6226 (Col: 112.6384, Jump: 272.1630, Decline: 57.3589, PDE: 1493.8872, Reg: 8099.7027), Eth Losses: China: 722.6098, India: 439.6404, Philippines: 502.1479... (more ethnicities), Val Loss: 744.3699, Val MAE: 13.1881, Val R2: 0.7431
2025-04-25 02:57:19,759 - spatial_moe_trainer - INFO - Epoch 17/100 - Train Loss: 420.2387 (Col: 121.7298, Jump: 279.3836, Decline: 56.2898, PDE: 1411.0665, Reg: 6884.0893), Eth Losses: China: 649.5956, India: 432.2860, Philippines: 491.3678... (more ethnicities), Val Loss: 693.0880, Val MAE: 12.9843, Val R2: 0.7608
2025-04-25 02:57:42,415 - spatial_moe_trainer - INFO - Epoch 18/100 - Train Loss: 442.5397 (Col: 122.9169, Jump: 231.1781, Decline: 54.5075, PDE: 1372.5840, Reg: 8722.5646), Eth Losses: China: 673.4297, India: 495.0109, Philippines: 523.1146... (more ethnicities), Val Loss: 739.0366, Val MAE: 12.9540, Val R2: 0.7450
2025-04-25 02:58:05,117 - spatial_moe_trainer - INFO - Epoch 19/100 - Train Loss: 397.6049 (Col: 93.6150, Jump: 301.4795, Decline: 54.9966, PDE: 1359.3816, Reg: 7216.6055), Eth Losses: China: 613.6636, India: 387.5821, Philippines: 434.4854... (more ethnicities), Val Loss: 689.8432, Val MAE: 12.9228, Val R2: 0.7620
2025-04-25 02:58:27,607 - spatial_moe_trainer - INFO - Epoch 20/100 - Train Loss: 393.6887 (Col: 96.9314, Jump: 249.3911, Decline: 54.8898, PDE: 1294.6427, Reg: 7522.2957), Eth Losses: China: 660.4055, India: 382.6092, Philippines: 423.9305... (more ethnicities), Val Loss: 683.4152, Val MAE: 12.8932, Val R2: 0.7642
2025-04-25 02:58:50,177 - spatial_moe_trainer - INFO - Epoch 21/100 - Train Loss: 359.4220 (Col: 103.9007, Jump: 216.3757, Decline: 56.6379, PDE: 1244.3732, Reg: 4993.7960), Eth Losses: China: 491.7278, India: 365.4401, Philippines: 454.3052... (more ethnicities), Val Loss: 693.7346, Val MAE: 12.8267, Val R2: 0.7606
2025-04-25 02:59:12,676 - spatial_moe_trainer - INFO - Epoch 22/100 - Train Loss: 451.2209 (Col: 124.4316, Jump: 277.1415, Decline: 55.8791, PDE: 1281.6386, Reg: 13411.8610), Eth Losses: China: 907.7693, India: 409.1986, Philippines: 451.9783... (more ethnicities), Val Loss: 656.2464, Val MAE: 12.7440, Val R2: 0.7735
2025-04-25 02:59:35,222 - spatial_moe_trainer - INFO - Epoch 23/100 - Train Loss: 354.8394 (Col: 98.7208, Jump: 237.3788, Decline: 57.6198, PDE: 1227.0471, Reg: 5361.2526), Eth Losses: China: 534.7068, India: 344.7965, Philippines: 411.3406... (more ethnicities), Val Loss: 669.1023, Val MAE: 12.8522, Val R2: 0.7691
2025-04-25 02:59:57,583 - spatial_moe_trainer - INFO - Epoch 24/100 - Train Loss: 367.1741 (Col: 92.0332, Jump: 228.9346, Decline: 54.9879, PDE: 1166.5347, Reg: 9482.5999), Eth Losses: China: 596.5949, India: 364.6008, Philippines: 409.0198... (more ethnicities), Val Loss: 694.5669, Val MAE: 12.7945, Val R2: 0.7603
2025-04-25 03:00:20,310 - spatial_moe_trainer - INFO - Epoch 25/100 - Train Loss: 352.1441 (Col: 93.0512, Jump: 240.3895, Decline: 56.1433, PDE: 1166.5961, Reg: 5999.1657), Eth Losses: China: 528.6036, India: 373.0399, Philippines: 399.0727... (more ethnicities), Val Loss: 664.3184, Val MAE: 12.7611, Val R2: 0.7708
2025-04-25 03:00:42,868 - spatial_moe_trainer - INFO - Epoch 26/100 - Train Loss: 356.7626 (Col: 88.9490, Jump: 220.7024, Decline: 60.9583, PDE: 1149.2660, Reg: 7931.3456), Eth Losses: China: 587.9254, India: 333.2506, Philippines: 391.5144... (more ethnicities), Val Loss: 663.7536, Val MAE: 12.6109, Val R2: 0.7710
2025-04-25 03:01:05,467 - spatial_moe_trainer - INFO - Epoch 27/100 - Train Loss: 337.2455 (Col: 76.9635, Jump: 210.2036, Decline: 54.6550, PDE: 1171.5383, Reg: 5883.3520), Eth Losses: China: 478.3716, India: 353.2950, Philippines: 395.0382... (more ethnicities), Val Loss: 658.8999, Val MAE: 12.6198, Val R2: 0.7726
2025-04-25 03:01:27,825 - spatial_moe_trainer - INFO - Epoch 28/100 - Train Loss: 355.6691 (Col: 85.2762, Jump: 214.0800, Decline: 54.1709, PDE: 1188.6834, Reg: 6425.3714), Eth Losses: China: 519.8714, India: 364.4836, Philippines: 442.1270... (more ethnicities), Val Loss: 692.1764, Val MAE: 12.5827, Val R2: 0.7612
2025-04-25 03:01:50,316 - spatial_moe_trainer - INFO - Epoch 29/100 - Train Loss: 318.4463 (Col: 89.4655, Jump: 209.7326, Decline: 57.7808, PDE: 1094.1830, Reg: 4003.7484), Eth Losses: China: 457.1335, India: 329.2974, Philippines: 363.2109... (more ethnicities), Val Loss: 679.3400, Val MAE: 12.6291, Val R2: 0.7656
2025-04-25 03:02:12,828 - spatial_moe_trainer - INFO - Epoch 30/100 - Train Loss: 336.1892 (Col: 89.0424, Jump: 206.5498, Decline: 57.9115, PDE: 1132.4897, Reg: 6263.0782), Eth Losses: China: 506.5067, India: 335.7025, Philippines: 367.0410... (more ethnicities), Val Loss: 664.3839, Val MAE: 12.5516, Val R2: 0.7707
2025-04-25 03:02:35,359 - spatial_moe_trainer - INFO - Epoch 31/100 - Train Loss: 340.2770 (Col: 88.1232, Jump: 216.3219, Decline: 55.0153, PDE: 1146.2049, Reg: 6531.5819), Eth Losses: China: 555.2479, India: 329.5812, Philippines: 377.0666... (more ethnicities), Val Loss: 661.0588, Val MAE: 12.6083, Val R2: 0.7719
2025-04-25 03:02:57,970 - spatial_moe_trainer - INFO - Epoch 32/100 - Train Loss: 318.6553 (Col: 83.5740, Jump: 208.0170, Decline: 56.2446, PDE: 1090.0276, Reg: 5425.5291), Eth Losses: China: 480.3986, India: 326.8894, Philippines: 352.8677... (more ethnicities), Val Loss: 657.1476, Val MAE: 12.5339, Val R2: 0.7732
2025-04-25 03:02:57,970 - spatial_moe_trainer - INFO - Early stopping at epoch 32
2025-04-25 03:02:57,986 - spatial_moe_trainer - INFO - Saving metrics to ./optuna_results/trial_28/metrics
2025-04-25 03:02:57,989 - spatial_moe_trainer - INFO - Training metrics saved to ./optuna_results/trial_28/metrics/training_metrics.csv
2025-04-25 03:02:57,991 - spatial_moe_trainer - INFO - Validation metrics saved to ./optuna_results/trial_28/metrics/validation_metrics.csv
2025-04-25 03:02:58,029 - spatial_moe_trainer - INFO - Multi-Ethnic Spatial MoE model saved to ./optuna_results/trial_28/model.pt
2025-04-25 03:02:58,063 - __mp_main__ - INFO - Running trial 29 on device cuda:0
2025-04-25 03:02:58,079 - __main__ - INFO - Trial 28 completed with value: 656.246369
2025-04-25 03:02:58,257 - __mp_main__ - INFO - Using adjusted dimensions - hidden_dims: [105, 35, 20], coord_embed_dim: 30
2025-04-25 03:02:58,304 - spatial_moe_trainer - INFO - Multi-Ethnic Spatial MoE model initialized on cuda:0
2025-04-25 03:02:58,304 - spatial_moe_trainer - INFO - Model will predict 5 ethnicities: ['China', 'India', 'Philippines', 'Portugal', 'Sri Lanka']
2025-04-25 03:02:58,324 - __mp_main__ - INFO - Testing model forward pass before training...
2025-04-25 03:02:58,483 - __mp_main__ - INFO - Test forward pass successful. Output shape: torch.Size([64, 5])
2025-04-25 03:02:58,483 - spatial_moe_trainer - INFO - Starting multi-ethnic spatial MoE model training with learnable expert router...
2025-04-25 03:02:58,483 - spatial_moe_trainer - INFO - Using colonization_weight=9.76345144247842, jump_weight=3.1123559915860177, decline_weight=3.5933511809792753, pde_weight=8.952676650608726
2025-04-25 03:03:21,023 - spatial_moe_trainer - INFO - Epoch 1/100 - Train Loss: 1217.6094 (Col: 878.1788, Jump: 753.4479, Decline: 161.7882, PDE: 3707.9522, Reg: 8897.7728), Eth Losses: China: 2086.9871, India: 993.1668, Philippines: 1277.8297... (more ethnicities), Val Loss: 1139.5121, Val MAE: 16.1259, Val R2: 0.6068
2025-04-25 03:03:43,546 - spatial_moe_trainer - INFO - Epoch 2/100 - Train Loss: 878.9824 (Col: 508.8586, Jump: 576.3165, Decline: 143.0036, PDE: 2908.0816, Reg: 12510.4493), Eth Losses: China: 1423.3627, India: 751.8917, Philippines: 935.4077... (more ethnicities), Val Loss: 1196.0118, Val MAE: 16.0207, Val R2: 0.5873
2025-04-25 03:04:06,159 - spatial_moe_trainer - INFO - Epoch 3/100 - Train Loss: 664.3000 (Col: 280.6972, Jump: 452.4886, Decline: 128.3578, PDE: 2542.3102, Reg: 12364.4450), Eth Losses: China: 1163.1502, India: 616.1609, Philippines: 756.6629... (more ethnicities), Val Loss: 997.2067, Val MAE: 14.8203, Val R2: 0.6559
2025-04-25 03:04:28,612 - spatial_moe_trainer - INFO - Epoch 4/100 - Train Loss: 572.8542 (Col: 221.0984, Jump: 374.5732, Decline: 124.3192, PDE: 2370.2938, Reg: 6318.4257), Eth Losses: China: 886.6569, India: 603.6905, Philippines: 695.8222... (more ethnicities), Val Loss: 948.6559, Val MAE: 14.3660, Val R2: 0.6726
2025-04-25 03:04:51,054 - spatial_moe_trainer - INFO - Epoch 5/100 - Train Loss: 557.1417 (Col: 204.5171, Jump: 371.0019, Decline: 124.2357, PDE: 2140.8541, Reg: 13148.1658), Eth Losses: China: 924.4533, India: 583.6097, Philippines: 630.5844... (more ethnicities), Val Loss: 854.5483, Val MAE: 14.2076, Val R2: 0.7051
2025-04-25 03:05:13,493 - spatial_moe_trainer - INFO - Epoch 6/100 - Train Loss: 501.2459 (Col: 165.2681, Jump: 371.3684, Decline: 118.3072, PDE: 2091.3955, Reg: 8653.3904), Eth Losses: China: 808.6041, India: 538.1851, Philippines: 584.0733... (more ethnicities), Val Loss: 788.8468, Val MAE: 13.7437, Val R2: 0.7278
2025-04-25 03:05:36,009 - spatial_moe_trainer - INFO - Epoch 7/100 - Train Loss: 466.2544 (Col: 166.3532, Jump: 319.9356, Decline: 121.4640, PDE: 1913.9614, Reg: 6497.3277), Eth Losses: China: 683.6305, India: 514.9748, Philippines: 559.0413... (more ethnicities), Val Loss: 825.1915, Val MAE: 13.5110, Val R2: 0.7153
2025-04-25 03:05:58,598 - spatial_moe_trainer - INFO - Epoch 8/100 - Train Loss: 441.8797 (Col: 144.9785, Jump: 290.8000, Decline: 118.7101, PDE: 1782.8961, Reg: 7867.5790), Eth Losses: China: 662.2886, India: 452.7267, Philippines: 539.4524... (more ethnicities), Val Loss: 804.5015, Val MAE: 13.5475, Val R2: 0.7224
2025-04-25 03:06:21,332 - spatial_moe_trainer - INFO - Epoch 9/100 - Train Loss: 444.4093 (Col: 169.2032, Jump: 281.7210, Decline: 122.4896, PDE: 1770.6059, Reg: 6664.0609), Eth Losses: China: 665.0429, India: 477.6780, Philippines: 547.0772... (more ethnicities), Val Loss: 760.4862, Val MAE: 13.0452, Val R2: 0.7376
2025-04-25 03:06:43,876 - spatial_moe_trainer - INFO - Epoch 10/100 - Train Loss: 436.9541 (Col: 130.7727, Jump: 268.4809, Decline: 123.4903, PDE: 1963.0774, Reg: 6929.2858), Eth Losses: China: 704.7355, India: 465.1717, Philippines: 500.8732... (more ethnicities), Val Loss: 751.1584, Val MAE: 12.9760, Val R2: 0.7408
2025-04-25 03:07:06,532 - spatial_moe_trainer - INFO - Epoch 11/100 - Train Loss: 380.2140 (Col: 119.9307, Jump: 233.2642, Decline: 119.1469, PDE: 1533.6929, Reg: 7031.5424), Eth Losses: China: 537.1266, India: 398.8787, Philippines: 429.6605... (more ethnicities), Val Loss: 738.3968, Val MAE: 12.9016, Val R2: 0.7452
2025-04-25 03:07:29,077 - spatial_moe_trainer - INFO - Epoch 12/100 - Train Loss: 373.0620 (Col: 125.7072, Jump: 242.8965, Decline: 126.9121, PDE: 1547.2816, Reg: 5424.6307), Eth Losses: China: 528.9665, India: 398.6153, Philippines: 420.9647... (more ethnicities), Val Loss: 723.5944, Val MAE: 12.7701, Val R2: 0.7503
2025-04-25 03:07:51,569 - spatial_moe_trainer - INFO - Epoch 13/100 - Train Loss: 382.0392 (Col: 117.7557, Jump: 215.0868, Decline: 128.0458, PDE: 1549.7889, Reg: 6763.6422), Eth Losses: China: 668.9361, India: 403.1614, Philippines: 391.3893... (more ethnicities), Val Loss: 718.6749, Val MAE: 12.7030, Val R2: 0.7520
2025-04-25 03:08:14,041 - spatial_moe_trainer - INFO - Epoch 14/100 - Train Loss: 360.4022 (Col: 127.6853, Jump: 216.5753, Decline: 113.1081, PDE: 1413.6347, Reg: 5333.6391), Eth Losses: China: 558.6112, India: 362.2112, Philippines: 395.1949... (more ethnicities), Val Loss: 684.5743, Val MAE: 12.6484, Val R2: 0.7638
2025-04-25 03:08:36,535 - spatial_moe_trainer - INFO - Epoch 15/100 - Train Loss: 352.5887 (Col: 121.5121, Jump: 230.2400, Decline: 119.0544, PDE: 1420.9838, Reg: 4985.1930), Eth Losses: China: 527.7324, India: 405.4596, Philippines: 401.4475... (more ethnicities), Val Loss: 706.6920, Val MAE: 12.7611, Val R2: 0.7561
2025-04-25 03:08:58,916 - spatial_moe_trainer - INFO - Epoch 16/100 - Train Loss: 359.5903 (Col: 128.6438, Jump: 221.5491, Decline: 122.2794, PDE: 1360.3668, Reg: 5545.2377), Eth Losses: China: 579.0955, India: 374.7611, Philippines: 378.6254... (more ethnicities), Val Loss: 707.6952, Val MAE: 12.6194, Val R2: 0.7558
2025-04-25 03:09:21,676 - spatial_moe_trainer - INFO - Epoch 17/100 - Train Loss: 359.5005 (Col: 114.9803, Jump: 191.7719, Decline: 128.0313, PDE: 1324.5118, Reg: 8538.2053), Eth Losses: China: 633.3381, India: 347.8099, Philippines: 375.5456... (more ethnicities), Val Loss: 671.1380, Val MAE: 12.5377, Val R2: 0.7684
2025-04-25 03:09:44,085 - spatial_moe_trainer - INFO - Epoch 18/100 - Train Loss: 330.3973 (Col: 96.0201, Jump: 167.5386, Decline: 123.1743, PDE: 1239.1033, Reg: 6425.6136), Eth Losses: China: 497.6888, India: 374.0815, Philippines: 339.6844... (more ethnicities), Val Loss: 700.2609, Val MAE: 12.4640, Val R2: 0.7584
2025-04-25 03:10:06,721 - spatial_moe_trainer - INFO - Epoch 19/100 - Train Loss: 294.4479 (Col: 89.0519, Jump: 170.1326, Decline: 123.1081, PDE: 1164.6443, Reg: 4828.8365), Eth Losses: China: 433.0721, India: 298.6382, Philippines: 331.3376... (more ethnicities), Val Loss: 706.4894, Val MAE: 12.4198, Val R2: 0.7562
2025-04-25 03:10:29,110 - spatial_moe_trainer - INFO - Epoch 20/100 - Train Loss: 300.5266 (Col: 112.2422, Jump: 166.0177, Decline: 118.6126, PDE: 1220.2432, Reg: 3276.5610), Eth Losses: China: 474.6074, India: 301.4604, Philippines: 293.5780... (more ethnicities), Val Loss: 638.1820, Val MAE: 12.0700, Val R2: 0.7798
2025-04-25 03:10:51,704 - spatial_moe_trainer - INFO - Epoch 21/100 - Train Loss: 327.4116 (Col: 120.3260, Jump: 179.8891, Decline: 117.1697, PDE: 1206.2868, Reg: 5546.9800), Eth Losses: China: 587.5203, India: 306.7205, Philippines: 306.7294... (more ethnicities), Val Loss: 719.9597, Val MAE: 12.1762, Val R2: 0.7516
2025-04-25 03:11:14,279 - spatial_moe_trainer - INFO - Epoch 22/100 - Train Loss: 289.3751 (Col: 83.8701, Jump: 162.1751, Decline: 116.3602, PDE: 1126.7322, Reg: 6572.9051), Eth Losses: China: 442.4297, India: 313.6735, Philippines: 324.8607... (more ethnicities), Val Loss: 694.3715, Val MAE: 12.2569, Val R2: 0.7604
2025-04-25 03:11:36,815 - spatial_moe_trainer - INFO - Epoch 23/100 - Train Loss: 288.3249 (Col: 101.1234, Jump: 175.7797, Decline: 115.5161, PDE: 1106.8125, Reg: 5150.7033), Eth Losses: China: 502.1177, India: 284.4018, Philippines: 300.2512... (more ethnicities), Val Loss: 634.1225, Val MAE: 12.1117, Val R2: 0.7812
2025-04-25 03:11:59,430 - spatial_moe_trainer - INFO - Epoch 24/100 - Train Loss: 277.4406 (Col: 90.8363, Jump: 197.4000, Decline: 131.1680, PDE: 1074.4992, Reg: 4498.8917), Eth Losses: China: 422.8506, India: 279.1674, Philippines: 284.7842... (more ethnicities), Val Loss: 619.6055, Val MAE: 12.0651, Val R2: 0.7862
2025-04-25 03:12:21,965 - spatial_moe_trainer - INFO - Epoch 25/100 - Train Loss: 283.9401 (Col: 90.0024, Jump: 139.9716, Decline: 132.1419, PDE: 1058.3080, Reg: 5751.2399), Eth Losses: China: 471.9610, India: 265.4127, Philippines: 287.8187... (more ethnicities), Val Loss: 639.8689, Val MAE: 11.9616, Val R2: 0.7792
2025-04-25 03:12:44,432 - spatial_moe_trainer - INFO - Epoch 26/100 - Train Loss: 259.3110 (Col: 83.6719, Jump: 157.6792, Decline: 122.0729, PDE: 1037.9453, Reg: 3696.2320), Eth Losses: China: 406.6368, India: 238.7321, Philippines: 294.3586... (more ethnicities), Val Loss: 610.3352, Val MAE: 11.9625, Val R2: 0.7894
2025-04-25 03:13:06,945 - spatial_moe_trainer - INFO - Epoch 27/100 - Train Loss: 248.4690 (Col: 83.8251, Jump: 159.6918, Decline: 130.4442, PDE: 934.2491, Reg: 3575.7163), Eth Losses: China: 395.0876, India: 253.7662, Philippines: 256.6753... (more ethnicities), Val Loss: 624.1616, Val MAE: 11.8424, Val R2: 0.7846
2025-04-25 03:13:29,502 - spatial_moe_trainer - INFO - Epoch 28/100 - Train Loss: 256.1807 (Col: 83.3398, Jump: 137.1419, Decline: 119.0260, PDE: 953.2143, Reg: 4349.9546), Eth Losses: China: 410.4981, India: 238.0693, Philippines: 288.5576... (more ethnicities), Val Loss: 678.3938, Val MAE: 12.1402, Val R2: 0.7659
2025-04-25 03:13:52,003 - spatial_moe_trainer - INFO - Epoch 29/100 - Train Loss: 248.0140 (Col: 66.9593, Jump: 139.2866, Decline: 125.3674, PDE: 980.9927, Reg: 4821.6277), Eth Losses: China: 402.5704, India: 251.2303, Philippines: 251.9481... (more ethnicities), Val Loss: 581.5582, Val MAE: 11.6641, Val R2: 0.7993
2025-04-25 03:14:14,489 - spatial_moe_trainer - INFO - Epoch 30/100 - Train Loss: 236.7215 (Col: 71.9038, Jump: 142.1687, Decline: 127.5985, PDE: 910.1651, Reg: 3395.0598), Eth Losses: China: 382.9884, India: 235.9100, Philippines: 237.9626... (more ethnicities), Val Loss: 580.6791, Val MAE: 11.6024, Val R2: 0.7996
2025-04-25 03:14:37,267 - spatial_moe_trainer - INFO - Epoch 31/100 - Train Loss: 256.4228 (Col: 81.4062, Jump: 146.9052, Decline: 125.1932, PDE: 1005.2541, Reg: 3532.5106), Eth Losses: China: 387.3678, India: 264.4020, Philippines: 302.0717... (more ethnicities), Val Loss: 593.4181, Val MAE: 11.6543, Val R2: 0.7952
2025-04-25 03:14:59,686 - spatial_moe_trainer - INFO - Epoch 32/100 - Train Loss: 230.3872 (Col: 68.5405, Jump: 177.1130, Decline: 132.8759, PDE: 890.5371, Reg: 3320.1828), Eth Losses: China: 326.6078, India: 236.6313, Philippines: 248.6877... (more ethnicities), Val Loss: 581.2291, Val MAE: 11.7246, Val R2: 0.7994
2025-04-25 03:15:22,102 - spatial_moe_trainer - INFO - Epoch 33/100 - Train Loss: 237.2688 (Col: 82.2805, Jump: 166.7968, Decline: 126.6564, PDE: 914.9838, Reg: 3225.1056), Eth Losses: China: 363.5022, India: 238.8791, Philippines: 269.8926... (more ethnicities), Val Loss: 594.2904, Val MAE: 11.7626, Val R2: 0.7949
2025-04-25 03:15:44,593 - spatial_moe_trainer - INFO - Epoch 34/100 - Train Loss: 286.8923 (Col: 122.0037, Jump: 135.7704, Decline: 127.7546, PDE: 946.6874, Reg: 5689.4732), Eth Losses: China: 559.7488, India: 247.5930, Philippines: 292.6956... (more ethnicities), Val Loss: 624.8769, Val MAE: 11.9882, Val R2: 0.7844
2025-04-25 03:16:07,078 - spatial_moe_trainer - INFO - Epoch 35/100 - Train Loss: 245.0204 (Col: 78.2105, Jump: 163.8914, Decline: 162.1102, PDE: 873.9476, Reg: 3508.6616), Eth Losses: China: 374.4014, India: 225.3589, Philippines: 312.5459... (more ethnicities), Val Loss: 668.6018, Val MAE: 12.4089, Val R2: 0.7693
2025-04-25 03:16:29,501 - spatial_moe_trainer - INFO - Epoch 36/100 - Train Loss: 302.3449 (Col: 94.2425, Jump: 151.0481, Decline: 328.1367, PDE: 931.5337, Reg: 6197.9178), Eth Losses: China: 429.6295, India: 250.2743, Philippines: 520.6140... (more ethnicities), Val Loss: 711.5185, Val MAE: 12.6342, Val R2: 0.7545
2025-04-25 03:16:51,985 - spatial_moe_trainer - INFO - Epoch 37/100 - Train Loss: 311.7809 (Col: 62.0556, Jump: 135.9546, Decline: 448.8301, PDE: 1048.0419, Reg: 3234.8373), Eth Losses: China: 303.5064, India: 213.4301, Philippines: 744.9625... (more ethnicities), Val Loss: 670.7003, Val MAE: 12.7267, Val R2: 0.7686
2025-04-25 03:17:14,447 - spatial_moe_trainer - INFO - Epoch 38/100 - Train Loss: 337.6393 (Col: 58.7054, Jump: 148.9928, Decline: 495.3793, PDE: 1137.3289, Reg: 4142.9772), Eth Losses: China: 345.1017, India: 238.3830, Philippines: 814.2434... (more ethnicities), Val Loss: 687.2699, Val MAE: 12.6883, Val R2: 0.7628
2025-04-25 03:17:37,019 - spatial_moe_trainer - INFO - Epoch 39/100 - Train Loss: 338.2200 (Col: 58.7356, Jump: 116.2612, Decline: 472.4524, PDE: 1210.1826, Reg: 3788.3684), Eth Losses: China: 333.4381, India: 211.9582, Philippines: 840.1674... (more ethnicities), Val Loss: 688.7276, Val MAE: 12.7171, Val R2: 0.7623
2025-04-25 03:17:59,518 - spatial_moe_trainer - INFO - Epoch 40/100 - Train Loss: 355.6270 (Col: 56.4879, Jump: 130.4567, Decline: 531.4139, PDE: 1224.7074, Reg: 3528.7138), Eth Losses: China: 280.4804, India: 219.8653, Philippines: 994.1368... (more ethnicities), Val Loss: 749.7097, Val MAE: 13.2110, Val R2: 0.7413
2025-04-25 03:17:59,518 - spatial_moe_trainer - INFO - Early stopping at epoch 40
2025-04-25 03:17:59,534 - spatial_moe_trainer - INFO - Saving metrics to ./optuna_results/trial_29/metrics
2025-04-25 03:17:59,537 - spatial_moe_trainer - INFO - Training metrics saved to ./optuna_results/trial_29/metrics/training_metrics.csv
2025-04-25 03:17:59,540 - spatial_moe_trainer - INFO - Validation metrics saved to ./optuna_results/trial_29/metrics/validation_metrics.csv
2025-04-25 03:17:59,578 - spatial_moe_trainer - INFO - Multi-Ethnic Spatial MoE model saved to ./optuna_results/trial_29/model.pt
2025-04-25 03:17:59,613 - __mp_main__ - INFO - Running trial 30 on device cuda:0
2025-04-25 03:17:59,767 - __main__ - INFO - Trial 29 completed with value: 580.679111
2025-04-25 03:17:59,813 - __mp_main__ - INFO - Using adjusted dimensions - hidden_dims: [105, 35, 20], coord_embed_dim: 30
2025-04-25 03:17:59,860 - spatial_moe_trainer - INFO - Multi-Ethnic Spatial MoE model initialized on cuda:0
2025-04-25 03:17:59,860 - spatial_moe_trainer - INFO - Model will predict 5 ethnicities: ['China', 'India', 'Philippines', 'Portugal', 'Sri Lanka']
2025-04-25 03:17:59,880 - __mp_main__ - INFO - Testing model forward pass before training...
2025-04-25 03:18:00,039 - __mp_main__ - INFO - Test forward pass successful. Output shape: torch.Size([64, 5])
2025-04-25 03:18:00,039 - spatial_moe_trainer - INFO - Starting multi-ethnic spatial MoE model training with learnable expert router...
2025-04-25 03:18:00,039 - spatial_moe_trainer - INFO - Using colonization_weight=9.76345144247842, jump_weight=3.1123559915860177, decline_weight=3.5933511809792753, pde_weight=8.952676650608726
2025-04-25 03:18:22,534 - spatial_moe_trainer - INFO - Epoch 1/100 - Train Loss: 1296.2106 (Col: 885.5138, Jump: 876.0102, Decline: 172.6012, PDE: 4024.2648, Reg: 13002.5832), Eth Losses: China: 2416.1286, India: 836.3532, Philippines: 1453.4367... (more ethnicities), Val Loss: 1134.3925, Val MAE: 16.2443, Val R2: 0.6086
2025-04-25 03:18:45,101 - spatial_moe_trainer - INFO - Epoch 2/100 - Train Loss: 846.0423 (Col: 505.4713, Jump: 547.1549, Decline: 143.4537, PDE: 2761.6817, Reg: 10869.3175), Eth Losses: China: 1432.3722, India: 656.6691, Philippines: 972.9245... (more ethnicities), Val Loss: 1121.1230, Val MAE: 14.9913, Val R2: 0.6131
2025-04-25 03:19:07,774 - spatial_moe_trainer - INFO - Epoch 3/100 - Train Loss: 640.6807 (Col: 243.5265, Jump: 443.0200, Decline: 125.0212, PDE: 2578.8673, Reg: 8973.3771), Eth Losses: China: 1040.1629, India: 634.1888, Philippines: 798.2932... (more ethnicities), Val Loss: 990.8630, Val MAE: 14.6255, Val R2: 0.6581
2025-04-25 03:19:30,280 - spatial_moe_trainer - INFO - Epoch 4/100 - Train Loss: 562.5511 (Col: 218.9613, Jump: 382.4027, Decline: 125.9767, PDE: 2270.4273, Reg: 8000.8079), Eth Losses: China: 896.5560, India: 512.0961, Philippines: 709.4418... (more ethnicities), Val Loss: 912.6372, Val MAE: 13.9650, Val R2: 0.6851
2025-04-25 03:19:52,756 - spatial_moe_trainer - INFO - Epoch 5/100 - Train Loss: 634.2013 (Col: 329.6006, Jump: 310.7017, Decline: 119.8720, PDE: 2110.5268, Reg: 10950.8618), Eth Losses: China: 1382.1504, India: 510.6748, Philippines: 633.1166... (more ethnicities), Val Loss: 852.2178, Val MAE: 14.1684, Val R2: 0.7059
2025-04-25 03:20:15,239 - spatial_moe_trainer - INFO - Epoch 6/100 - Train Loss: 507.7862 (Col: 188.6005, Jump: 322.3771, Decline: 123.8000, PDE: 2062.7083, Reg: 6894.9102), Eth Losses: China: 876.1726, India: 478.2759, Philippines: 579.5243... (more ethnicities), Val Loss: 868.0986, Val MAE: 13.6804, Val R2: 0.7004
2025-04-25 03:20:37,802 - spatial_moe_trainer - INFO - Epoch 7/100 - Train Loss: 536.3348 (Col: 253.7167, Jump: 299.2839, Decline: 116.1540, PDE: 1965.3082, Reg: 7101.1140), Eth Losses: China: 999.1079, India: 470.2536, Philippines: 599.8071... (more ethnicities), Val Loss: 824.9836, Val MAE: 13.4444, Val R2: 0.7153
2025-04-25 03:21:00,231 - spatial_moe_trainer - INFO - Epoch 8/100 - Train Loss: 449.8700 (Col: 152.4812, Jump: 301.6868, Decline: 121.5443, PDE: 1804.7454, Reg: 7280.6566), Eth Losses: China: 738.1805, India: 422.4882, Philippines: 528.0417... (more ethnicities), Val Loss: 808.2419, Val MAE: 13.2811, Val R2: 0.7211
2025-04-25 03:21:22,771 - spatial_moe_trainer - INFO - Epoch 9/100 - Train Loss: 464.3882 (Col: 197.4798, Jump: 281.4352, Decline: 125.0491, PDE: 1822.9662, Reg: 5558.1915), Eth Losses: China: 779.4683, India: 462.1313, Philippines: 516.6964... (more ethnicities), Val Loss: 795.3861, Val MAE: 13.2492, Val R2: 0.7255
2025-04-25 03:21:45,255 - spatial_moe_trainer - INFO - Epoch 10/100 - Train Loss: 450.4831 (Col: 153.6702, Jump: 259.7878, Decline: 118.3657, PDE: 1827.7435, Reg: 6421.3791), Eth Losses: China: 684.9880, India: 441.6580, Philippines: 510.8248... (more ethnicities), Val Loss: 777.2786, Val MAE: 13.3573, Val R2: 0.7318
2025-04-25 03:22:07,846 - spatial_moe_trainer - INFO - Epoch 11/100 - Train Loss: 443.1947 (Col: 161.3106, Jump: 246.6930, Decline: 129.3983, PDE: 1669.7405, Reg: 6987.8873), Eth Losses: China: 810.2724, India: 395.0425, Philippines: 482.0965... (more ethnicities), Val Loss: 805.9799, Val MAE: 13.2688, Val R2: 0.7219
2025-04-25 03:22:30,723 - spatial_moe_trainer - INFO - Epoch 12/100 - Train Loss: 401.8965 (Col: 114.9393, Jump: 222.7743, Decline: 141.9810, PDE: 1686.9037, Reg: 4937.3721), Eth Losses: China: 678.7119, India: 382.3792, Philippines: 452.1515... (more ethnicities), Val Loss: 695.0412, Val MAE: 12.8248, Val R2: 0.7602
2025-04-25 03:22:53,448 - spatial_moe_trainer - INFO - Epoch 13/100 - Train Loss: 382.2048 (Col: 110.3332, Jump: 214.0376, Decline: 134.3547, PDE: 1650.4092, Reg: 5270.8076), Eth Losses: China: 599.3935, India: 370.0333, Philippines: 422.3196... (more ethnicities), Val Loss: 750.3114, Val MAE: 12.9244, Val R2: 0.7411
2025-04-25 03:23:16,160 - spatial_moe_trainer - INFO - Epoch 14/100 - Train Loss: 383.4010 (Col: 117.8633, Jump: 223.2637, Decline: 166.3275, PDE: 1510.1439, Reg: 6273.0960), Eth Losses: China: 590.3801, India: 372.3274, Philippines: 418.8338... (more ethnicities), Val Loss: 775.9972, Val MAE: 13.2913, Val R2: 0.7322
2025-04-25 03:23:38,594 - spatial_moe_trainer - INFO - Epoch 15/100 - Train Loss: 383.7273 (Col: 111.2872, Jump: 213.3242, Decline: 164.4302, PDE: 1532.7338, Reg: 6858.6985), Eth Losses: China: 593.2352, India: 379.7170, Philippines: 423.1180... (more ethnicities), Val Loss: 671.0194, Val MAE: 12.5343, Val R2: 0.7685
2025-04-25 03:24:01,047 - spatial_moe_trainer - INFO - Epoch 16/100 - Train Loss: 362.5994 (Col: 119.9655, Jump: 206.1058, Decline: 141.6750, PDE: 1384.8799, Reg: 6233.6516), Eth Losses: China: 527.4359, India: 372.9618, Philippines: 401.1544... (more ethnicities), Val Loss: 702.1776, Val MAE: 12.7527, Val R2: 0.7577
2025-04-25 03:24:23,660 - spatial_moe_trainer - INFO - Epoch 17/100 - Train Loss: 356.0990 (Col: 125.2233, Jump: 195.0536, Decline: 164.7579, PDE: 1297.2545, Reg: 5838.0283), Eth Losses: China: 561.6390, India: 333.4946, Philippines: 418.4263... (more ethnicities), Val Loss: 703.8213, Val MAE: 12.6765, Val R2: 0.7571
2025-04-25 03:24:46,146 - spatial_moe_trainer - INFO - Epoch 18/100 - Train Loss: 346.4808 (Col: 99.4940, Jump: 185.7864, Decline: 184.1507, PDE: 1290.4913, Reg: 6136.1807), Eth Losses: China: 503.5502, India: 333.2113, Philippines: 386.5872... (more ethnicities), Val Loss: 753.7979, Val MAE: 12.9308, Val R2: 0.7399
2025-04-25 03:25:08,662 - spatial_moe_trainer - INFO - Epoch 19/100 - Train Loss: 327.7597 (Col: 94.6301, Jump: 157.8836, Decline: 196.0089, PDE: 1248.8241, Reg: 5526.1349), Eth Losses: China: 496.3280, India: 316.9881, Philippines: 371.7519... (more ethnicities), Val Loss: 654.7285, Val MAE: 12.5104, Val R2: 0.7741
2025-04-25 03:25:31,204 - spatial_moe_trainer - INFO - Epoch 20/100 - Train Loss: 334.3353 (Col: 99.5631, Jump: 188.4726, Decline: 190.0374, PDE: 1271.6663, Reg: 4860.5131), Eth Losses: China: 515.3053, India: 335.4957, Philippines: 354.0498... (more ethnicities), Val Loss: 706.4557, Val MAE: 12.7606, Val R2: 0.7562
2025-04-25 03:25:53,670 - spatial_moe_trainer - INFO - Epoch 21/100 - Train Loss: 366.0022 (Col: 106.5914, Jump: 177.3537, Decline: 258.6043, PDE: 1347.8566, Reg: 4571.4655), Eth Losses: China: 686.2282, India: 308.9558, Philippines: 398.3743... (more ethnicities), Val Loss: 723.2807, Val MAE: 13.0942, Val R2: 0.7504
2025-04-25 03:26:16,105 - spatial_moe_trainer - INFO - Epoch 22/100 - Train Loss: 399.0115 (Col: 86.7343, Jump: 182.2749, Decline: 372.4461, PDE: 1433.6185, Reg: 7057.5830), Eth Losses: China: 842.5105, India: 299.9076, Philippines: 344.1156... (more ethnicities), Val Loss: 866.8128, Val MAE: 13.8225, Val R2: 0.7009
2025-04-25 03:26:38,537 - spatial_moe_trainer - INFO - Epoch 23/100 - Train Loss: 488.3136 (Col: 104.7501, Jump: 176.9584, Decline: 608.2558, PDE: 1602.2555, Reg: 8909.3182), Eth Losses: China: 1179.4559, India: 340.0338, Philippines: 386.9367... (more ethnicities), Val Loss: 877.4822, Val MAE: 14.1114, Val R2: 0.6972
2025-04-25 03:27:00,975 - spatial_moe_trainer - INFO - Epoch 24/100 - Train Loss: 533.1051 (Col: 85.6584, Jump: 174.2147, Decline: 836.0470, PDE: 1714.3623, Reg: 7513.3949), Eth Losses: China: 1187.2074, India: 301.4908, Philippines: 665.3749... (more ethnicities), Val Loss: 892.2275, Val MAE: 14.6957, Val R2: 0.6921
2025-04-25 03:27:23,668 - spatial_moe_trainer - INFO - Epoch 25/100 - Train Loss: 586.6518 (Col: 85.2708, Jump: 151.8696, Decline: 960.7707, PDE: 1851.5676, Reg: 8136.8838), Eth Losses: China: 1299.8971, India: 316.6394, Philippines: 799.6947... (more ethnicities), Val Loss: 957.5962, Val MAE: 15.2851, Val R2: 0.6696
2025-04-25 03:27:46,321 - spatial_moe_trainer - INFO - Epoch 26/100 - Train Loss: 615.9664 (Col: 76.1144, Jump: 160.8762, Decline: 1086.1648, PDE: 1974.3450, Reg: 6501.8128), Eth Losses: China: 1339.0580, India: 277.1358, Philippines: 917.3591... (more ethnicities), Val Loss: 994.8412, Val MAE: 15.6133, Val R2: 0.6567
2025-04-25 03:28:08,948 - spatial_moe_trainer - INFO - Epoch 27/100 - Train Loss: 637.2770 (Col: 77.0971, Jump: 160.6708, Decline: 1105.0133, PDE: 2049.1050, Reg: 10609.3677), Eth Losses: China: 1384.3597, India: 277.9749, Philippines: 940.2876... (more ethnicities), Val Loss: 1014.2679, Val MAE: 15.7039, Val R2: 0.6500
2025-04-25 03:28:31,581 - spatial_moe_trainer - INFO - Epoch 28/100 - Train Loss: 649.7433 (Col: 76.4071, Jump: 165.9708, Decline: 1153.4890, PDE: 2115.1432, Reg: 8760.7092), Eth Losses: China: 1398.8027, India: 255.3728, Philippines: 936.6262... (more ethnicities), Val Loss: 1078.7756, Val MAE: 15.9344, Val R2: 0.6277
2025-04-25 03:28:54,092 - spatial_moe_trainer - INFO - Epoch 29/100 - Train Loss: 686.7721 (Col: 76.8793, Jump: 159.1117, Decline: 1212.7377, PDE: 2217.3018, Reg: 12287.8302), Eth Losses: China: 1468.3606, India: 264.6643, Philippines: 997.8349... (more ethnicities), Val Loss: 1084.2343, Val MAE: 16.1397, Val R2: 0.6259
2025-04-25 03:28:54,092 - spatial_moe_trainer - INFO - Early stopping at epoch 29
2025-04-25 03:28:54,108 - spatial_moe_trainer - INFO - Saving metrics to ./optuna_results/trial_30/metrics
2025-04-25 03:28:54,110 - spatial_moe_trainer - INFO - Training metrics saved to ./optuna_results/trial_30/metrics/training_metrics.csv
2025-04-25 03:28:54,113 - spatial_moe_trainer - INFO - Validation metrics saved to ./optuna_results/trial_30/metrics/validation_metrics.csv
2025-04-25 03:28:54,151 - spatial_moe_trainer - INFO - Multi-Ethnic Spatial MoE model saved to ./optuna_results/trial_30/model.pt
2025-04-25 03:28:54,184 - __mp_main__ - INFO - Running trial 31 on device cuda:0
2025-04-25 03:28:54,196 - __main__ - INFO - Trial 30 completed with value: 654.728499
2025-04-25 03:28:54,381 - __mp_main__ - INFO - Using adjusted dimensions - hidden_dims: [44, 20, 28], coord_embed_dim: 16
2025-04-25 03:28:54,427 - spatial_moe_trainer - INFO - Multi-Ethnic Spatial MoE model initialized on cuda:0
2025-04-25 03:28:54,427 - spatial_moe_trainer - INFO - Model will predict 5 ethnicities: ['China', 'India', 'Philippines', 'Portugal', 'Sri Lanka']
2025-04-25 03:28:54,448 - __mp_main__ - INFO - Testing model forward pass before training...
2025-04-25 03:28:54,605 - __mp_main__ - INFO - Test forward pass successful. Output shape: torch.Size([64, 5])
2025-04-25 03:28:54,605 - spatial_moe_trainer - INFO - Starting multi-ethnic spatial MoE model training with learnable expert router...
2025-04-25 03:28:54,605 - spatial_moe_trainer - INFO - Using colonization_weight=7.314507993898385, jump_weight=5.627974389736456, decline_weight=4.817184709750501, pde_weight=9.970961187974432
2025-04-25 03:29:17,044 - spatial_moe_trainer - INFO - Epoch 1/100 - Train Loss: 1351.1147 (Col: 878.7490, Jump: 758.8843, Decline: 129.0748, PDE: 4147.6982, Reg: 19051.0651), Eth Losses: China: 2388.8383, India: 1123.8955, Philippines: 1373.4475... (more ethnicities), Val Loss: 1234.7021, Val MAE: 16.9725, Val R2: 0.5739
2025-04-25 03:29:39,469 - spatial_moe_trainer - INFO - Epoch 2/100 - Train Loss: 1036.0422 (Col: 599.8658, Jump: 672.2629, Decline: 116.4577, PDE: 3432.5958, Reg: 17492.9281), Eth Losses: China: 1707.1269, India: 922.6894, Philippines: 1098.8264... (more ethnicities), Val Loss: 1028.3543, Val MAE: 15.9500, Val R2: 0.6451
2025-04-25 03:30:01,853 - spatial_moe_trainer - INFO - Epoch 3/100 - Train Loss: 809.7680 (Col: 340.9433, Jump: 579.6028, Decline: 108.4531, PDE: 3081.8280, Reg: 12668.7786), Eth Losses: China: 1325.1965, India: 788.9187, Philippines: 966.4389... (more ethnicities), Val Loss: 1011.3126, Val MAE: 15.1364, Val R2: 0.6510
2025-04-25 03:30:24,270 - spatial_moe_trainer - INFO - Epoch 4/100 - Train Loss: 701.9046 (Col: 226.4934, Jump: 383.5606, Decline: 104.3703, PDE: 2912.9327, Reg: 18357.8155), Eth Losses: China: 1130.0156, India: 723.0433, Philippines: 848.0797... (more ethnicities), Val Loss: 985.4877, Val MAE: 14.7427, Val R2: 0.6599
2025-04-25 03:30:46,741 - spatial_moe_trainer - INFO - Epoch 5/100 - Train Loss: 629.4169 (Col: 228.5094, Jump: 354.7073, Decline: 98.0195, PDE: 2607.1649, Reg: 9360.9656), Eth Losses: China: 997.0332, India: 611.9664, Philippines: 746.7287... (more ethnicities), Val Loss: 918.4326, Val MAE: 14.5239, Val R2: 0.6831
2025-04-25 03:31:09,095 - spatial_moe_trainer - INFO - Epoch 6/100 - Train Loss: 583.1992 (Col: 201.4675, Jump: 305.2170, Decline: 98.8486, PDE: 2378.3056, Reg: 12443.2379), Eth Losses: China: 899.3025, India: 575.3492, Philippines: 715.4763... (more ethnicities), Val Loss: 871.0122, Val MAE: 14.3509, Val R2: 0.6994
2025-04-25 03:31:31,446 - spatial_moe_trainer - INFO - Epoch 7/100 - Train Loss: 550.6089 (Col: 171.6495, Jump: 216.1052, Decline: 104.2707, PDE: 2245.9600, Reg: 10696.9182), Eth Losses: China: 904.0922, India: 515.7330, Philippines: 660.5073... (more ethnicities), Val Loss: 923.4739, Val MAE: 14.0372, Val R2: 0.6813
2025-04-25 03:31:53,942 - spatial_moe_trainer - INFO - Epoch 8/100 - Train Loss: 535.2355 (Col: 179.8416, Jump: 255.4351, Decline: 100.6441, PDE: 2132.8269, Reg: 13092.0114), Eth Losses: China: 870.7292, India: 525.7719, Philippines: 612.2446... (more ethnicities), Val Loss: 814.5251, Val MAE: 14.3239, Val R2: 0.7189
2025-04-25 03:32:16,519 - spatial_moe_trainer - INFO - Epoch 9/100 - Train Loss: 511.3587 (Col: 183.9989, Jump: 223.0803, Decline: 101.3403, PDE: 1964.0372, Reg: 12357.5775), Eth Losses: China: 871.4847, India: 467.7122, Philippines: 600.5801... (more ethnicities), Val Loss: 737.2778, Val MAE: 13.4578, Val R2: 0.7456
2025-04-25 03:32:38,994 - spatial_moe_trainer - INFO - Epoch 10/100 - Train Loss: 466.1733 (Col: 156.8315, Jump: 217.5067, Decline: 102.9650, PDE: 1848.3221, Reg: 12365.1818), Eth Losses: China: 773.9671, India: 444.6743, Philippines: 524.6192... (more ethnicities), Val Loss: 721.3815, Val MAE: 13.3137, Val R2: 0.7511
2025-04-25 03:33:01,437 - spatial_moe_trainer - INFO - Epoch 11/100 - Train Loss: 428.2735 (Col: 142.5388, Jump: 193.4230, Decline: 107.5287, PDE: 1681.6954, Reg: 11181.5848), Eth Losses: China: 589.7175, India: 397.4983, Philippines: 531.2477... (more ethnicities), Val Loss: 758.2817, Val MAE: 13.3788, Val R2: 0.7383
2025-04-25 03:33:23,915 - spatial_moe_trainer - INFO - Epoch 12/100 - Train Loss: 412.8669 (Col: 122.5426, Jump: 169.7828, Decline: 107.3258, PDE: 1605.1622, Reg: 15590.4080), Eth Losses: China: 606.0853, India: 402.2740, Philippines: 474.2224... (more ethnicities), Val Loss: 723.2171, Val MAE: 13.2283, Val R2: 0.7504
2025-04-25 03:33:46,333 - spatial_moe_trainer - INFO - Epoch 13/100 - Train Loss: 370.3313 (Col: 114.2434, Jump: 158.6613, Decline: 110.8505, PDE: 1455.1482, Reg: 9727.7203), Eth Losses: China: 475.0168, India: 369.6895, Philippines: 471.6027... (more ethnicities), Val Loss: 701.6713, Val MAE: 13.0174, Val R2: 0.7579
2025-04-25 03:34:08,868 - spatial_moe_trainer - INFO - Epoch 14/100 - Train Loss: 406.5100 (Col: 111.0843, Jump: 150.4909, Decline: 115.2401, PDE: 1544.3817, Reg: 18710.9274), Eth Losses: China: 607.8620, India: 390.6612, Philippines: 518.5006... (more ethnicities), Val Loss: 698.8367, Val MAE: 13.1166, Val R2: 0.7589
2025-04-25 03:34:31,304 - spatial_moe_trainer - INFO - Epoch 15/100 - Train Loss: 350.9799 (Col: 105.5027, Jump: 154.6168, Decline: 106.1856, PDE: 1358.8897, Reg: 8064.9525), Eth Losses: China: 434.3681, India: 326.6332, Philippines: 439.8771... (more ethnicities), Val Loss: 710.4411, Val MAE: 12.9292, Val R2: 0.7548
2025-04-25 03:34:53,908 - spatial_moe_trainer - INFO - Epoch 16/100 - Train Loss: 369.8156 (Col: 117.6832, Jump: 126.9991, Decline: 107.0760, PDE: 1380.2982, Reg: 13160.7014), Eth Losses: China: 541.9991, India: 353.3724, Philippines: 433.0169... (more ethnicities), Val Loss: 762.5900, Val MAE: 13.2608, Val R2: 0.7369
2025-04-25 03:35:16,402 - spatial_moe_trainer - INFO - Epoch 17/100 - Train Loss: 352.4372 (Col: 122.2661, Jump: 139.9509, Decline: 106.2899, PDE: 1311.1396, Reg: 10433.8016), Eth Losses: China: 468.1624, India: 349.9607, Philippines: 443.8682... (more ethnicities), Val Loss: 675.1341, Val MAE: 12.7389, Val R2: 0.7670
2025-04-25 03:35:38,907 - spatial_moe_trainer - INFO - Epoch 18/100 - Train Loss: 332.4424 (Col: 112.5418, Jump: 113.4561, Decline: 102.3678, PDE: 1236.9551, Reg: 8121.0579), Eth Losses: China: 440.2879, India: 320.5674, Philippines: 387.4814... (more ethnicities), Val Loss: 653.4004, Val MAE: 12.4821, Val R2: 0.7745
2025-04-25 03:36:01,312 - spatial_moe_trainer - INFO - Epoch 19/100 - Train Loss: 334.2446 (Col: 112.5398, Jump: 125.2309, Decline: 105.4647, PDE: 1271.4207, Reg: 7603.7871), Eth Losses: China: 497.5192, India: 298.4501, Philippines: 409.7696... (more ethnicities), Val Loss: 663.4953, Val MAE: 12.3755, Val R2: 0.7710
2025-04-25 03:36:23,738 - spatial_moe_trainer - INFO - Epoch 20/100 - Train Loss: 324.5946 (Col: 114.1396, Jump: 132.6736, Decline: 101.4849, PDE: 1126.7263, Reg: 13740.2159), Eth Losses: China: 388.9635, India: 390.5574, Philippines: 384.9508... (more ethnicities), Val Loss: 705.1967, Val MAE: 12.7072, Val R2: 0.7567
2025-04-25 03:36:46,072 - spatial_moe_trainer - INFO - Epoch 21/100 - Train Loss: 319.1597 (Col: 106.8366, Jump: 142.9953, Decline: 115.4142, PDE: 1144.0000, Reg: 9214.3569), Eth Losses: China: 478.7403, India: 297.0901, Philippines: 349.8887... (more ethnicities), Val Loss: 649.1230, Val MAE: 12.3095, Val R2: 0.7760
2025-04-25 03:37:08,531 - spatial_moe_trainer - INFO - Epoch 22/100 - Train Loss: 311.7993 (Col: 98.8649, Jump: 136.4051, Decline: 107.4541, PDE: 1154.3422, Reg: 7985.4617), Eth Losses: China: 451.2959, India: 285.0607, Philippines: 377.3922... (more ethnicities), Val Loss: 644.0937, Val MAE: 12.4842, Val R2: 0.7777
2025-04-25 03:37:31,153 - spatial_moe_trainer - INFO - Epoch 23/100 - Train Loss: 315.0240 (Col: 106.0222, Jump: 112.9400, Decline: 105.2739, PDE: 1111.7181, Reg: 11741.9958), Eth Losses: China: 477.6069, India: 310.4524, Philippines: 328.6622... (more ethnicities), Val Loss: 667.1285, Val MAE: 12.3426, Val R2: 0.7698
2025-04-25 03:37:53,668 - spatial_moe_trainer - INFO - Epoch 24/100 - Train Loss: 303.1686 (Col: 109.0694, Jump: 128.9180, Decline: 107.7315, PDE: 1054.1130, Reg: 9529.8182), Eth Losses: China: 407.8754, India: 308.7292, Philippines: 333.7563... (more ethnicities), Val Loss: 676.9217, Val MAE: 12.4651, Val R2: 0.7664
2025-04-25 03:38:16,139 - spatial_moe_trainer - INFO - Epoch 25/100 - Train Loss: 275.6533 (Col: 90.7350, Jump: 129.7520, Decline: 109.5291, PDE: 1020.1602, Reg: 6430.0862), Eth Losses: China: 401.2084, India: 244.3792, Philippines: 316.7115... (more ethnicities), Val Loss: 664.2986, Val MAE: 12.5553, Val R2: 0.7708
2025-04-25 03:38:38,502 - spatial_moe_trainer - INFO - Epoch 26/100 - Train Loss: 298.6754 (Col: 108.4974, Jump: 140.3498, Decline: 107.9332, PDE: 997.2405, Reg: 13817.8370), Eth Losses: China: 478.9334, India: 290.9709, Philippines: 328.8766... (more ethnicities), Val Loss: 685.2199, Val MAE: 12.3589, Val R2: 0.7636
2025-04-25 03:39:00,832 - spatial_moe_trainer - INFO - Epoch 27/100 - Train Loss: 284.8567 (Col: 105.3508, Jump: 133.9986, Decline: 106.7529, PDE: 1022.7195, Reg: 6650.9296), Eth Losses: China: 470.1737, India: 275.6963, Philippines: 306.7852... (more ethnicities), Val Loss: 671.4505, Val MAE: 12.2236, Val R2: 0.7683
2025-04-25 03:39:23,491 - spatial_moe_trainer - INFO - Epoch 28/100 - Train Loss: 287.5040 (Col: 100.9099, Jump: 137.0960, Decline: 105.7172, PDE: 1049.5009, Reg: 8622.9478), Eth Losses: China: 406.7982, India: 289.9551, Philippines: 334.2271... (more ethnicities), Val Loss: 727.1176, Val MAE: 12.4962, Val R2: 0.7491
2025-04-25 03:39:45,885 - spatial_moe_trainer - INFO - Epoch 29/100 - Train Loss: 263.6414 (Col: 85.7366, Jump: 117.8936, Decline: 105.0562, PDE: 1004.6852, Reg: 6875.1232), Eth Losses: China: 380.6847, India: 271.0144, Philippines: 294.2263... (more ethnicities), Val Loss: 660.3344, Val MAE: 12.2155, Val R2: 0.7721
2025-04-25 03:40:08,280 - spatial_moe_trainer - INFO - Epoch 30/100 - Train Loss: 291.2403 (Col: 82.8509, Jump: 131.6523, Decline: 106.7009, PDE: 985.5652, Reg: 8421.5534), Eth Losses: China: 392.4248, India: 394.3713, Philippines: 311.1613... (more ethnicities), Val Loss: 620.9271, Val MAE: 12.0677, Val R2: 0.7857
2025-04-25 03:40:30,664 - spatial_moe_trainer - INFO - Epoch 31/100 - Train Loss: 256.5539 (Col: 77.3889, Jump: 109.3285, Decline: 107.9243, PDE: 918.2245, Reg: 8145.3687), Eth Losses: China: 384.3925, India: 250.5163, Philippines: 284.7356... (more ethnicities), Val Loss: 649.1903, Val MAE: 12.0420, Val R2: 0.7760
2025-04-25 03:40:52,916 - spatial_moe_trainer - INFO - Epoch 32/100 - Train Loss: 246.2988 (Col: 74.2928, Jump: 133.4490, Decline: 101.6508, PDE: 911.4854, Reg: 6822.7256), Eth Losses: China: 355.1238, India: 227.8350, Philippines: 284.8458... (more ethnicities), Val Loss: 652.9395, Val MAE: 12.0368, Val R2: 0.7747
2025-04-25 03:41:15,353 - spatial_moe_trainer - INFO - Epoch 33/100 - Train Loss: 234.8428 (Col: 68.4207, Jump: 131.5996, Decline: 110.9666, PDE: 882.8061, Reg: 6005.3359), Eth Losses: China: 338.7272, India: 234.4947, Philippines: 277.1731... (more ethnicities), Val Loss: 644.7196, Val MAE: 11.8707, Val R2: 0.7775
2025-04-25 03:41:37,796 - spatial_moe_trainer - INFO - Epoch 34/100 - Train Loss: 233.5071 (Col: 72.8594, Jump: 126.7654, Decline: 101.6568, PDE: 848.7235, Reg: 8159.0249), Eth Losses: China: 331.1165, India: 216.4482, Philippines: 286.9574... (more ethnicities), Val Loss: 628.5881, Val MAE: 11.9669, Val R2: 0.7831
2025-04-25 03:42:00,390 - spatial_moe_trainer - INFO - Epoch 35/100 - Train Loss: 226.9048 (Col: 73.4811, Jump: 108.0324, Decline: 110.2336, PDE: 838.0890, Reg: 5339.7813), Eth Losses: China: 319.1690, India: 204.2574, Philippines: 289.2814... (more ethnicities), Val Loss: 658.4453, Val MAE: 11.9670, Val R2: 0.7728
2025-04-25 03:42:22,984 - spatial_moe_trainer - INFO - Epoch 36/100 - Train Loss: 235.4482 (Col: 77.4381, Jump: 114.8997, Decline: 102.7607, PDE: 845.2288, Reg: 6853.9053), Eth Losses: China: 323.4540, India: 216.6069, Philippines: 277.1672... (more ethnicities), Val Loss: 642.0943, Val MAE: 11.9100, Val R2: 0.7784
2025-04-25 03:42:45,453 - spatial_moe_trainer - INFO - Epoch 37/100 - Train Loss: 219.4718 (Col: 72.3365, Jump: 89.4834, Decline: 103.2503, PDE: 808.0246, Reg: 5029.4147), Eth Losses: China: 318.8529, India: 201.6103, Philippines: 273.4229... (more ethnicities), Val Loss: 632.2977, Val MAE: 11.9093, Val R2: 0.7818
2025-04-25 03:43:08,027 - spatial_moe_trainer - INFO - Epoch 38/100 - Train Loss: 214.2958 (Col: 65.3236, Jump: 112.6469, Decline: 105.2654, PDE: 782.6223, Reg: 5541.4241), Eth Losses: China: 286.6277, India: 200.2689, Philippines: 270.2462... (more ethnicities), Val Loss: 627.1581, Val MAE: 11.8940, Val R2: 0.7836
2025-04-25 03:43:30,501 - spatial_moe_trainer - INFO - Epoch 39/100 - Train Loss: 215.3964 (Col: 64.5915, Jump: 115.7656, Decline: 101.4249, PDE: 795.9225, Reg: 6475.2625), Eth Losses: China: 294.9834, India: 208.6209, Philippines: 258.3388... (more ethnicities), Val Loss: 647.8668, Val MAE: 11.9934, Val R2: 0.7764
2025-04-25 03:43:53,185 - spatial_moe_trainer - INFO - Epoch 40/100 - Train Loss: 226.2257 (Col: 71.0520, Jump: 108.3005, Decline: 102.4377, PDE: 832.8615, Reg: 6189.8487), Eth Losses: China: 326.5945, India: 209.1994, Philippines: 278.8505... (more ethnicities), Val Loss: 631.2757, Val MAE: 11.9641, Val R2: 0.7822
2025-04-25 03:43:53,186 - spatial_moe_trainer - INFO - Early stopping at epoch 40
2025-04-25 03:43:53,201 - spatial_moe_trainer - INFO - Saving metrics to ./optuna_results/trial_31/metrics
2025-04-25 03:43:53,204 - spatial_moe_trainer - INFO - Training metrics saved to ./optuna_results/trial_31/metrics/training_metrics.csv
2025-04-25 03:43:53,207 - spatial_moe_trainer - INFO - Validation metrics saved to ./optuna_results/trial_31/metrics/validation_metrics.csv
2025-04-25 03:43:53,245 - spatial_moe_trainer - INFO - Multi-Ethnic Spatial MoE model saved to ./optuna_results/trial_31/model.pt
2025-04-25 03:43:53,278 - __mp_main__ - INFO - Running trial 32 on device cuda:0
2025-04-25 03:43:53,294 - __main__ - INFO - Trial 31 completed with value: 620.927109
2025-04-25 03:43:53,480 - __mp_main__ - INFO - Using adjusted dimensions - hidden_dims: [52, 32, 28], coord_embed_dim: 16
2025-04-25 03:43:53,525 - spatial_moe_trainer - INFO - Multi-Ethnic Spatial MoE model initialized on cuda:0
2025-04-25 03:43:53,525 - spatial_moe_trainer - INFO - Model will predict 5 ethnicities: ['China', 'India', 'Philippines', 'Portugal', 'Sri Lanka']
2025-04-25 03:43:53,545 - __mp_main__ - INFO - Testing model forward pass before training...
2025-04-25 03:43:53,704 - __mp_main__ - INFO - Test forward pass successful. Output shape: torch.Size([64, 5])
2025-04-25 03:43:53,704 - spatial_moe_trainer - INFO - Starting multi-ethnic spatial MoE model training with learnable expert router...
2025-04-25 03:43:53,704 - spatial_moe_trainer - INFO - Using colonization_weight=9.162143183163682, jump_weight=6.775514393971983, decline_weight=5.743792457737291, pde_weight=9.487241913573797
2025-04-25 03:44:16,152 - spatial_moe_trainer - INFO - Epoch 1/100 - Train Loss: 1169.2264 (Col: 796.0152, Jump: 717.1465, Decline: 86.6083, PDE: 3137.9139, Reg: 9637.6373), Eth Losses: China: 2034.3272, India: 871.3387, Philippines: 1329.1817... (more ethnicities), Val Loss: 1099.7103, Val MAE: 16.1353, Val R2: 0.6205
2025-04-25 03:44:38,679 - spatial_moe_trainer - INFO - Epoch 2/100 - Train Loss: 769.5081 (Col: 420.2320, Jump: 645.6711, Decline: 78.6916, PDE: 2428.9711, Reg: 6988.3603), Eth Losses: China: 1048.8955, India: 651.7351, Philippines: 1080.6767... (more ethnicities), Val Loss: 1159.9887, Val MAE: 15.9651, Val R2: 0.5997
2025-04-25 03:45:01,149 - spatial_moe_trainer - INFO - Epoch 3/100 - Train Loss: 636.3047 (Col: 275.7286, Jump: 510.6211, Decline: 75.1409, PDE: 2188.8180, Reg: 6759.6034), Eth Losses: China: 948.3017, India: 580.3230, Philippines: 879.2787... (more ethnicities), Val Loss: 931.7202, Val MAE: 14.9303, Val R2: 0.6785
2025-04-25 03:45:23,790 - spatial_moe_trainer - INFO - Epoch 4/100 - Train Loss: 622.0605 (Col: 212.5752, Jump: 395.5272, Decline: 76.0036, PDE: 2324.5885, Reg: 9478.7520), Eth Losses: China: 1063.0618, India: 567.3029, Philippines: 794.7337... (more ethnicities), Val Loss: 990.9018, Val MAE: 14.3834, Val R2: 0.6581
2025-04-25 03:45:46,278 - spatial_moe_trainer - INFO - Epoch 5/100 - Train Loss: 509.8019 (Col: 171.9882, Jump: 462.1811, Decline: 70.2040, PDE: 1847.2916, Reg: 6918.6068), Eth Losses: China: 738.4027, India: 504.1939, Philippines: 706.9865... (more ethnicities), Val Loss: 932.8884, Val MAE: 14.5078, Val R2: 0.6781
2025-04-25 03:46:08,847 - spatial_moe_trainer - INFO - Epoch 6/100 - Train Loss: 500.7895 (Col: 165.2135, Jump: 350.4690, Decline: 65.7784, PDE: 1780.4921, Reg: 12131.0715), Eth Losses: China: 699.1854, India: 514.6069, Philippines: 669.7807... (more ethnicities), Val Loss: 814.5909, Val MAE: 13.7181, Val R2: 0.7189
2025-04-25 03:46:31,334 - spatial_moe_trainer - INFO - Epoch 7/100 - Train Loss: 486.3141 (Col: 164.1112, Jump: 320.2825, Decline: 67.0533, PDE: 1613.4791, Reg: 9526.9536), Eth Losses: China: 841.9600, India: 453.3215, Philippines: 592.4996... (more ethnicities), Val Loss: 845.5522, Val MAE: 13.5293, Val R2: 0.7082
2025-04-25 03:46:53,825 - spatial_moe_trainer - INFO - Epoch 8/100 - Train Loss: 477.8738 (Col: 167.3195, Jump: 280.6147, Decline: 64.9815, PDE: 1582.9914, Reg: 7318.5593), Eth Losses: China: 749.6602, India: 473.3450, Philippines: 587.6177... (more ethnicities), Val Loss: 842.6742, Val MAE: 13.7375, Val R2: 0.7092
2025-04-25 03:47:16,344 - spatial_moe_trainer - INFO - Epoch 9/100 - Train Loss: 422.0334 (Col: 138.4532, Jump: 243.2249, Decline: 67.6367, PDE: 1443.1281, Reg: 8155.2881), Eth Losses: China: 681.2599, India: 427.2780, Philippines: 504.1720... (more ethnicities), Val Loss: 748.8309, Val MAE: 13.3151, Val R2: 0.7416
2025-04-25 03:47:38,882 - spatial_moe_trainer - INFO - Epoch 10/100 - Train Loss: 398.2718 (Col: 143.6389, Jump: 244.8988, Decline: 71.6818, PDE: 1358.2552, Reg: 6307.9364), Eth Losses: China: 674.5691, India: 365.4672, Philippines: 484.7726... (more ethnicities), Val Loss: 766.1933, Val MAE: 13.8115, Val R2: 0.7356
2025-04-25 03:48:01,512 - spatial_moe_trainer - INFO - Epoch 11/100 - Train Loss: 362.6076 (Col: 127.5270, Jump: 207.1717, Decline: 76.3543, PDE: 1226.5858, Reg: 6325.7202), Eth Losses: China: 557.7429, India: 368.3986, Philippines: 428.0768... (more ethnicities), Val Loss: 798.5892, Val MAE: 13.2496, Val R2: 0.7244
2025-04-25 03:48:23,919 - spatial_moe_trainer - INFO - Epoch 12/100 - Train Loss: 375.5935 (Col: 122.5178, Jump: 218.6641, Decline: 75.2655, PDE: 1338.2430, Reg: 6260.5927), Eth Losses: China: 586.2658, India: 363.4749, Philippines: 518.4729... (more ethnicities), Val Loss: 802.9360, Val MAE: 13.3663, Val R2: 0.7229
2025-04-25 03:48:46,361 - spatial_moe_trainer - INFO - Epoch 13/100 - Train Loss: 327.6888 (Col: 109.5620, Jump: 191.0517, Decline: 71.8026, PDE: 1145.7409, Reg: 4894.8039), Eth Losses: China: 486.2254, India: 347.5838, Philippines: 382.5720... (more ethnicities), Val Loss: 771.6646, Val MAE: 13.1109, Val R2: 0.7337
2025-04-25 03:49:08,773 - spatial_moe_trainer - INFO - Epoch 14/100 - Train Loss: 323.4691 (Col: 98.7963, Jump: 200.6192, Decline: 72.7939, PDE: 1121.5986, Reg: 6158.3707), Eth Losses: China: 550.4278, India: 323.8271, Philippines: 365.8003... (more ethnicities), Val Loss: 758.7830, Val MAE: 12.9637, Val R2: 0.7382
2025-04-25 03:49:31,126 - spatial_moe_trainer - INFO - Epoch 15/100 - Train Loss: 311.5278 (Col: 108.2767, Jump: 179.0970, Decline: 74.1627, PDE: 996.6294, Reg: 6156.5409), Eth Losses: China: 459.7256, India: 356.7513, Philippines: 354.3772... (more ethnicities), Val Loss: 775.4960, Val MAE: 13.1383, Val R2: 0.7324
2025-04-25 03:49:53,587 - spatial_moe_trainer - INFO - Epoch 16/100 - Train Loss: 303.1823 (Col: 96.2047, Jump: 173.3759, Decline: 73.1219, PDE: 1002.5958, Reg: 7008.1777), Eth Losses: China: 483.9034, India: 354.3712, Philippines: 348.7687... (more ethnicities), Val Loss: 728.6663, Val MAE: 12.8690, Val R2: 0.7486
2025-04-25 03:50:16,005 - spatial_moe_trainer - INFO - Trial pruned at epoch 17
2025-04-25 03:50:16,014 - spatial_moe_trainer - INFO - Saving metrics to ./optuna_results/trial_32/metrics
2025-04-25 03:50:16,016 - spatial_moe_trainer - INFO - Training metrics saved to ./optuna_results/trial_32/metrics/training_metrics.csv
2025-04-25 03:50:16,018 - spatial_moe_trainer - INFO - Validation metrics saved to ./optuna_results/trial_32/metrics/validation_metrics.csv
2025-04-25 03:50:16,055 - spatial_moe_trainer - INFO - Multi-Ethnic Spatial MoE model saved to ./optuna_results/trial_32/model.pt
2025-04-25 03:50:16,088 - __mp_main__ - INFO - Running trial 33 on device cuda:0
2025-04-25 03:50:16,102 - __main__ - INFO - Trial 32 completed with value: 705.079920
2025-04-25 03:50:16,286 - __mp_main__ - INFO - Using adjusted dimensions - hidden_dims: [40, 20, 20], coord_embed_dim: 8
2025-04-25 03:50:16,331 - spatial_moe_trainer - INFO - Multi-Ethnic Spatial MoE model initialized on cuda:0
2025-04-25 03:50:16,331 - spatial_moe_trainer - INFO - Model will predict 5 ethnicities: ['China', 'India', 'Philippines', 'Portugal', 'Sri Lanka']
2025-04-25 03:50:16,351 - __mp_main__ - INFO - Testing model forward pass before training...
2025-04-25 03:50:16,510 - __mp_main__ - INFO - Test forward pass successful. Output shape: torch.Size([64, 5])
2025-04-25 03:50:16,510 - spatial_moe_trainer - INFO - Starting multi-ethnic spatial MoE model training with learnable expert router...
2025-04-25 03:50:16,510 - spatial_moe_trainer - INFO - Using colonization_weight=7.314507993898385, jump_weight=4.829648120384422, decline_weight=3.3604424093201826, pde_weight=8.383415653525022
2025-04-25 03:50:38,971 - spatial_moe_trainer - INFO - Epoch 1/100 - Train Loss: 1520.3782 (Col: 1049.3946, Jump: 1066.8509, Decline: 99.3061, PDE: 3903.0299, Reg: 23734.6335), Eth Losses: China: 2589.1760, India: 1296.1155, Philippines: 1669.3622... (more ethnicities), Val Loss: 1575.1676, Val MAE: 20.2062, Val R2: 0.4565
2025-04-25 03:51:01,446 - spatial_moe_trainer - INFO - Epoch 2/100 - Train Loss: 1248.2079 (Col: 758.9712, Jump: 861.1221, Decline: 83.1025, PDE: 3566.3499, Reg: 16058.9427), Eth Losses: China: 2051.4037, India: 1067.2830, Philippines: 1587.0938... (more ethnicities), Val Loss: 1244.9205, Val MAE: 17.6654, Val R2: 0.5704
2025-04-25 03:51:23,933 - spatial_moe_trainer - INFO - Epoch 3/100 - Train Loss: 1100.6643 (Col: 630.2005, Jump: 828.8268, Decline: 78.9653, PDE: 3182.2273, Reg: 17816.7408), Eth Losses: China: 1712.2728, India: 1017.1317, Philippines: 1408.6599... (more ethnicities), Val Loss: 1135.1888, Val MAE: 16.6617, Val R2: 0.6083
2025-04-25 03:51:46,367 - spatial_moe_trainer - INFO - Epoch 4/100 - Train Loss: 1014.7384 (Col: 499.8101, Jump: 758.0792, Decline: 79.7862, PDE: 3077.1786, Reg: 24497.6178), Eth Losses: China: 1619.4650, India: 963.1805, Philippines: 1313.3528... (more ethnicities), Val Loss: 1021.7127, Val MAE: 16.2541, Val R2: 0.6474
2025-04-25 03:52:08,959 - spatial_moe_trainer - INFO - Epoch 5/100 - Train Loss: 944.6191 (Col: 399.8637, Jump: 805.8626, Decline: 77.4259, PDE: 3042.0611, Reg: 27305.8468), Eth Losses: China: 1456.3212, India: 907.2950, Philippines: 1283.8071... (more ethnicities), Val Loss: 1022.9382, Val MAE: 15.8449, Val R2: 0.6470
2025-04-25 03:52:31,481 - spatial_moe_trainer - INFO - Epoch 6/100 - Train Loss: 826.5606 (Col: 296.7515, Jump: 709.5142, Decline: 75.7359, PDE: 2991.3268, Reg: 13972.4312), Eth Losses: China: 1190.5631, India: 818.2195, Philippines: 1205.0202... (more ethnicities), Val Loss: 1006.7206, Val MAE: 15.2947, Val R2: 0.6526
2025-04-25 03:52:53,912 - spatial_moe_trainer - INFO - Epoch 7/100 - Train Loss: 792.4934 (Col: 264.5158, Jump: 711.2263, Decline: 73.4463, PDE: 2887.6687, Reg: 14794.5657), Eth Losses: China: 1128.0064, India: 813.9607, Philippines: 1155.4587... (more ethnicities), Val Loss: 993.2153, Val MAE: 15.3521, Val R2: 0.6573
2025-04-25 03:53:16,526 - spatial_moe_trainer - INFO - Epoch 8/100 - Train Loss: 795.5619 (Col: 221.0745, Jump: 900.7913, Decline: 74.1923, PDE: 2983.2393, Reg: 23442.5297), Eth Losses: China: 1194.8729, India: 836.3421, Philippines: 1098.4989... (more ethnicities), Val Loss: 977.1962, Val MAE: 15.2198, Val R2: 0.6628
2025-04-25 03:53:39,230 - spatial_moe_trainer - INFO - Epoch 9/100 - Train Loss: 758.8559 (Col: 225.5010, Jump: 663.2138, Decline: 72.1293, PDE: 2867.1423, Reg: 13818.5132), Eth Losses: China: 1084.6564, India: 763.0554, Philippines: 1111.4345... (more ethnicities), Val Loss: 993.8380, Val MAE: 15.2122, Val R2: 0.6571
2025-04-25 03:54:01,702 - spatial_moe_trainer - INFO - Epoch 10/100 - Train Loss: 735.9626 (Col: 207.4432, Jump: 701.1515, Decline: 76.1713, PDE: 2740.5585, Reg: 21473.8212), Eth Losses: China: 1089.8737, India: 728.3794, Philippines: 1057.2957... (more ethnicities), Val Loss: 946.8446, Val MAE: 15.0476, Val R2: 0.6733
2025-04-25 03:54:24,103 - spatial_moe_trainer - INFO - Trial pruned at epoch 11
2025-04-25 03:54:24,111 - spatial_moe_trainer - INFO - Saving metrics to ./optuna_results/trial_33/metrics
2025-04-25 03:54:24,113 - spatial_moe_trainer - INFO - Training metrics saved to ./optuna_results/trial_33/metrics/training_metrics.csv
2025-04-25 03:54:24,115 - spatial_moe_trainer - INFO - Validation metrics saved to ./optuna_results/trial_33/metrics/validation_metrics.csv
2025-04-25 03:54:24,152 - spatial_moe_trainer - INFO - Multi-Ethnic Spatial MoE model saved to ./optuna_results/trial_33/model.pt
2025-04-25 03:54:24,185 - __mp_main__ - INFO - Running trial 34 on device cuda:0
2025-04-25 03:54:24,199 - __main__ - INFO - Trial 33 completed with value: 920.851283
2025-04-25 03:54:24,384 - __mp_main__ - INFO - Using adjusted dimensions - hidden_dims: [72, 32, 32], coord_embed_dim: 20
2025-04-25 03:54:24,430 - spatial_moe_trainer - INFO - Multi-Ethnic Spatial MoE model initialized on cuda:0
2025-04-25 03:54:24,430 - spatial_moe_trainer - INFO - Model will predict 5 ethnicities: ['China', 'India', 'Philippines', 'Portugal', 'Sri Lanka']
2025-04-25 03:54:24,450 - __mp_main__ - INFO - Testing model forward pass before training...
2025-04-25 03:54:24,608 - __mp_main__ - INFO - Test forward pass successful. Output shape: torch.Size([64, 5])
2025-04-25 03:54:24,608 - spatial_moe_trainer - INFO - Starting multi-ethnic spatial MoE model training with learnable expert router...
2025-04-25 03:54:24,609 - spatial_moe_trainer - INFO - Using colonization_weight=8.4178263319852, jump_weight=8.828098767694765, decline_weight=1.6103824098635875, pde_weight=4.579907743289364
2025-04-25 03:54:47,141 - spatial_moe_trainer - INFO - Epoch 1/100 - Train Loss: 1154.8353 (Col: 871.9261, Jump: 631.1507, Decline: 146.2326, PDE: 3172.2114, Reg: 7123.7249), Eth Losses: China: 2173.6213, India: 821.8824, Philippines: 1063.2839... (more ethnicities), Val Loss: 1126.1244, Val MAE: 16.3886, Val R2: 0.6114
2025-04-25 03:55:09,654 - spatial_moe_trainer - INFO - Epoch 2/100 - Train Loss: 780.5283 (Col: 601.7161, Jump: 424.6800, Decline: 119.3468, PDE: 2126.6840, Reg: 4052.3704), Eth Losses: China: 1353.7615, India: 569.0206, Philippines: 774.2630... (more ethnicities), Val Loss: 970.5467, Val MAE: 15.1451, Val R2: 0.6651
2025-04-25 03:55:32,263 - spatial_moe_trainer - INFO - Epoch 3/100 - Train Loss: 565.1603 (Col: 334.5431, Jump: 431.1426, Decline: 115.3633, PDE: 1845.6867, Reg: 4700.5945), Eth Losses: China: 952.7907, India: 536.8273, Philippines: 618.0850... (more ethnicities), Val Loss: 921.9204, Val MAE: 14.9934, Val R2: 0.6819
2025-04-25 03:55:54,906 - spatial_moe_trainer - INFO - Epoch 4/100 - Train Loss: 544.8210 (Col: 299.2070, Jump: 407.8182, Decline: 118.6464, PDE: 1758.8756, Reg: 5793.6793), Eth Losses: China: 856.4288, India: 475.2096, Philippines: 556.3975... (more ethnicities), Val Loss: 915.4497, Val MAE: 14.1422, Val R2: 0.6841
2025-04-25 03:56:17,465 - spatial_moe_trainer - INFO - Epoch 5/100 - Train Loss: 458.1120 (Col: 202.4115, Jump: 371.0338, Decline: 107.0360, PDE: 1646.8253, Reg: 4726.2245), Eth Losses: China: 676.3728, India: 482.4111, Philippines: 509.7765... (more ethnicities), Val Loss: 893.1112, Val MAE: 14.1520, Val R2: 0.6918
2025-04-25 03:56:39,887 - spatial_moe_trainer - INFO - Epoch 6/100 - Train Loss: 410.9616 (Col: 186.3207, Jump: 342.5174, Decline: 104.8220, PDE: 1503.8021, Reg: 4165.8456), Eth Losses: China: 650.7691, India: 390.3872, Philippines: 461.1934... (more ethnicities), Val Loss: 821.5044, Val MAE: 13.6562, Val R2: 0.7165
2025-04-25 03:57:02,495 - spatial_moe_trainer - INFO - Epoch 7/100 - Train Loss: 388.6185 (Col: 167.6545, Jump: 313.6863, Decline: 103.2425, PDE: 1424.8469, Reg: 4068.8065), Eth Losses: China: 578.0558, India: 421.3550, Philippines: 429.5674... (more ethnicities), Val Loss: 753.7802, Val MAE: 13.3783, Val R2: 0.7399
2025-04-25 03:57:24,895 - spatial_moe_trainer - INFO - Epoch 8/100 - Train Loss: 359.4762 (Col: 147.8396, Jump: 293.3125, Decline: 100.6470, PDE: 1351.2958, Reg: 3421.6528), Eth Losses: China: 499.1983, India: 345.4432, Philippines: 423.9371... (more ethnicities), Val Loss: 703.5784, Val MAE: 13.0477, Val R2: 0.7572
2025-04-25 03:57:47,537 - spatial_moe_trainer - INFO - Epoch 9/100 - Train Loss: 344.9914 (Col: 143.2551, Jump: 277.4400, Decline: 97.6558, PDE: 1306.6996, Reg: 3621.6163), Eth Losses: China: 536.1809, India: 346.3109, Philippines: 392.0306... (more ethnicities), Val Loss: 727.4518, Val MAE: 13.2409, Val R2: 0.7490
2025-04-25 03:58:10,041 - spatial_moe_trainer - INFO - Epoch 10/100 - Train Loss: 327.8217 (Col: 136.9335, Jump: 268.1617, Decline: 96.5521, PDE: 1267.6962, Reg: 3189.8566), Eth Losses: China: 483.7693, India: 327.9606, Philippines: 364.1751... (more ethnicities), Val Loss: 728.2679, Val MAE: 12.9767, Val R2: 0.7487
2025-04-25 03:58:32,415 - spatial_moe_trainer - INFO - Epoch 11/100 - Train Loss: 312.5401 (Col: 132.4743, Jump: 235.3772, Decline: 104.6288, PDE: 1217.2125, Reg: 2247.2862), Eth Losses: China: 458.4489, India: 321.1676, Philippines: 346.7333... (more ethnicities), Val Loss: 699.3763, Val MAE: 12.8937, Val R2: 0.7587
2025-04-25 03:58:54,908 - spatial_moe_trainer - INFO - Epoch 12/100 - Train Loss: 282.1002 (Col: 102.6153, Jump: 221.4522, Decline: 99.8712, PDE: 1145.4183, Reg: 2731.2674), Eth Losses: China: 402.6056, India: 279.8634, Philippines: 325.9088... (more ethnicities), Val Loss: 710.6654, Val MAE: 13.0005, Val R2: 0.7548
2025-04-25 03:59:17,575 - spatial_moe_trainer - INFO - Epoch 13/100 - Train Loss: 282.1011 (Col: 117.4598, Jump: 230.7643, Decline: 95.6696, PDE: 1110.6583, Reg: 2376.4917), Eth Losses: China: 380.2942, India: 316.2167, Philippines: 313.1817... (more ethnicities), Val Loss: 716.5101, Val MAE: 12.8116, Val R2: 0.7528
2025-04-25 03:59:39,875 - spatial_moe_trainer - INFO - Epoch 14/100 - Train Loss: 278.9557 (Col: 103.1358, Jump: 209.1779, Decline: 98.4621, PDE: 1050.1142, Reg: 3398.9027), Eth Losses: China: 436.2703, India: 282.3618, Philippines: 289.4853... (more ethnicities), Val Loss: 671.6566, Val MAE: 12.6753, Val R2: 0.7682
2025-04-25 04:00:02,253 - spatial_moe_trainer - INFO - Epoch 15/100 - Train Loss: 267.1214 (Col: 107.4808, Jump: 196.7687, Decline: 108.9029, PDE: 964.7970, Reg: 3092.9084), Eth Losses: China: 377.7116, India: 280.6477, Philippines: 277.3964... (more ethnicities), Val Loss: 719.1310, Val MAE: 12.9905, Val R2: 0.7519
2025-04-25 04:00:24,710 - spatial_moe_trainer - INFO - Epoch 16/100 - Train Loss: 268.7803 (Col: 101.2802, Jump: 184.3577, Decline: 106.4907, PDE: 958.3801, Reg: 2777.8024), Eth Losses: China: 436.4844, India: 270.7431, Philippines: 264.5038... (more ethnicities), Val Loss: 669.5622, Val MAE: 12.7662, Val R2: 0.7690
2025-04-25 04:00:47,227 - spatial_moe_trainer - INFO - Epoch 17/100 - Train Loss: 257.7985 (Col: 113.4346, Jump: 181.2919, Decline: 108.0668, PDE: 934.2219, Reg: 2392.3746), Eth Losses: China: 355.5619, India: 278.5864, Philippines: 276.9213... (more ethnicities), Val Loss: 694.0466, Val MAE: 12.6817, Val R2: 0.7605
2025-04-25 04:01:09,752 - spatial_moe_trainer - INFO - Epoch 18/100 - Train Loss: 235.0831 (Col: 83.7690, Jump: 190.0090, Decline: 112.2834, PDE: 892.6917, Reg: 2865.5931), Eth Losses: China: 335.9395, India: 230.7207, Philippines: 248.2217... (more ethnicities), Val Loss: 637.5870, Val MAE: 12.3417, Val R2: 0.7800
2025-04-25 04:01:32,220 - spatial_moe_trainer - INFO - Epoch 19/100 - Train Loss: 237.6628 (Col: 93.8105, Jump: 177.5267, Decline: 104.5406, PDE: 877.6732, Reg: 2105.3186), Eth Losses: China: 350.4936, India: 222.3699, Philippines: 233.1703... (more ethnicities), Val Loss: 674.3565, Val MAE: 12.3176, Val R2: 0.7673
2025-04-25 04:01:54,963 - spatial_moe_trainer - INFO - Epoch 20/100 - Train Loss: 225.7113 (Col: 81.4674, Jump: 166.6296, Decline: 101.3240, PDE: 867.9520, Reg: 2037.7200), Eth Losses: China: 329.2855, India: 231.4868, Philippines: 223.1641... (more ethnicities), Val Loss: 633.4611, Val MAE: 12.2377, Val R2: 0.7814
2025-04-25 04:02:17,385 - spatial_moe_trainer - INFO - Epoch 21/100 - Train Loss: 206.6824 (Col: 86.7999, Jump: 167.1178, Decline: 88.4705, PDE: 770.0243, Reg: 1468.1097), Eth Losses: China: 259.3981, India: 230.8391, Philippines: 211.0351... (more ethnicities), Val Loss: 614.2481, Val MAE: 12.0052, Val R2: 0.7880
2025-04-25 04:02:39,714 - spatial_moe_trainer - INFO - Epoch 22/100 - Train Loss: 222.3326 (Col: 91.6681, Jump: 144.8189, Decline: 94.4099, PDE: 785.0811, Reg: 2513.8528), Eth Losses: China: 358.6966, India: 237.5562, Philippines: 206.5157... (more ethnicities), Val Loss: 581.9870, Val MAE: 11.9726, Val R2: 0.7992
2025-04-25 04:03:02,173 - spatial_moe_trainer - INFO - Epoch 23/100 - Train Loss: 225.9973 (Col: 108.0974, Jump: 163.9396, Decline: 90.7744, PDE: 769.3617, Reg: 2090.4080), Eth Losses: China: 340.3048, India: 225.7378, Philippines: 236.7388... (more ethnicities), Val Loss: 600.5048, Val MAE: 11.9074, Val R2: 0.7928
2025-04-25 04:03:24,709 - spatial_moe_trainer - INFO - Epoch 24/100 - Train Loss: 190.5224 (Col: 78.5486, Jump: 143.8137, Decline: 95.9828, PDE: 724.7794, Reg: 1209.5212), Eth Losses: China: 260.0037, India: 217.9594, Philippines: 201.0380... (more ethnicities), Val Loss: 592.2415, Val MAE: 11.8857, Val R2: 0.7956
2025-04-25 04:03:47,128 - spatial_moe_trainer - INFO - Epoch 25/100 - Train Loss: 205.8023 (Col: 76.7865, Jump: 162.6237, Decline: 94.4311, PDE: 692.6407, Reg: 2903.2503), Eth Losses: China: 360.6503, India: 203.9700, Philippines: 207.2522... (more ethnicities), Val Loss: 620.5948, Val MAE: 11.7909, Val R2: 0.7859
2025-04-25 04:04:09,666 - spatial_moe_trainer - INFO - Epoch 26/100 - Train Loss: 187.1438 (Col: 77.0290, Jump: 143.2126, Decline: 90.2062, PDE: 707.8624, Reg: 1386.9913), Eth Losses: China: 297.6558, India: 189.6029, Philippines: 197.6007... (more ethnicities), Val Loss: 629.2657, Val MAE: 11.9292, Val R2: 0.7829
2025-04-25 04:04:32,167 - spatial_moe_trainer - INFO - Epoch 27/100 - Train Loss: 187.7441 (Col: 81.1707, Jump: 136.1213, Decline: 93.7680, PDE: 669.1678, Reg: 1623.7082), Eth Losses: China: 261.0977, India: 202.4282, Philippines: 209.1486... (more ethnicities), Val Loss: 664.7785, Val MAE: 11.9451, Val R2: 0.7706
2025-04-25 04:04:54,532 - spatial_moe_trainer - INFO - Epoch 28/100 - Train Loss: 184.8251 (Col: 79.7128, Jump: 140.2527, Decline: 93.6030, PDE: 661.7584, Reg: 1473.5743), Eth Losses: China: 284.9179, India: 213.1672, Philippines: 185.0893... (more ethnicities), Val Loss: 605.6710, Val MAE: 12.0392, Val R2: 0.7910
2025-04-25 04:05:17,015 - spatial_moe_trainer - INFO - Epoch 29/100 - Train Loss: 177.6854 (Col: 73.1845, Jump: 144.5251, Decline: 94.2597, PDE: 662.0776, Reg: 1692.9206), Eth Losses: China: 262.6945, India: 217.5842, Philippines: 172.4701... (more ethnicities), Val Loss: 601.7001, Val MAE: 11.8809, Val R2: 0.7924
2025-04-25 04:05:39,367 - spatial_moe_trainer - INFO - Epoch 30/100 - Train Loss: 165.5549 (Col: 63.1542, Jump: 132.1750, Decline: 95.1977, PDE: 605.4232, Reg: 1130.4292), Eth Losses: China: 235.8408, India: 181.1305, Philippines: 174.7970... (more ethnicities), Val Loss: 630.1950, Val MAE: 11.8975, Val R2: 0.7825
2025-04-25 04:06:01,670 - spatial_moe_trainer - INFO - Epoch 31/100 - Train Loss: 153.7762 (Col: 54.1867, Jump: 133.9608, Decline: 93.0587, PDE: 604.4477, Reg: 1000.8013), Eth Losses: China: 206.3719, India: 172.7362, Philippines: 161.3748... (more ethnicities), Val Loss: 580.2086, Val MAE: 11.6651, Val R2: 0.7998
2025-04-25 04:06:24,129 - spatial_moe_trainer - INFO - Epoch 32/100 - Train Loss: 163.3589 (Col: 59.7959, Jump: 137.6204, Decline: 91.1397, PDE: 599.5611, Reg: 1437.3001), Eth Losses: China: 237.0338, India: 172.7253, Philippines: 172.9264... (more ethnicities), Val Loss: 576.0838, Val MAE: 11.6438, Val R2: 0.8012
2025-04-25 04:06:46,650 - spatial_moe_trainer - INFO - Epoch 33/100 - Train Loss: 146.5001 (Col: 51.6443, Jump: 142.4808, Decline: 91.4711, PDE: 543.1482, Reg: 1152.7886), Eth Losses: China: 207.7445, India: 161.9946, Philippines: 149.2790... (more ethnicities), Val Loss: 609.5971, Val MAE: 11.7195, Val R2: 0.7896
2025-04-25 04:07:09,212 - spatial_moe_trainer - INFO - Epoch 34/100 - Train Loss: 150.7270 (Col: 56.2095, Jump: 133.5635, Decline: 87.1649, PDE: 556.5429, Reg: 1157.0568), Eth Losses: China: 211.6737, India: 163.1739, Philippines: 151.9126... (more ethnicities), Val Loss: 566.6157, Val MAE: 11.5859, Val R2: 0.8045
2025-04-25 04:07:31,899 - spatial_moe_trainer - INFO - Epoch 35/100 - Train Loss: 146.4948 (Col: 50.6605, Jump: 131.9656, Decline: 91.0822, PDE: 536.9583, Reg: 1310.1821), Eth Losses: China: 205.7415, India: 153.2843, Philippines: 159.5462... (more ethnicities), Val Loss: 549.8453, Val MAE: 11.4973, Val R2: 0.8103
2025-04-25 04:07:54,454 - spatial_moe_trainer - INFO - Epoch 36/100 - Train Loss: 148.8115 (Col: 57.3099, Jump: 127.1720, Decline: 90.3165, PDE: 550.8894, Reg: 996.2904), Eth Losses: China: 235.1375, India: 161.1864, Philippines: 147.4970... (more ethnicities), Val Loss: 585.9815, Val MAE: 11.5561, Val R2: 0.7978
2025-04-25 04:08:16,970 - spatial_moe_trainer - INFO - Epoch 37/100 - Train Loss: 140.0498 (Col: 54.2356, Jump: 133.6753, Decline: 91.4961, PDE: 515.9679, Reg: 994.9828), Eth Losses: China: 193.3075, India: 155.8906, Philippines: 159.9156... (more ethnicities), Val Loss: 559.6499, Val MAE: 11.4245, Val R2: 0.8069
2025-04-25 04:08:39,460 - spatial_moe_trainer - INFO - Epoch 38/100 - Train Loss: 145.8198 (Col: 55.4161, Jump: 120.9116, Decline: 90.7631, PDE: 522.0886, Reg: 1237.0928), Eth Losses: China: 228.6067, India: 147.9295, Philippines: 149.0599... (more ethnicities), Val Loss: 568.4460, Val MAE: 11.5357, Val R2: 0.8038
2025-04-25 04:09:02,007 - spatial_moe_trainer - INFO - Epoch 39/100 - Train Loss: 138.8893 (Col: 52.0218, Jump: 120.3280, Decline: 91.9680, PDE: 517.0549, Reg: 956.5877), Eth Losses: China: 206.1668, India: 149.4293, Philippines: 143.3190... (more ethnicities), Val Loss: 601.8635, Val MAE: 11.6144, Val R2: 0.7923
2025-04-25 04:09:24,619 - spatial_moe_trainer - INFO - Epoch 40/100 - Train Loss: 137.4360 (Col: 55.8846, Jump: 131.0403, Decline: 92.2301, PDE: 482.1813, Reg: 979.1826), Eth Losses: China: 207.5397, India: 144.2668, Philippines: 139.8472... (more ethnicities), Val Loss: 604.2216, Val MAE: 11.5026, Val R2: 0.7915
2025-04-25 04:09:47,203 - spatial_moe_trainer - INFO - Epoch 41/100 - Train Loss: 137.0586 (Col: 55.2934, Jump: 121.8077, Decline: 90.6869, PDE: 502.9456, Reg: 868.6641), Eth Losses: China: 200.8087, India: 150.5436, Philippines: 143.9450... (more ethnicities), Val Loss: 562.6250, Val MAE: 11.4829, Val R2: 0.8059
2025-04-25 04:10:09,787 - spatial_moe_trainer - INFO - Epoch 42/100 - Train Loss: 141.4563 (Col: 55.8688, Jump: 115.8188, Decline: 88.7401, PDE: 483.1345, Reg: 1272.9979), Eth Losses: China: 196.6799, India: 150.8249, Philippines: 152.6579... (more ethnicities), Val Loss: 571.4602, Val MAE: 11.4621, Val R2: 0.8028
2025-04-25 04:10:32,366 - spatial_moe_trainer - INFO - Epoch 43/100 - Train Loss: 130.9368 (Col: 48.7586, Jump: 118.4559, Decline: 92.5098, PDE: 466.7276, Reg: 1081.1870), Eth Losses: China: 186.9191, India: 147.6661, Philippines: 140.4725... (more ethnicities), Val Loss: 571.6146, Val MAE: 11.4812, Val R2: 0.8028
2025-04-25 04:10:54,935 - spatial_moe_trainer - INFO - Epoch 44/100 - Train Loss: 127.6430 (Col: 45.8249, Jump: 118.6134, Decline: 88.7582, PDE: 485.2550, Reg: 859.5624), Eth Losses: China: 174.7447, India: 143.5397, Philippines: 142.4236... (more ethnicities), Val Loss: 559.3477, Val MAE: 11.2847, Val R2: 0.8070
2025-04-25 04:11:17,499 - spatial_moe_trainer - INFO - Epoch 45/100 - Train Loss: 127.6316 (Col: 45.9966, Jump: 111.5905, Decline: 87.3557, PDE: 479.8264, Reg: 838.8920), Eth Losses: China: 186.9694, India: 136.4958, Philippines: 130.5919... (more ethnicities), Val Loss: 550.7862, Val MAE: 11.3690, Val R2: 0.8099
2025-04-25 04:11:17,499 - spatial_moe_trainer - INFO - Early stopping at epoch 45
2025-04-25 04:11:17,515 - spatial_moe_trainer - INFO - Saving metrics to ./optuna_results/trial_34/metrics
2025-04-25 04:11:17,518 - spatial_moe_trainer - INFO - Training metrics saved to ./optuna_results/trial_34/metrics/training_metrics.csv
2025-04-25 04:11:17,521 - spatial_moe_trainer - INFO - Validation metrics saved to ./optuna_results/trial_34/metrics/validation_metrics.csv
2025-04-25 04:11:17,559 - spatial_moe_trainer - INFO - Multi-Ethnic Spatial MoE model saved to ./optuna_results/trial_34/model.pt
2025-04-25 04:11:17,591 - __mp_main__ - INFO - Running trial 35 on device cuda:0
2025-04-25 04:11:17,608 - __main__ - INFO - Trial 34 completed with value: 549.845302
2025-04-25 04:11:17,792 - __mp_main__ - INFO - Using adjusted dimensions - hidden_dims: [108, 48, 48], coord_embed_dim: 30
2025-04-25 04:11:17,839 - spatial_moe_trainer - INFO - Multi-Ethnic Spatial MoE model initialized on cuda:0
2025-04-25 04:11:17,839 - spatial_moe_trainer - INFO - Model will predict 5 ethnicities: ['China', 'India', 'Philippines', 'Portugal', 'Sri Lanka']
2025-04-25 04:11:17,859 - __mp_main__ - INFO - Testing model forward pass before training...
2025-04-25 04:11:18,018 - __mp_main__ - INFO - Test forward pass successful. Output shape: torch.Size([64, 5])
2025-04-25 04:11:18,018 - spatial_moe_trainer - INFO - Starting multi-ethnic spatial MoE model training with learnable expert router...
2025-04-25 04:11:18,018 - spatial_moe_trainer - INFO - Using colonization_weight=8.482144298753457, jump_weight=8.828098767694765, decline_weight=1.9168478036759773, pde_weight=4.881995236259547
2025-04-25 04:11:40,540 - spatial_moe_trainer - INFO - Epoch 1/100 - Train Loss: 1118.4170 (Col: 910.0060, Jump: 685.1508, Decline: 154.7828, PDE: 3046.7769, Reg: 6434.8875), Eth Losses: China: 1860.0903, India: 832.8379, Philippines: 1165.0122... (more ethnicities), Val Loss: 1112.8895, Val MAE: 16.5457, Val R2: 0.6160
2025-04-25 04:12:03,084 - spatial_moe_trainer - INFO - Epoch 2/100 - Train Loss: 736.8403 (Col: 540.2066, Jump: 495.3534, Decline: 131.3871, PDE: 2033.2518, Reg: 5898.1053), Eth Losses: China: 1313.1166, India: 626.0665, Philippines: 792.6298... (more ethnicities), Val Loss: 956.0938, Val MAE: 14.4678, Val R2: 0.6701
2025-04-25 04:12:25,553 - spatial_moe_trainer - INFO - Epoch 3/100 - Train Loss: 544.9404 (Col: 320.4393, Jump: 438.1254, Decline: 118.5929, PDE: 1810.5736, Reg: 4353.1114), Eth Losses: China: 910.1095, India: 529.4577, Philippines: 609.3484... (more ethnicities), Val Loss: 864.8657, Val MAE: 14.2176, Val R2: 0.7016
2025-04-25 04:12:47,966 - spatial_moe_trainer - INFO - Epoch 4/100 - Train Loss: 477.8062 (Col: 244.3623, Jump: 345.2692, Decline: 112.4044, PDE: 1641.0155, Reg: 4682.9713), Eth Losses: China: 684.7848, India: 466.7353, Philippines: 574.6535... (more ethnicities), Val Loss: 785.9866, Val MAE: 14.2505, Val R2: 0.7288
2025-04-25 04:13:10,624 - spatial_moe_trainer - INFO - Epoch 5/100 - Train Loss: 420.0143 (Col: 217.2256, Jump: 336.2961, Decline: 104.2447, PDE: 1483.3627, Reg: 3845.4543), Eth Losses: China: 583.8408, India: 451.9170, Philippines: 487.8649... (more ethnicities), Val Loss: 815.7513, Val MAE: 13.7734, Val R2: 0.7185
2025-04-25 04:13:33,089 - spatial_moe_trainer - INFO - Epoch 6/100 - Train Loss: 375.0425 (Col: 179.9149, Jump: 303.5286, Decline: 101.8770, PDE: 1386.1509, Reg: 3272.0277), Eth Losses: China: 495.7634, India: 431.1921, Philippines: 462.7967... (more ethnicities), Val Loss: 735.5908, Val MAE: 13.4177, Val R2: 0.7462
2025-04-25 04:13:55,661 - spatial_moe_trainer - INFO - Epoch 7/100 - Train Loss: 365.5134 (Col: 176.3874, Jump: 293.6017, Decline: 98.0698, PDE: 1303.7824, Reg: 3663.2163), Eth Losses: China: 480.1961, India: 391.8749, Philippines: 436.1028... (more ethnicities), Val Loss: 727.0191, Val MAE: 13.0678, Val R2: 0.7491
2025-04-25 04:14:18,385 - spatial_moe_trainer - INFO - Epoch 8/100 - Train Loss: 343.3461 (Col: 171.8694, Jump: 256.8082, Decline: 96.2646, PDE: 1242.5866, Reg: 2887.7249), Eth Losses: China: 503.8292, India: 364.4645, Philippines: 390.9110... (more ethnicities), Val Loss: 729.8235, Val MAE: 13.0862, Val R2: 0.7482
2025-04-25 04:14:40,953 - spatial_moe_trainer - INFO - Epoch 9/100 - Train Loss: 349.5836 (Col: 186.1338, Jump: 253.4188, Decline: 97.5693, PDE: 1154.3264, Reg: 3438.6370), Eth Losses: China: 481.8514, India: 366.0226, Philippines: 374.2794... (more ethnicities), Val Loss: 690.7903, Val MAE: 12.9193, Val R2: 0.7616
2025-04-25 04:15:03,360 - spatial_moe_trainer - INFO - Epoch 10/100 - Train Loss: 310.0572 (Col: 142.1359, Jump: 249.5828, Decline: 96.5044, PDE: 1147.1053, Reg: 2888.4648), Eth Losses: China: 432.3900, India: 328.4583, Philippines: 389.7983... (more ethnicities), Val Loss: 635.2360, Val MAE: 12.6597, Val R2: 0.7808
2025-04-25 04:15:25,896 - spatial_moe_trainer - INFO - Epoch 11/100 - Train Loss: 291.4013 (Col: 141.7562, Jump: 214.2773, Decline: 101.3167, PDE: 1030.6915, Reg: 2902.4235), Eth Losses: China: 392.9559, India: 306.8512, Philippines: 327.1034... (more ethnicities), Val Loss: 702.6251, Val MAE: 12.7125, Val R2: 0.7575
2025-04-25 04:15:48,192 - spatial_moe_trainer - INFO - Epoch 12/100 - Train Loss: 281.0182 (Col: 129.1017, Jump: 192.8666, Decline: 103.1272, PDE: 967.0062, Reg: 2882.7050), Eth Losses: China: 387.7535, India: 292.0898, Philippines: 299.7063... (more ethnicities), Val Loss: 659.0582, Val MAE: 12.6903, Val R2: 0.7726
2025-04-25 04:16:10,658 - spatial_moe_trainer - INFO - Epoch 13/100 - Train Loss: 297.7611 (Col: 163.1121, Jump: 186.2878, Decline: 102.7191, PDE: 961.1612, Reg: 2669.8871), Eth Losses: China: 469.9933, India: 280.7485, Philippines: 312.9248... (more ethnicities), Val Loss: 676.4342, Val MAE: 12.4307, Val R2: 0.7666
2025-04-25 04:16:33,121 - spatial_moe_trainer - INFO - Epoch 14/100 - Train Loss: 256.4064 (Col: 143.7789, Jump: 187.2212, Decline: 95.4843, PDE: 872.5303, Reg: 1759.4269), Eth Losses: China: 375.8085, India: 232.6790, Philippines: 277.2770... (more ethnicities), Val Loss: 682.3268, Val MAE: 12.2397, Val R2: 0.7646
2025-04-25 04:16:55,690 - spatial_moe_trainer - INFO - Epoch 15/100 - Train Loss: 255.4562 (Col: 134.2797, Jump: 170.5616, Decline: 96.6542, PDE: 843.3187, Reg: 2305.1967), Eth Losses: China: 351.1982, India: 297.5429, Philippines: 270.1198... (more ethnicities), Val Loss: 710.8743, Val MAE: 12.4465, Val R2: 0.7547
2025-04-25 04:17:18,556 - spatial_moe_trainer - INFO - Epoch 16/100 - Train Loss: 250.6806 (Col: 127.6098, Jump: 167.8915, Decline: 97.4035, PDE: 801.9691, Reg: 2511.8284), Eth Losses: China: 418.5190, India: 262.2332, Philippines: 236.9232... (more ethnicities), Val Loss: 601.5439, Val MAE: 11.9871, Val R2: 0.7924
2025-04-25 04:17:41,195 - spatial_moe_trainer - INFO - Epoch 17/100 - Train Loss: 210.9005 (Col: 98.9221, Jump: 156.4019, Decline: 95.9710, PDE: 768.2870, Reg: 1613.7668), Eth Losses: China: 288.8931, India: 216.7487, Philippines: 221.3858... (more ethnicities), Val Loss: 601.6699, Val MAE: 12.0339, Val R2: 0.7924
2025-04-25 04:18:03,551 - spatial_moe_trainer - INFO - Epoch 18/100 - Train Loss: 218.6145 (Col: 111.7351, Jump: 147.5070, Decline: 94.8752, PDE: 753.8832, Reg: 1935.3831), Eth Losses: China: 306.2099, India: 219.6683, Philippines: 238.3055... (more ethnicities), Val Loss: 612.9030, Val MAE: 11.9216, Val R2: 0.7885
2025-04-25 04:18:26,075 - spatial_moe_trainer - INFO - Epoch 19/100 - Train Loss: 221.2112 (Col: 125.0618, Jump: 143.4329, Decline: 97.7088, PDE: 696.6357, Reg: 1572.2975), Eth Losses: China: 308.0570, India: 214.9241, Philippines: 233.8918... (more ethnicities), Val Loss: 634.5511, Val MAE: 11.8886, Val R2: 0.7810
2025-04-25 04:18:48,523 - spatial_moe_trainer - INFO - Epoch 20/100 - Train Loss: 196.1298 (Col: 93.1839, Jump: 144.3851, Decline: 97.3921, PDE: 688.5898, Reg: 1474.3398), Eth Losses: China: 291.2051, India: 201.2717, Philippines: 208.5826... (more ethnicities), Val Loss: 625.1860, Val MAE: 12.2166, Val R2: 0.7843
2025-04-25 04:19:10,914 - spatial_moe_trainer - INFO - Epoch 21/100 - Train Loss: 205.6149 (Col: 104.4758, Jump: 134.0365, Decline: 94.2521, PDE: 669.7772, Reg: 2069.0646), Eth Losses: China: 312.2433, India: 211.9523, Philippines: 199.8163... (more ethnicities), Val Loss: 622.2831, Val MAE: 11.8697, Val R2: 0.7853
2025-04-25 04:19:33,243 - spatial_moe_trainer - INFO - Epoch 22/100 - Train Loss: 196.3596 (Col: 87.3756, Jump: 138.0374, Decline: 94.6251, PDE: 677.2458, Reg: 2049.1825), Eth Losses: China: 288.4080, India: 216.8539, Philippines: 206.9082... (more ethnicities), Val Loss: 640.0843, Val MAE: 11.9143, Val R2: 0.7791
2025-04-25 04:19:55,763 - spatial_moe_trainer - INFO - Epoch 23/100 - Train Loss: 181.0360 (Col: 82.9685, Jump: 136.1544, Decline: 95.4330, PDE: 600.1471, Reg: 1797.3951), Eth Losses: China: 266.9457, India: 189.7867, Philippines: 192.6704... (more ethnicities), Val Loss: 628.0434, Val MAE: 11.7617, Val R2: 0.7833
2025-04-25 04:20:18,390 - spatial_moe_trainer - INFO - Epoch 24/100 - Train Loss: 174.9352 (Col: 81.6866, Jump: 146.5968, Decline: 94.7210, PDE: 588.9357, Reg: 1671.2805), Eth Losses: China: 264.7086, India: 183.4982, Philippines: 170.7518... (more ethnicities), Val Loss: 598.9221, Val MAE: 11.5929, Val R2: 0.7933
2025-04-25 04:20:40,744 - spatial_moe_trainer - INFO - Epoch 25/100 - Train Loss: 170.8111 (Col: 71.7434, Jump: 132.8359, Decline: 93.6813, PDE: 589.8073, Reg: 1528.9358), Eth Losses: China: 255.9604, India: 179.6714, Philippines: 176.3057... (more ethnicities), Val Loss: 603.8926, Val MAE: 11.6742, Val R2: 0.7916
2025-04-25 04:21:03,077 - spatial_moe_trainer - INFO - Epoch 26/100 - Train Loss: 174.8292 (Col: 78.7647, Jump: 122.5360, Decline: 93.7864, PDE: 599.1595, Reg: 1713.6559), Eth Losses: China: 272.9988, India: 166.3612, Philippines: 179.1578... (more ethnicities), Val Loss: 618.4974, Val MAE: 11.6909, Val R2: 0.7866
2025-04-25 04:21:25,539 - spatial_moe_trainer - INFO - Epoch 27/100 - Train Loss: 165.8396 (Col: 77.2863, Jump: 129.5375, Decline: 92.8444, PDE: 533.3741, Reg: 1568.3705), Eth Losses: China: 251.9289, India: 159.6965, Philippines: 187.2262... (more ethnicities), Val Loss: 594.0023, Val MAE: 11.6431, Val R2: 0.7950
2025-04-25 04:21:47,900 - spatial_moe_trainer - INFO - Epoch 28/100 - Train Loss: 160.8482 (Col: 70.6566, Jump: 136.8618, Decline: 96.9824, PDE: 550.4817, Reg: 1496.5576), Eth Losses: China: 247.6272, India: 160.1542, Philippines: 161.2098... (more ethnicities), Val Loss: 672.8327, Val MAE: 11.9064, Val R2: 0.7678
2025-04-25 04:22:10,323 - spatial_moe_trainer - INFO - Epoch 29/100 - Train Loss: 150.9163 (Col: 65.1644, Jump: 128.8605, Decline: 92.6456, PDE: 516.6114, Reg: 1285.3317), Eth Losses: China: 223.4142, India: 156.6555, Philippines: 157.8945... (more ethnicities), Val Loss: 600.6351, Val MAE: 11.7145, Val R2: 0.7927
2025-04-25 04:22:32,721 - spatial_moe_trainer - INFO - Epoch 30/100 - Train Loss: 155.7495 (Col: 68.4686, Jump: 129.6395, Decline: 93.8984, PDE: 517.1245, Reg: 1609.0705), Eth Losses: China: 223.4320, India: 174.0772, Philippines: 168.9808... (more ethnicities), Val Loss: 603.0021, Val MAE: 11.6723, Val R2: 0.7919
2025-04-25 04:22:55,103 - spatial_moe_trainer - INFO - Epoch 31/100 - Train Loss: 149.1201 (Col: 65.8218, Jump: 126.5203, Decline: 90.7390, PDE: 502.1145, Reg: 1294.1577), Eth Losses: China: 231.6382, India: 149.8663, Philippines: 155.0917... (more ethnicities), Val Loss: 592.7123, Val MAE: 11.5139, Val R2: 0.7955
2025-04-25 04:23:17,678 - spatial_moe_trainer - INFO - Epoch 32/100 - Train Loss: 143.9741 (Col: 59.1052, Jump: 121.0671, Decline: 89.0403, PDE: 494.5720, Reg: 1450.4668), Eth Losses: China: 231.0363, India: 158.2787, Philippines: 142.1637... (more ethnicities), Val Loss: 599.4634, Val MAE: 11.6165, Val R2: 0.7931
2025-04-25 04:23:40,094 - spatial_moe_trainer - INFO - Epoch 33/100 - Train Loss: 147.6158 (Col: 62.9771, Jump: 132.7588, Decline: 95.4795, PDE: 481.3416, Reg: 1527.6350), Eth Losses: China: 229.8269, India: 152.5962, Philippines: 158.1174... (more ethnicities), Val Loss: 571.1402, Val MAE: 11.5734, Val R2: 0.8029
2025-04-25 04:24:02,667 - spatial_moe_trainer - INFO - Epoch 34/100 - Train Loss: 146.8656 (Col: 71.3377, Jump: 115.3154, Decline: 91.4063, PDE: 463.3063, Reg: 1400.6233), Eth Losses: China: 230.0744, India: 164.2977, Philippines: 142.2690... (more ethnicities), Val Loss: 623.0127, Val MAE: 11.5970, Val R2: 0.7850
2025-04-25 04:24:25,314 - spatial_moe_trainer - INFO - Epoch 35/100 - Train Loss: 138.3542 (Col: 65.8746, Jump: 112.1721, Decline: 87.8704, PDE: 456.7354, Reg: 1169.4036), Eth Losses: China: 190.6341, India: 139.0085, Philippines: 141.8985... (more ethnicities), Val Loss: 604.2158, Val MAE: 11.6559, Val R2: 0.7915
2025-04-25 04:24:47,887 - spatial_moe_trainer - INFO - Epoch 36/100 - Train Loss: 134.4990 (Col: 59.0110, Jump: 109.3501, Decline: 89.8727, PDE: 450.6294, Reg: 1098.7282), Eth Losses: China: 192.3117, India: 142.1076, Philippines: 143.3745... (more ethnicities), Val Loss: 620.6781, Val MAE: 11.5855, Val R2: 0.7858
2025-04-25 04:25:10,401 - spatial_moe_trainer - INFO - Epoch 37/100 - Train Loss: 136.9776 (Col: 63.0657, Jump: 117.0497, Decline: 89.4629, PDE: 470.8357, Reg: 1004.3162), Eth Losses: China: 212.6974, India: 142.3106, Philippines: 141.2523... (more ethnicities), Val Loss: 605.7304, Val MAE: 11.5305, Val R2: 0.7910
2025-04-25 04:25:33,000 - spatial_moe_trainer - INFO - Epoch 38/100 - Train Loss: 138.0631 (Col: 65.5957, Jump: 115.8603, Decline: 90.2702, PDE: 449.1783, Reg: 1037.0009), Eth Losses: China: 215.8337, India: 144.5480, Philippines: 137.4856... (more ethnicities), Val Loss: 603.4486, Val MAE: 11.5125, Val R2: 0.7918
2025-04-25 04:25:55,413 - spatial_moe_trainer - INFO - Epoch 39/100 - Train Loss: 138.3395 (Col: 55.8625, Jump: 117.1516, Decline: 88.3651, PDE: 443.4217, Reg: 1568.5605), Eth Losses: China: 240.3731, India: 143.8657, Philippines: 128.8898... (more ethnicities), Val Loss: 571.6538, Val MAE: 11.5320, Val R2: 0.8027
2025-04-25 04:26:17,850 - spatial_moe_trainer - INFO - Epoch 40/100 - Train Loss: 138.9945 (Col: 62.5066, Jump: 119.0664, Decline: 89.0108, PDE: 443.2868, Reg: 1288.1017), Eth Losses: China: 213.5881, India: 144.0386, Philippines: 134.4145... (more ethnicities), Val Loss: 589.6745, Val MAE: 11.4694, Val R2: 0.7965
2025-04-25 04:26:40,248 - spatial_moe_trainer - INFO - Epoch 41/100 - Train Loss: 135.9020 (Col: 53.7391, Jump: 115.4404, Decline: 93.9493, PDE: 430.6795, Reg: 1331.9157), Eth Losses: China: 229.1891, India: 142.4154, Philippines: 133.5343... (more ethnicities), Val Loss: 571.4031, Val MAE: 11.4167, Val R2: 0.8028
2025-04-25 04:27:02,808 - spatial_moe_trainer - INFO - Epoch 42/100 - Train Loss: 134.4041 (Col: 49.4858, Jump: 112.9428, Decline: 88.2401, PDE: 455.5318, Reg: 1616.2023), Eth Losses: China: 209.1767, India: 144.5502, Philippines: 132.4420... (more ethnicities), Val Loss: 587.9977, Val MAE: 11.4640, Val R2: 0.7971
2025-04-25 04:27:25,354 - spatial_moe_trainer - INFO - Epoch 43/100 - Train Loss: 128.1804 (Col: 47.4412, Jump: 110.1595, Decline: 86.8260, PDE: 412.1559, Reg: 1826.9260), Eth Losses: China: 212.8920, India: 128.7860, Philippines: 136.8954... (more ethnicities), Val Loss: 587.6164, Val MAE: 11.4618, Val R2: 0.7972
2025-04-25 04:27:25,354 - spatial_moe_trainer - INFO - Early stopping at epoch 43
2025-04-25 04:27:25,370 - spatial_moe_trainer - INFO - Saving metrics to ./optuna_results/trial_35/metrics
2025-04-25 04:27:25,373 - spatial_moe_trainer - INFO - Training metrics saved to ./optuna_results/trial_35/metrics/training_metrics.csv
2025-04-25 04:27:25,376 - spatial_moe_trainer - INFO - Validation metrics saved to ./optuna_results/trial_35/metrics/validation_metrics.csv
2025-04-25 04:27:25,419 - spatial_moe_trainer - INFO - Multi-Ethnic Spatial MoE model saved to ./optuna_results/trial_35/model.pt
2025-04-25 04:27:25,452 - __mp_main__ - INFO - Running trial 36 on device cuda:0
2025-04-25 04:27:25,468 - __main__ - INFO - Trial 35 completed with value: 571.140178
2025-04-25 04:27:25,654 - __mp_main__ - INFO - Using adjusted dimensions - hidden_dims: [68, 32, 32], coord_embed_dim: 20
2025-04-25 04:27:25,700 - spatial_moe_trainer - INFO - Multi-Ethnic Spatial MoE model initialized on cuda:0
2025-04-25 04:27:25,700 - spatial_moe_trainer - INFO - Model will predict 5 ethnicities: ['China', 'India', 'Philippines', 'Portugal', 'Sri Lanka']
2025-04-25 04:27:25,720 - __mp_main__ - INFO - Testing model forward pass before training...
2025-04-25 04:27:25,882 - __mp_main__ - INFO - Test forward pass successful. Output shape: torch.Size([64, 5])
2025-04-25 04:27:25,882 - spatial_moe_trainer - INFO - Starting multi-ethnic spatial MoE model training with learnable expert router...
2025-04-25 04:27:25,882 - spatial_moe_trainer - INFO - Using colonization_weight=1.8734739437224346, jump_weight=8.211508292195713, decline_weight=1.9168478036759773, pde_weight=3.0865025204944243
2025-04-25 04:27:48,474 - spatial_moe_trainer - INFO - Epoch 1/100 - Train Loss: 1641.7808 (Col: 1014.9755, Jump: 917.2147, Decline: 179.8806, PDE: 5600.8716, Reg: 22732.2466), Eth Losses: China: 2780.2894, India: 1319.2852, Philippines: 2191.5707... (more ethnicities), Val Loss: 1503.2574, Val MAE: 17.8186, Val R2: 0.4813
2025-04-25 04:28:10,966 - spatial_moe_trainer - INFO - Epoch 2/100 - Train Loss: 1248.2619 (Col: 665.2425, Jump: 570.9352, Decline: 154.6068, PDE: 4741.8457, Reg: 17780.5595), Eth Losses: China: 2025.5871, India: 1075.0422, Philippines: 1785.9645... (more ethnicities), Val Loss: 1149.0393, Val MAE: 17.0387, Val R2: 0.6035
2025-04-25 04:28:33,326 - spatial_moe_trainer - INFO - Epoch 3/100 - Train Loss: 1011.3519 (Col: 462.6286, Jump: 433.4556, Decline: 138.6614, PDE: 4149.7117, Reg: 16776.0131), Eth Losses: China: 1550.0260, India: 938.4772, Philippines: 1453.7393... (more ethnicities), Val Loss: 1097.1029, Val MAE: 16.0055, Val R2: 0.6214
2025-04-25 04:28:55,713 - spatial_moe_trainer - INFO - Epoch 4/100 - Train Loss: 845.2973 (Col: 298.7363, Jump: 408.7561, Decline: 133.4033, PDE: 3883.4742, Reg: 10510.1705), Eth Losses: China: 1293.9736, India: 879.3081, Philippines: 1235.7456... (more ethnicities), Val Loss: 1104.3769, Val MAE: 16.2881, Val R2: 0.6189
2025-04-25 04:29:18,301 - spatial_moe_trainer - INFO - Epoch 5/100 - Train Loss: 838.5301 (Col: 257.7306, Jump: 355.3920, Decline: 130.9175, PDE: 3821.9689, Reg: 20748.7646), Eth Losses: China: 1358.2903, India: 842.1388, Philippines: 1193.3865... (more ethnicities), Val Loss: 1019.8793, Val MAE: 15.6185, Val R2: 0.6481
2025-04-25 04:29:40,993 - spatial_moe_trainer - INFO - Epoch 6/100 - Train Loss: 740.7057 (Col: 227.5372, Jump: 440.1216, Decline: 125.2606, PDE: 3465.2506, Reg: 10719.3020), Eth Losses: China: 1146.5735, India: 774.5338, Philippines: 1044.5904... (more ethnicities), Val Loss: 1017.8378, Val MAE: 15.4467, Val R2: 0.6488
2025-04-25 04:30:03,527 - spatial_moe_trainer - INFO - Epoch 7/100 - Train Loss: 733.4630 (Col: 234.7577, Jump: 287.6019, Decline: 121.3402, PDE: 3322.0243, Reg: 21310.5625), Eth Losses: China: 1230.6616, India: 721.8321, Philippines: 995.4885... (more ethnicities), Val Loss: 1062.0891, Val MAE: 15.0407, Val R2: 0.6335
2025-04-25 04:30:26,089 - spatial_moe_trainer - INFO - Epoch 8/100 - Train Loss: 688.9441 (Col: 218.7306, Jump: 287.1742, Decline: 118.4547, PDE: 3090.8129, Reg: 15894.0690), Eth Losses: China: 1123.0729, India: 735.8167, Philippines: 869.6196... (more ethnicities), Val Loss: 979.2413, Val MAE: 14.9174, Val R2: 0.6621
2025-04-25 04:30:48,413 - spatial_moe_trainer - INFO - Epoch 9/100 - Train Loss: 629.3553 (Col: 199.0850, Jump: 285.6697, Decline: 112.8337, PDE: 2920.8154, Reg: 10205.0221), Eth Losses: China: 968.9121, India: 678.6277, Philippines: 835.7774... (more ethnicities), Val Loss: 951.3738, Val MAE: 15.2369, Val R2: 0.6717
2025-04-25 04:31:10,858 - spatial_moe_trainer - INFO - Epoch 10/100 - Train Loss: 607.5598 (Col: 209.3737, Jump: 236.3513, Decline: 115.2575, PDE: 2724.9420, Reg: 13301.0760), Eth Losses: China: 922.5952, India: 644.4487, Philippines: 813.2945... (more ethnicities), Val Loss: 849.8607, Val MAE: 14.1212, Val R2: 0.7067
2025-04-25 04:31:33,251 - spatial_moe_trainer - INFO - Trial pruned at epoch 11
2025-04-25 04:31:33,260 - spatial_moe_trainer - INFO - Saving metrics to ./optuna_results/trial_36/metrics
2025-04-25 04:31:33,262 - spatial_moe_trainer - INFO - Training metrics saved to ./optuna_results/trial_36/metrics/training_metrics.csv
2025-04-25 04:31:33,263 - spatial_moe_trainer - INFO - Validation metrics saved to ./optuna_results/trial_36/metrics/validation_metrics.csv
2025-04-25 04:31:33,301 - spatial_moe_trainer - INFO - Multi-Ethnic Spatial MoE model saved to ./optuna_results/trial_36/model.pt
2025-04-25 04:31:33,334 - __mp_main__ - INFO - Running trial 37 on device cuda:0
2025-04-25 04:31:33,349 - __main__ - INFO - Trial 36 completed with value: 849.860726
2025-04-25 04:31:33,536 - __mp_main__ - INFO - Using adjusted dimensions - hidden_dims: [70, 25, 40], coord_embed_dim: 40
2025-04-25 04:31:33,581 - spatial_moe_trainer - INFO - Multi-Ethnic Spatial MoE model initialized on cuda:0
2025-04-25 04:31:33,581 - spatial_moe_trainer - INFO - Model will predict 5 ethnicities: ['China', 'India', 'Philippines', 'Portugal', 'Sri Lanka']
2025-04-25 04:31:33,602 - __mp_main__ - INFO - Testing model forward pass before training...
2025-04-25 04:31:33,759 - __mp_main__ - INFO - Test forward pass successful. Output shape: torch.Size([64, 5])
2025-04-25 04:31:33,759 - spatial_moe_trainer - INFO - Starting multi-ethnic spatial MoE model training with learnable expert router...
2025-04-25 04:31:33,759 - spatial_moe_trainer - INFO - Using colonization_weight=9.29580561276194, jump_weight=8.964774613874072, decline_weight=1.9168478036759773, pde_weight=5.362735001538134
2025-04-25 04:31:56,002 - spatial_moe_trainer - INFO - Epoch 1/100 - Train Loss: 1447.6775 (Col: 959.7758, Jump: 1227.0020, Decline: 158.2828, PDE: 4637.9114, Reg: 8586.2300), Eth Losses: China: 2678.5664, India: 1126.8449, Philippines: 1664.9425... (more ethnicities), Val Loss: 1643.9578, Val MAE: 18.7486, Val R2: 0.4327
2025-04-25 04:32:18,489 - spatial_moe_trainer - INFO - Epoch 2/100 - Train Loss: 1176.8598 (Col: 710.7611, Jump: 1023.2059, Decline: 146.2998, PDE: 3991.9670, Reg: 16724.8151), Eth Losses: China: 1990.7578, India: 963.9893, Philippines: 1469.1675... (more ethnicities), Val Loss: 1171.1397, Val MAE: 16.9799, Val R2: 0.5959
2025-04-25 04:32:40,921 - spatial_moe_trainer - INFO - Epoch 3/100 - Train Loss: 993.5223 (Col: 548.8268, Jump: 849.3418, Decline: 135.1933, PDE: 3559.0327, Reg: 8538.6613), Eth Losses: China: 1470.3574, India: 921.8102, Philippines: 1308.7284... (more ethnicities), Val Loss: 1044.7248, Val MAE: 16.1792, Val R2: 0.6395
2025-04-25 04:33:03,370 - spatial_moe_trainer - INFO - Epoch 4/100 - Train Loss: 870.2619 (Col: 416.6267, Jump: 789.3860, Decline: 128.9580, PDE: 3307.8268, Reg: 11048.3850), Eth Losses: China: 1372.9371, India: 798.8302, Philippines: 1191.7497... (more ethnicities), Val Loss: 1017.4874, Val MAE: 15.6076, Val R2: 0.6489
2025-04-25 04:33:25,772 - spatial_moe_trainer - INFO - Epoch 5/100 - Train Loss: 785.9538 (Col: 310.5826, Jump: 1004.8234, Decline: 132.9545, PDE: 3204.9368, Reg: 10048.6610), Eth Losses: China: 1191.6256, India: 761.0927, Philippines: 1101.6130... (more ethnicities), Val Loss: 957.6217, Val MAE: 14.8427, Val R2: 0.6696
2025-04-25 04:33:48,095 - spatial_moe_trainer - INFO - Epoch 6/100 - Train Loss: 716.3598 (Col: 234.7567, Jump: 770.5007, Decline: 123.6561, PDE: 3062.7082, Reg: 9084.7790), Eth Losses: China: 1111.1739, India: 714.8019, Philippines: 996.2061... (more ethnicities), Val Loss: 913.1618, Val MAE: 14.7162, Val R2: 0.6849
2025-04-25 04:34:10,697 - spatial_moe_trainer - INFO - Epoch 7/100 - Train Loss: 682.7139 (Col: 200.6089, Jump: 854.8010, Decline: 122.7695, PDE: 2971.9062, Reg: 12883.6063), Eth Losses: China: 1064.7636, India: 685.3925, Philippines: 966.6228... (more ethnicities), Val Loss: 960.2310, Val MAE: 14.7350, Val R2: 0.6687
2025-04-25 04:34:33,178 - spatial_moe_trainer - INFO - Epoch 8/100 - Train Loss: 641.4296 (Col: 191.4433, Jump: 703.8256, Decline: 116.4015, PDE: 2827.9514, Reg: 9293.5221), Eth Losses: China: 973.8376, India: 649.3959, Philippines: 905.3481... (more ethnicities), Val Loss: 912.8896, Val MAE: 14.5652, Val R2: 0.6850
2025-04-25 04:34:55,517 - spatial_moe_trainer - INFO - Epoch 9/100 - Train Loss: 628.1053 (Col: 191.1474, Jump: 749.5361, Decline: 121.4874, PDE: 2757.9326, Reg: 8016.5069), Eth Losses: China: 966.7916, India: 610.4948, Philippines: 882.2402... (more ethnicities), Val Loss: 947.5942, Val MAE: 14.6582, Val R2: 0.6730
2025-04-25 04:35:17,920 - spatial_moe_trainer - INFO - Epoch 10/100 - Train Loss: 614.2933 (Col: 191.4658, Jump: 726.7315, Decline: 116.9666, PDE: 2693.0259, Reg: 8832.7284), Eth Losses: China: 917.3026, India: 637.4557, Philippines: 855.4813... (more ethnicities), Val Loss: 890.0771, Val MAE: 14.3329, Val R2: 0.6929
2025-04-25 04:35:40,419 - spatial_moe_trainer - INFO - Trial pruned at epoch 11
2025-04-25 04:35:40,427 - spatial_moe_trainer - INFO - Saving metrics to ./optuna_results/trial_37/metrics
2025-04-25 04:35:40,429 - spatial_moe_trainer - INFO - Training metrics saved to ./optuna_results/trial_37/metrics/training_metrics.csv
2025-04-25 04:35:40,431 - spatial_moe_trainer - INFO - Validation metrics saved to ./optuna_results/trial_37/metrics/validation_metrics.csv
2025-04-25 04:35:40,469 - spatial_moe_trainer - INFO - Multi-Ethnic Spatial MoE model saved to ./optuna_results/trial_37/model.pt
2025-04-25 04:35:40,504 - __mp_main__ - INFO - Running trial 38 on device cuda:0
2025-04-25 04:35:40,519 - __main__ - INFO - Trial 37 completed with value: 883.252665
2025-04-25 04:35:40,704 - __mp_main__ - INFO - Using adjusted dimensions - hidden_dims: [66, 27, 9], coord_embed_dim: 15
2025-04-25 04:35:40,750 - spatial_moe_trainer - INFO - Multi-Ethnic Spatial MoE model initialized on cuda:0
2025-04-25 04:35:40,750 - spatial_moe_trainer - INFO - Model will predict 5 ethnicities: ['China', 'India', 'Philippines', 'Portugal', 'Sri Lanka']
2025-04-25 04:35:40,771 - __mp_main__ - INFO - Testing model forward pass before training...
2025-04-25 04:35:40,929 - __mp_main__ - INFO - Test forward pass successful. Output shape: torch.Size([64, 5])
2025-04-25 04:35:40,930 - spatial_moe_trainer - INFO - Starting multi-ethnic spatial MoE model training with learnable expert router...
2025-04-25 04:35:40,930 - spatial_moe_trainer - INFO - Using colonization_weight=7.546938907579479, jump_weight=1.1712315497502326, decline_weight=4.592295243542054, pde_weight=4.311384767224739
2025-04-25 04:36:03,390 - spatial_moe_trainer - INFO - Epoch 1/100 - Train Loss: 1059.2623 (Col: 824.9563, Jump: 665.2154, Decline: 136.9675, PDE: 2889.4682, Reg: 5882.7743), Eth Losses: China: 1999.6082, India: 718.7229, Philippines: 1015.6284... (more ethnicities), Val Loss: 1116.0053, Val MAE: 15.6750, Val R2: 0.6149
2025-04-25 04:36:25,881 - spatial_moe_trainer - INFO - Epoch 2/100 - Train Loss: 660.9786 (Col: 485.9278, Jump: 445.2223, Decline: 115.1206, PDE: 1840.6596, Reg: 4824.8525), Eth Losses: China: 1178.3116, India: 553.9678, Philippines: 587.8270... (more ethnicities), Val Loss: 937.1245, Val MAE: 14.1622, Val R2: 0.6766
2025-04-25 04:36:48,272 - spatial_moe_trainer - INFO - Epoch 3/100 - Train Loss: 492.8798 (Col: 260.2696, Jump: 423.9476, Decline: 107.1708, PDE: 1708.1503, Reg: 5129.1410), Eth Losses: China: 883.2369, India: 463.3672, Philippines: 521.0379... (more ethnicities), Val Loss: 917.5763, Val MAE: 14.1557, Val R2: 0.6834
2025-04-25 04:37:10,831 - spatial_moe_trainer - INFO - Epoch 4/100 - Train Loss: 442.3057 (Col: 221.3830, Jump: 388.8512, Decline: 108.7638, PDE: 1568.7154, Reg: 4099.0845), Eth Losses: China: 652.7821, India: 438.0828, Philippines: 515.3410... (more ethnicities), Val Loss: 860.1929, Val MAE: 13.8462, Val R2: 0.7032
2025-04-25 04:37:33,268 - spatial_moe_trainer - INFO - Epoch 5/100 - Train Loss: 433.8206 (Col: 221.4083, Jump: 377.4971, Decline: 109.1939, PDE: 1492.7459, Reg: 4196.6441), Eth Losses: China: 712.0381, India: 399.8926, Philippines: 462.0134... (more ethnicities), Val Loss: 838.3104, Val MAE: 13.9788, Val R2: 0.7107
2025-04-25 04:37:55,652 - spatial_moe_trainer - INFO - Epoch 6/100 - Train Loss: 428.8844 (Col: 229.2154, Jump: 331.7602, Decline: 97.9111, PDE: 1516.9380, Reg: 3791.1848), Eth Losses: China: 705.3129, India: 397.0830, Philippines: 441.4229... (more ethnicities), Val Loss: 793.9878, Val MAE: 13.2603, Val R2: 0.7260
2025-04-25 04:38:18,016 - spatial_moe_trainer - INFO - Epoch 7/100 - Train Loss: 376.1260 (Col: 181.6271, Jump: 325.5512, Decline: 103.8292, PDE: 1358.5493, Reg: 3823.6898), Eth Losses: China: 508.9585, India: 388.3613, Philippines: 404.4012... (more ethnicities), Val Loss: 812.7990, Val MAE: 13.5342, Val R2: 0.7195
2025-04-25 04:38:40,558 - spatial_moe_trainer - INFO - Epoch 8/100 - Train Loss: 383.1936 (Col: 181.2856, Jump: 300.2156, Decline: 109.4319, PDE: 1308.2106, Reg: 4074.6215), Eth Losses: China: 608.8367, India: 349.4037, Philippines: 411.2254... (more ethnicities), Val Loss: 796.2823, Val MAE: 13.4355, Val R2: 0.7252
2025-04-25 04:39:02,994 - spatial_moe_trainer - INFO - Epoch 9/100 - Train Loss: 369.2731 (Col: 198.1349, Jump: 309.2314, Decline: 92.5189, PDE: 1284.4517, Reg: 3539.1726), Eth Losses: China: 595.8237, India: 350.5923, Philippines: 395.5638... (more ethnicities), Val Loss: 776.5986, Val MAE: 13.5074, Val R2: 0.7320
2025-04-25 04:39:25,498 - spatial_moe_trainer - INFO - Epoch 10/100 - Train Loss: 327.6905 (Col: 145.8911, Jump: 255.0580, Decline: 114.3806, PDE: 1209.9058, Reg: 3299.7220), Eth Losses: China: 477.1901, India: 293.1705, Philippines: 368.1116... (more ethnicities), Val Loss: 694.2472, Val MAE: 12.8336, Val R2: 0.7604
2025-04-25 04:39:47,836 - spatial_moe_trainer - INFO - Epoch 11/100 - Train Loss: 307.5548 (Col: 137.5937, Jump: 249.0126, Decline: 97.1381, PDE: 1205.2901, Reg: 2312.7652), Eth Losses: China: 415.4338, India: 317.6548, Philippines: 333.0617... (more ethnicities), Val Loss: 732.1503, Val MAE: 12.9160, Val R2: 0.7474
2025-04-25 04:40:10,323 - spatial_moe_trainer - INFO - Epoch 12/100 - Train Loss: 293.0181 (Col: 123.7227, Jump: 253.9373, Decline: 101.9080, PDE: 1073.5857, Reg: 3084.3957), Eth Losses: China: 439.3923, India: 281.1300, Philippines: 320.6449... (more ethnicities), Val Loss: 740.5914, Val MAE: 12.8063, Val R2: 0.7444
2025-04-25 04:40:32,822 - spatial_moe_trainer - INFO - Epoch 13/100 - Train Loss: 282.1329 (Col: 131.1975, Jump: 231.7606, Decline: 96.6606, PDE: 1038.1484, Reg: 2552.3137), Eth Losses: China: 407.3283, India: 270.7285, Philippines: 312.0546... (more ethnicities), Val Loss: 716.8984, Val MAE: 12.7668, Val R2: 0.7526
2025-04-25 04:40:55,308 - spatial_moe_trainer - INFO - Epoch 14/100 - Train Loss: 285.6857 (Col: 151.8608, Jump: 213.9373, Decline: 101.1015, PDE: 990.0436, Reg: 2395.7977), Eth Losses: China: 436.1618, India: 275.0422, Philippines: 269.8074... (more ethnicities), Val Loss: 688.0597, Val MAE: 12.6685, Val R2: 0.7626
2025-04-25 04:41:17,861 - spatial_moe_trainer - INFO - Epoch 15/100 - Train Loss: 262.1044 (Col: 118.9404, Jump: 204.7896, Decline: 99.1572, PDE: 970.7612, Reg: 2431.4375), Eth Losses: China: 374.2617, India: 249.8841, Philippines: 269.2342... (more ethnicities), Val Loss: 665.1784, Val MAE: 12.3953, Val R2: 0.7705
2025-04-25 04:41:40,341 - spatial_moe_trainer - INFO - Epoch 16/100 - Train Loss: 281.7608 (Col: 120.3595, Jump: 214.1470, Decline: 112.3507, PDE: 1051.5146, Reg: 2805.3703), Eth Losses: China: 411.6165, India: 260.2226, Philippines: 256.1141... (more ethnicities), Val Loss: 667.6784, Val MAE: 12.4224, Val R2: 0.7696
2025-04-25 04:42:02,742 - spatial_moe_trainer - INFO - Epoch 17/100 - Train Loss: 270.0660 (Col: 118.2151, Jump: 197.2040, Decline: 107.2742, PDE: 909.0252, Reg: 3849.8141), Eth Losses: China: 376.3406, India: 258.7700, Philippines: 246.1092... (more ethnicities), Val Loss: 725.4456, Val MAE: 12.6733, Val R2: 0.7497
2025-04-25 04:42:25,117 - spatial_moe_trainer - INFO - Epoch 18/100 - Train Loss: 245.9861 (Col: 104.4230, Jump: 191.4171, Decline: 97.8140, PDE: 922.6609, Reg: 2277.1785), Eth Losses: China: 375.0903, India: 230.4255, Philippines: 227.5739... (more ethnicities), Val Loss: 664.8857, Val MAE: 12.3926, Val R2: 0.7706
2025-04-25 04:42:47,523 - spatial_moe_trainer - INFO - Epoch 19/100 - Train Loss: 239.9096 (Col: 103.4861, Jump: 186.3972, Decline: 99.2146, PDE: 887.2511, Reg: 2088.1607), Eth Losses: China: 326.0221, India: 224.2786, Philippines: 247.1514... (more ethnicities), Val Loss: 630.5856, Val MAE: 12.2552, Val R2: 0.7824
2025-04-25 04:43:09,927 - spatial_moe_trainer - INFO - Epoch 20/100 - Train Loss: 242.6562 (Col: 88.5340, Jump: 188.2846, Decline: 83.2155, PDE: 848.0627, Reg: 4213.8957), Eth Losses: China: 421.9182, India: 208.9495, Philippines: 217.6704... (more ethnicities), Val Loss: 684.4672, Val MAE: 12.4561, Val R2: 0.7638
2025-04-25 04:43:32,415 - spatial_moe_trainer - INFO - Epoch 21/100 - Train Loss: 216.6157 (Col: 101.1150, Jump: 184.6532, Decline: 77.5353, PDE: 807.6155, Reg: 1843.6772), Eth Losses: China: 339.1745, India: 211.4439, Philippines: 199.1638... (more ethnicities), Val Loss: 644.5249, Val MAE: 12.3238, Val R2: 0.7776
2025-04-25 04:43:55,093 - spatial_moe_trainer - INFO - Epoch 22/100 - Train Loss: 228.7522 (Col: 85.9532, Jump: 177.9412, Decline: 89.1811, PDE: 868.7440, Reg: 2529.2721), Eth Losses: China: 297.7603, India: 275.2443, Philippines: 200.6294... (more ethnicities), Val Loss: 638.4513, Val MAE: 12.1358, Val R2: 0.7797
2025-04-25 04:44:17,469 - spatial_moe_trainer - INFO - Epoch 23/100 - Train Loss: 209.8615 (Col: 75.5485, Jump: 172.9575, Decline: 83.1717, PDE: 838.8113, Reg: 2291.7128), Eth Losses: China: 307.8075, India: 208.3985, Philippines: 208.7591... (more ethnicities), Val Loss: 662.2496, Val MAE: 12.0606, Val R2: 0.7715
2025-04-25 04:44:39,951 - spatial_moe_trainer - INFO - Epoch 24/100 - Train Loss: 213.8407 (Col: 72.2407, Jump: 184.2865, Decline: 99.7884, PDE: 794.9049, Reg: 2809.4315), Eth Losses: China: 341.9613, India: 202.7698, Philippines: 194.0948... (more ethnicities), Val Loss: 665.1494, Val MAE: 12.0366, Val R2: 0.7705
2025-04-25 04:45:02,443 - spatial_moe_trainer - INFO - Epoch 25/100 - Train Loss: 218.2197 (Col: 99.0782, Jump: 173.2817, Decline: 106.7207, PDE: 795.7861, Reg: 1755.3962), Eth Losses: China: 284.8448, India: 188.3980, Philippines: 184.9693... (more ethnicities), Val Loss: 694.8071, Val MAE: 12.2779, Val R2: 0.7602
2025-04-25 04:45:24,998 - spatial_moe_trainer - INFO - Epoch 26/100 - Train Loss: 222.4610 (Col: 70.6393, Jump: 164.6118, Decline: 138.4346, PDE: 830.3109, Reg: 4802.7611), Eth Losses: China: 290.4766, India: 178.0010, Philippines: 187.4964... (more ethnicities), Val Loss: 679.6900, Val MAE: 12.3784, Val R2: 0.7655
2025-04-25 04:45:47,453 - spatial_moe_trainer - INFO - Epoch 27/100 - Train Loss: 214.6314 (Col: 57.0126, Jump: 168.7614, Decline: 126.1116, PDE: 826.2945, Reg: 2628.6511), Eth Losses: China: 289.6326, India: 166.8985, Philippines: 172.1385... (more ethnicities), Val Loss: 683.6756, Val MAE: 12.3542, Val R2: 0.7641
2025-04-25 04:46:09,966 - spatial_moe_trainer - INFO - Epoch 28/100 - Train Loss: 229.9101 (Col: 56.2426, Jump: 163.2000, Decline: 167.5775, PDE: 887.5517, Reg: 2691.0136), Eth Losses: China: 270.2951, India: 173.5807, Philippines: 177.2283... (more ethnicities), Val Loss: 679.1569, Val MAE: 12.4602, Val R2: 0.7656
2025-04-25 04:46:32,426 - spatial_moe_trainer - INFO - Epoch 29/100 - Train Loss: 238.1308 (Col: 56.6767, Jump: 164.7026, Decline: 209.5340, PDE: 940.0791, Reg: 3906.9194), Eth Losses: China: 225.1053, India: 175.6975, Philippines: 161.6692... (more ethnicities), Val Loss: 688.7005, Val MAE: 12.5270, Val R2: 0.7624
2025-04-25 04:46:32,426 - spatial_moe_trainer - INFO - Early stopping at epoch 29
2025-04-25 04:46:32,442 - spatial_moe_trainer - INFO - Saving metrics to ./optuna_results/trial_38/metrics
2025-04-25 04:46:32,445 - spatial_moe_trainer - INFO - Training metrics saved to ./optuna_results/trial_38/metrics/training_metrics.csv
2025-04-25 04:46:32,447 - spatial_moe_trainer - INFO - Validation metrics saved to ./optuna_results/trial_38/metrics/validation_metrics.csv
2025-04-25 04:46:32,484 - spatial_moe_trainer - INFO - Multi-Ethnic Spatial MoE model saved to ./optuna_results/trial_38/model.pt
2025-04-25 04:46:32,517 - __mp_main__ - INFO - Running trial 39 on device cuda:0
2025-04-25 04:46:32,533 - __main__ - INFO - Trial 38 completed with value: 630.585636
2025-04-25 04:46:32,719 - __mp_main__ - INFO - Using adjusted dimensions - hidden_dims: [64, 32, 20], coord_embed_dim: 24
2025-04-25 04:46:32,907 - spatial_moe_trainer - INFO - Multi-Ethnic Spatial MoE model initialized on cuda:0
2025-04-25 04:46:32,907 - spatial_moe_trainer - INFO - Model will predict 5 ethnicities: ['China', 'India', 'Philippines', 'Portugal', 'Sri Lanka']
2025-04-25 04:46:32,928 - __mp_main__ - INFO - Testing model forward pass before training...
2025-04-25 04:46:33,087 - __mp_main__ - INFO - Test forward pass successful. Output shape: torch.Size([64, 5])
2025-04-25 04:46:33,087 - spatial_moe_trainer - INFO - Starting multi-ethnic spatial MoE model training with learnable expert router...
2025-04-25 04:46:33,087 - spatial_moe_trainer - INFO - Using colonization_weight=8.482144298753457, jump_weight=2.2703898624335253, decline_weight=1.634113095190201, pde_weight=6.4646584662990305
2025-04-25 04:46:55,589 - spatial_moe_trainer - INFO - Epoch 1/100 - Train Loss: 1057.4420 (Col: 866.1682, Jump: 768.6919, Decline: 64.0353, PDE: 2051.5193, Reg: 4597.2806), Eth Losses: China: 1845.7912, India: 832.4770, Philippines: 1016.1668... (more ethnicities), Val Loss: 1169.2769, Val MAE: 16.4314, Val R2: 0.5965
2025-04-25 04:47:18,170 - spatial_moe_trainer - INFO - Epoch 2/100 - Train Loss: 699.1099 (Col: 562.9273, Jump: 595.1779, Decline: 57.2246, PDE: 1318.9677, Reg: 3996.5123), Eth Losses: China: 1037.9715, India: 615.2532, Philippines: 685.2107... (more ethnicities), Val Loss: 987.1633, Val MAE: 14.9847, Val R2: 0.6594
2025-04-25 04:47:40,789 - spatial_moe_trainer - INFO - Epoch 3/100 - Train Loss: 532.1461 (Col: 327.5931, Jump: 515.9348, Decline: 54.8846, PDE: 1126.2331, Reg: 4018.0460), Eth Losses: China: 780.3583, India: 533.2159, Philippines: 577.8506... (more ethnicities), Val Loss: 890.4285, Val MAE: 14.2417, Val R2: 0.6927
2025-04-25 04:48:03,293 - spatial_moe_trainer - INFO - Epoch 4/100 - Train Loss: 496.1396 (Col: 251.9115, Jump: 505.4050, Decline: 54.2784, PDE: 1025.7228, Reg: 5778.1321), Eth Losses: China: 816.4855, India: 560.6689, Philippines: 489.3065... (more ethnicities), Val Loss: 831.0910, Val MAE: 14.2958, Val R2: 0.7132
2025-04-25 04:48:25,820 - spatial_moe_trainer - INFO - Epoch 5/100 - Train Loss: 432.4832 (Col: 211.6072, Jump: 456.9491, Decline: 52.5100, PDE: 967.0571, Reg: 4586.8922), Eth Losses: China: 652.8962, India: 540.6415, Philippines: 462.9681... (more ethnicities), Val Loss: 885.6353, Val MAE: 14.1727, Val R2: 0.6944
2025-04-25 04:48:48,350 - spatial_moe_trainer - INFO - Epoch 6/100 - Train Loss: 415.8729 (Col: 207.2592, Jump: 426.8265, Decline: 52.6806, PDE: 923.7376, Reg: 3780.4885), Eth Losses: China: 584.5610, India: 493.2421, Philippines: 445.5132... (more ethnicities), Val Loss: 844.9746, Val MAE: 13.8668, Val R2: 0.7084
2025-04-25 04:49:10,995 - spatial_moe_trainer - INFO - Epoch 7/100 - Train Loss: 403.0853 (Col: 175.7729, Jump: 426.4024, Decline: 50.7955, PDE: 889.5461, Reg: 4482.3819), Eth Losses: China: 522.5489, India: 499.8338, Philippines: 425.8815... (more ethnicities), Val Loss: 856.3020, Val MAE: 13.7877, Val R2: 0.7045
2025-04-25 04:49:33,493 - spatial_moe_trainer - INFO - Epoch 8/100 - Train Loss: 335.7964 (Col: 157.2672, Jump: 362.5412, Decline: 49.1560, PDE: 874.9385, Reg: 2557.7229), Eth Losses: China: 475.3244, India: 376.4396, Philippines: 405.6756... (more ethnicities), Val Loss: 812.5665, Val MAE: 13.5229, Val R2: 0.7196
2025-04-25 04:49:55,899 - spatial_moe_trainer - INFO - Epoch 9/100 - Train Loss: 355.4381 (Col: 142.3730, Jump: 395.7452, Decline: 48.1072, PDE: 846.9327, Reg: 4161.4738), Eth Losses: China: 545.0553, India: 407.5409, Philippines: 370.8598... (more ethnicities), Val Loss: 766.5688, Val MAE: 13.5791, Val R2: 0.7355
2025-04-25 04:50:18,443 - spatial_moe_trainer - INFO - Epoch 10/100 - Train Loss: 334.7719 (Col: 148.9766, Jump: 354.3762, Decline: 46.4912, PDE: 879.6447, Reg: 2697.9846), Eth Losses: China: 427.6026, India: 359.4836, Philippines: 383.8363... (more ethnicities), Val Loss: 787.6298, Val MAE: 13.4949, Val R2: 0.7282
2025-04-25 04:50:41,094 - spatial_moe_trainer - INFO - Epoch 11/100 - Train Loss: 326.0936 (Col: 155.3910, Jump: 339.5124, Decline: 46.3822, PDE: 860.0430, Reg: 2541.8113), Eth Losses: China: 497.7139, India: 307.4306, Philippines: 397.6007... (more ethnicities), Val Loss: 737.6249, Val MAE: 13.2177, Val R2: 0.7455
2025-04-25 04:51:03,615 - spatial_moe_trainer - INFO - Epoch 12/100 - Train Loss: 300.7171 (Col: 132.0405, Jump: 338.9288, Decline: 46.0755, PDE: 803.5622, Reg: 2554.1362), Eth Losses: China: 400.2195, India: 298.1805, Philippines: 387.7448... (more ethnicities), Val Loss: 823.6856, Val MAE: 13.4693, Val R2: 0.7158
2025-04-25 04:51:26,161 - spatial_moe_trainer - INFO - Epoch 13/100 - Train Loss: 283.5892 (Col: 124.4157, Jump: 319.3626, Decline: 46.5553, PDE: 765.8985, Reg: 2226.8132), Eth Losses: China: 378.0416, India: 301.5704, Philippines: 337.7762... (more ethnicities), Val Loss: 860.7477, Val MAE: 13.7788, Val R2: 0.7030
2025-04-25 04:51:48,678 - spatial_moe_trainer - INFO - Epoch 14/100 - Train Loss: 293.5608 (Col: 137.4879, Jump: 333.2330, Decline: 46.8559, PDE: 779.4722, Reg: 2604.9930), Eth Losses: China: 423.6875, India: 259.4072, Philippines: 342.7634... (more ethnicities), Val Loss: 765.6169, Val MAE: 13.4388, Val R2: 0.7358
2025-04-25 04:52:11,281 - spatial_moe_trainer - INFO - Trial pruned at epoch 15
2025-04-25 04:52:11,289 - spatial_moe_trainer - INFO - Saving metrics to ./optuna_results/trial_39/metrics
2025-04-25 04:52:11,291 - spatial_moe_trainer - INFO - Training metrics saved to ./optuna_results/trial_39/metrics/training_metrics.csv
2025-04-25 04:52:11,293 - spatial_moe_trainer - INFO - Validation metrics saved to ./optuna_results/trial_39/metrics/validation_metrics.csv
2025-04-25 04:52:11,330 - spatial_moe_trainer - INFO - Multi-Ethnic Spatial MoE model saved to ./optuna_results/trial_39/model.pt
2025-04-25 04:52:11,364 - __mp_main__ - INFO - Running trial 40 on device cuda:0
2025-04-25 04:52:11,379 - __main__ - INFO - Trial 39 completed with value: 737.624874
2025-04-25 04:52:11,560 - __mp_main__ - INFO - Using adjusted dimensions - hidden_dims: [60, 12, 21], coord_embed_dim: 9
2025-04-25 04:52:11,606 - spatial_moe_trainer - INFO - Multi-Ethnic Spatial MoE model initialized on cuda:0
2025-04-25 04:52:11,606 - spatial_moe_trainer - INFO - Model will predict 5 ethnicities: ['China', 'India', 'Philippines', 'Portugal', 'Sri Lanka']
2025-04-25 04:52:11,626 - __mp_main__ - INFO - Testing model forward pass before training...
2025-04-25 04:52:11,787 - __mp_main__ - INFO - Test forward pass successful. Output shape: torch.Size([64, 5])
2025-04-25 04:52:11,788 - spatial_moe_trainer - INFO - Starting multi-ethnic spatial MoE model training with learnable expert router...
2025-04-25 04:52:11,788 - spatial_moe_trainer - INFO - Using colonization_weight=5.928024169633634, jump_weight=8.964774613874072, decline_weight=3.3604424093201826, pde_weight=3.0865025204944243
2025-04-25 04:52:34,144 - spatial_moe_trainer - INFO - Epoch 1/100 - Train Loss: 1554.2458 (Col: 958.0164, Jump: 1353.2207, Decline: 57.5426, PDE: 3937.2752, Reg: 23008.1912), Eth Losses: China: 2579.8541, India: 1129.5089, Philippines: 2140.9765... (more ethnicities), Val Loss: 1474.7397, Val MAE: 17.3215, Val R2: 0.4911
2025-04-25 04:52:56,756 - spatial_moe_trainer - INFO - Epoch 2/100 - Train Loss: 1230.0797 (Col: 661.3301, Jump: 906.2175, Decline: 49.3073, PDE: 3260.4534, Reg: 16717.8774), Eth Losses: China: 1929.7278, India: 856.8185, Philippines: 1841.2738... (more ethnicities), Val Loss: 1175.5884, Val MAE: 16.2358, Val R2: 0.5943
2025-04-25 04:53:19,233 - spatial_moe_trainer - INFO - Epoch 3/100 - Train Loss: 979.1147 (Col: 427.4681, Jump: 806.1498, Decline: 47.3009, PDE: 2793.1365, Reg: 22378.8957), Eth Losses: China: 1471.8166, India: 764.7734, Philippines: 1442.1965... (more ethnicities), Val Loss: 1019.1393, Val MAE: 15.0273, Val R2: 0.6483
2025-04-25 04:53:41,771 - spatial_moe_trainer - INFO - Epoch 4/100 - Train Loss: 796.4348 (Col: 242.2446, Jump: 517.9278, Decline: 47.4215, PDE: 2615.8829, Reg: 12668.0988), Eth Losses: China: 1154.0200, India: 689.1060, Philippines: 1250.5726... (more ethnicities), Val Loss: 979.2588, Val MAE: 14.9652, Val R2: 0.6621
2025-04-25 04:54:04,235 - spatial_moe_trainer - INFO - Epoch 5/100 - Train Loss: 722.4148 (Col: 194.4873, Jump: 545.6882, Decline: 45.7734, PDE: 2414.0063, Reg: 11885.2256), Eth Losses: China: 1054.9160, India: 685.4830, Philippines: 1025.9262... (more ethnicities), Val Loss: 937.0057, Val MAE: 14.4436, Val R2: 0.6767
2025-04-25 04:54:26,691 - spatial_moe_trainer - INFO - Epoch 6/100 - Train Loss: 686.2754 (Col: 175.9730, Jump: 388.1965, Decline: 47.7043, PDE: 2249.6728, Reg: 14183.5074), Eth Losses: China: 1019.3591, India: 599.5094, Philippines: 1029.7296... (more ethnicities), Val Loss: 874.5789, Val MAE: 14.2661, Val R2: 0.6982
2025-04-25 04:54:49,211 - spatial_moe_trainer - INFO - Epoch 7/100 - Train Loss: 661.0585 (Col: 178.9840, Jump: 386.2811, Decline: 44.8448, PDE: 2216.1907, Reg: 11225.9531), Eth Losses: China: 987.1143, India: 569.2755, Philippines: 963.0714... (more ethnicities), Val Loss: 921.5298, Val MAE: 14.0963, Val R2: 0.6820
2025-04-25 04:55:11,753 - spatial_moe_trainer - INFO - Epoch 8/100 - Train Loss: 614.5860 (Col: 164.6246, Jump: 482.2648, Decline: 44.5227, PDE: 2024.9143, Reg: 10911.1437), Eth Losses: China: 881.9064, India: 517.0765, Philippines: 875.4367... (more ethnicities), Val Loss: 918.2968, Val MAE: 14.1220, Val R2: 0.6831
2025-04-25 04:55:34,222 - spatial_moe_trainer - INFO - Epoch 9/100 - Train Loss: 597.8979 (Col: 144.4426, Jump: 331.3031, Decline: 44.9715, PDE: 2071.1024, Reg: 8763.9165), Eth Losses: China: 885.0688, India: 561.2475, Philippines: 834.0233... (more ethnicities), Val Loss: 907.5268, Val MAE: 13.8633, Val R2: 0.6868
2025-04-25 04:55:56,639 - spatial_moe_trainer - INFO - Epoch 10/100 - Train Loss: 563.9950 (Col: 132.5128, Jump: 297.8498, Decline: 51.7535, PDE: 1926.1798, Reg: 12412.0882), Eth Losses: China: 822.0484, India: 523.6770, Philippines: 797.4135... (more ethnicities), Val Loss: 905.3273, Val MAE: 13.8583, Val R2: 0.6876
2025-04-25 04:56:19,132 - spatial_moe_trainer - INFO - Epoch 11/100 - Train Loss: 542.3779 (Col: 140.2175, Jump: 281.7295, Decline: 46.8232, PDE: 1840.6259, Reg: 8128.2032), Eth Losses: China: 778.0965, India: 470.3752, Philippines: 811.9296... (more ethnicities), Val Loss: 808.0099, Val MAE: 13.4113, Val R2: 0.7212
2025-04-25 04:56:41,688 - spatial_moe_trainer - INFO - Trial pruned at epoch 12
2025-04-25 04:56:41,702 - spatial_moe_trainer - INFO - Saving metrics to ./optuna_results/trial_40/metrics
2025-04-25 04:56:41,704 - spatial_moe_trainer - INFO - Training metrics saved to ./optuna_results/trial_40/metrics/training_metrics.csv
2025-04-25 04:56:41,705 - spatial_moe_trainer - INFO - Validation metrics saved to ./optuna_results/trial_40/metrics/validation_metrics.csv
2025-04-25 04:56:41,743 - spatial_moe_trainer - INFO - Multi-Ethnic Spatial MoE model saved to ./optuna_results/trial_40/model.pt
2025-04-25 04:56:41,777 - __mp_main__ - INFO - Running trial 41 on device cuda:0
2025-04-25 04:56:41,791 - __main__ - INFO - Trial 40 completed with value: 808.009878
2025-04-25 04:56:41,979 - __mp_main__ - INFO - Using adjusted dimensions - hidden_dims: [40, 24, 28], coord_embed_dim: 16
2025-04-25 04:56:42,024 - spatial_moe_trainer - INFO - Multi-Ethnic Spatial MoE model initialized on cuda:0
2025-04-25 04:56:42,024 - spatial_moe_trainer - INFO - Model will predict 5 ethnicities: ['China', 'India', 'Philippines', 'Portugal', 'Sri Lanka']
2025-04-25 04:56:42,045 - __mp_main__ - INFO - Testing model forward pass before training...
2025-04-25 04:56:42,219 - __mp_main__ - INFO - Test forward pass successful. Output shape: torch.Size([64, 5])
2025-04-25 04:56:42,220 - spatial_moe_trainer - INFO - Starting multi-ethnic spatial MoE model training with learnable expert router...
2025-04-25 04:56:42,220 - spatial_moe_trainer - INFO - Using colonization_weight=9.900624094608554, jump_weight=5.673893761232556, decline_weight=6.117184157646198, pde_weight=9.49690218735932
2025-04-25 04:57:04,659 - spatial_moe_trainer - INFO - Epoch 1/100 - Train Loss: 1134.0120 (Col: 786.8276, Jump: 803.4429, Decline: 123.0384, PDE: 3163.4613, Reg: 9370.4942), Eth Losses: China: 2065.1521, India: 927.6270, Philippines: 1080.4160... (more ethnicities), Val Loss: 1109.6361, Val MAE: 15.9109, Val R2: 0.6171
2025-04-25 04:57:27,008 - spatial_moe_trainer - INFO - Epoch 2/100 - Train Loss: 731.6691 (Col: 378.8653, Jump: 495.2031, Decline: 104.3385, PDE: 2136.3839, Reg: 13185.5314), Eth Losses: China: 1096.9953, India: 787.4608, Philippines: 701.9260... (more ethnicities), Val Loss: 1003.2259, Val MAE: 15.1852, Val R2: 0.6538
2025-04-25 04:57:49,773 - spatial_moe_trainer - INFO - Epoch 3/100 - Train Loss: 563.6321 (Col: 251.1732, Jump: 461.6263, Decline: 103.7261, PDE: 1854.1558, Reg: 8010.6219), Eth Losses: China: 844.6024, India: 541.7567, Philippines: 604.6875... (more ethnicities), Val Loss: 863.3680, Val MAE: 14.1939, Val R2: 0.7021
2025-04-25 04:58:12,323 - spatial_moe_trainer - INFO - Epoch 4/100 - Train Loss: 505.0696 (Col: 207.6672, Jump: 374.8972, Decline: 93.8395, PDE: 1799.7838, Reg: 6105.0323), Eth Losses: China: 799.4074, India: 517.0501, Philippines: 556.9996... (more ethnicities), Val Loss: 881.3447, Val MAE: 14.2684, Val R2: 0.6959
2025-04-25 04:58:34,764 - spatial_moe_trainer - INFO - Epoch 5/100 - Train Loss: 489.4100 (Col: 196.6023, Jump: 324.7039, Decline: 96.0422, PDE: 1605.0182, Reg: 9236.2570), Eth Losses: China: 841.2419, India: 430.1846, Philippines: 577.7405... (more ethnicities), Val Loss: 877.8602, Val MAE: 14.0197, Val R2: 0.6971
2025-04-25 04:58:57,141 - spatial_moe_trainer - INFO - Epoch 6/100 - Train Loss: 414.3860 (Col: 154.7356, Jump: 328.6106, Decline: 92.4715, PDE: 1464.9097, Reg: 5558.2268), Eth Losses: China: 611.3902, India: 414.2433, Philippines: 493.5856... (more ethnicities), Val Loss: 770.1926, Val MAE: 13.7830, Val R2: 0.7342
2025-04-25 04:59:19,737 - spatial_moe_trainer - INFO - Epoch 7/100 - Train Loss: 395.8388 (Col: 152.3873, Jump: 274.0381, Decline: 88.3673, PDE: 1401.8053, Reg: 5363.1461), Eth Losses: China: 587.7524, India: 371.1422, Philippines: 476.1595... (more ethnicities), Val Loss: 786.5629, Val MAE: 13.2227, Val R2: 0.7286
2025-04-25 04:59:42,231 - spatial_moe_trainer - INFO - Epoch 8/100 - Train Loss: 371.1713 (Col: 150.4607, Jump: 259.9962, Decline: 81.7922, PDE: 1309.0655, Reg: 4865.6713), Eth Losses: China: 601.7909, India: 351.4750, Philippines: 415.3111... (more ethnicities), Val Loss: 761.5308, Val MAE: 13.4275, Val R2: 0.7372
2025-04-25 05:00:04,803 - spatial_moe_trainer - INFO - Epoch 9/100 - Train Loss: 365.9783 (Col: 154.5724, Jump: 239.3876, Decline: 84.8945, PDE: 1268.4937, Reg: 5358.4319), Eth Losses: China: 640.1315, India: 357.4547, Philippines: 365.8356... (more ethnicities), Val Loss: 746.2674, Val MAE: 12.7565, Val R2: 0.7425
2025-04-25 05:00:27,417 - spatial_moe_trainer - INFO - Epoch 10/100 - Train Loss: 314.6392 (Col: 112.2010, Jump: 221.0989, Decline: 80.7754, PDE: 1172.0678, Reg: 3696.6000), Eth Losses: China: 492.4915, India: 294.1234, Philippines: 313.6956... (more ethnicities), Val Loss: 674.8151, Val MAE: 13.0204, Val R2: 0.7671
2025-04-25 05:00:49,860 - spatial_moe_trainer - INFO - Epoch 11/100 - Train Loss: 312.6901 (Col: 135.3698, Jump: 206.5514, Decline: 83.8528, PDE: 1066.1091, Reg: 3534.6273), Eth Losses: China: 487.0343, India: 324.3749, Philippines: 316.8919... (more ethnicities), Val Loss: 641.0607, Val MAE: 12.5310, Val R2: 0.7788
2025-04-25 05:01:12,465 - spatial_moe_trainer - INFO - Epoch 12/100 - Train Loss: 283.5541 (Col: 108.5936, Jump: 191.7366, Decline: 85.6871, PDE: 949.9723, Reg: 3753.0629), Eth Losses: China: 399.0637, India: 283.1120, Philippines: 283.7077... (more ethnicities), Val Loss: 652.0625, Val MAE: 12.2001, Val R2: 0.7750
2025-04-25 05:01:34,933 - spatial_moe_trainer - INFO - Epoch 13/100 - Train Loss: 278.6526 (Col: 116.5459, Jump: 165.5774, Decline: 88.4870, PDE: 932.7185, Reg: 3356.3228), Eth Losses: China: 397.3571, India: 272.2448, Philippines: 288.4135... (more ethnicities), Val Loss: 633.8023, Val MAE: 12.2383, Val R2: 0.7813
2025-04-25 05:01:57,331 - spatial_moe_trainer - INFO - Epoch 14/100 - Train Loss: 256.2672 (Col: 104.0098, Jump: 177.8486, Decline: 86.3312, PDE: 864.1463, Reg: 2840.1016), Eth Losses: China: 378.3795, India: 247.4477, Philippines: 256.6807... (more ethnicities), Val Loss: 636.7334, Val MAE: 12.2271, Val R2: 0.7803
2025-04-25 05:02:19,829 - spatial_moe_trainer - INFO - Epoch 15/100 - Train Loss: 243.4092 (Col: 102.1552, Jump: 164.7017, Decline: 86.8029, PDE: 795.3716, Reg: 3299.5536), Eth Losses: China: 352.9106, India: 241.6296, Philippines: 258.7706... (more ethnicities), Val Loss: 738.7735, Val MAE: 12.3489, Val R2: 0.7451
2025-04-25 05:02:42,509 - spatial_moe_trainer - INFO - Epoch 16/100 - Train Loss: 232.9647 (Col: 102.4033, Jump: 159.6275, Decline: 85.0363, PDE: 734.5112, Reg: 2775.9801), Eth Losses: China: 350.8378, India: 239.6990, Philippines: 234.2271... (more ethnicities), Val Loss: 591.0182, Val MAE: 12.0544, Val R2: 0.7961
2025-04-25 05:03:04,910 - spatial_moe_trainer - INFO - Epoch 17/100 - Train Loss: 253.1052 (Col: 117.6364, Jump: 138.5880, Decline: 89.1851, PDE: 776.4095, Reg: 2713.0910), Eth Losses: China: 387.0314, India: 249.8045, Philippines: 261.9922... (more ethnicities), Val Loss: 611.9312, Val MAE: 12.2119, Val R2: 0.7888
2025-04-25 05:03:27,384 - spatial_moe_trainer - INFO - Epoch 18/100 - Train Loss: 245.3669 (Col: 95.8977, Jump: 150.5317, Decline: 89.8873, PDE: 763.0486, Reg: 3957.2706), Eth Losses: China: 376.6368, India: 240.0343, Philippines: 240.2148... (more ethnicities), Val Loss: 670.4455, Val MAE: 12.2438, Val R2: 0.7687
2025-04-25 05:03:49,847 - spatial_moe_trainer - INFO - Epoch 19/100 - Train Loss: 226.0492 (Col: 87.5413, Jump: 152.4863, Decline: 97.9956, PDE: 698.9695, Reg: 3811.9925), Eth Losses: China: 331.0836, India: 232.9210, Philippines: 218.3260... (more ethnicities), Val Loss: 628.8050, Val MAE: 12.0356, Val R2: 0.7830
2025-04-25 05:04:12,375 - spatial_moe_trainer - INFO - Epoch 20/100 - Train Loss: 241.2672 (Col: 101.1143, Jump: 139.3015, Decline: 102.4221, PDE: 704.1689, Reg: 4115.3540), Eth Losses: China: 330.9093, India: 207.0517, Philippines: 276.1035... (more ethnicities), Val Loss: 644.2862, Val MAE: 12.2483, Val R2: 0.7777
2025-04-25 05:04:34,902 - spatial_moe_trainer - INFO - Epoch 21/100 - Train Loss: 215.7088 (Col: 86.0909, Jump: 136.1932, Decline: 91.3807, PDE: 670.5201, Reg: 3553.6277), Eth Losses: China: 325.3294, India: 206.5623, Philippines: 195.2121... (more ethnicities), Val Loss: 648.3685, Val MAE: 12.1638, Val R2: 0.7763
2025-04-25 05:04:57,408 - spatial_moe_trainer - INFO - Epoch 22/100 - Train Loss: 213.1873 (Col: 74.2912, Jump: 145.2988, Decline: 91.2071, PDE: 675.7568, Reg: 3658.0104), Eth Losses: China: 304.9773, India: 212.2184, Philippines: 196.1987... (more ethnicities), Val Loss: 602.0980, Val MAE: 11.8870, Val R2: 0.7922
2025-04-25 05:05:20,176 - spatial_moe_trainer - INFO - Epoch 23/100 - Train Loss: 225.7823 (Col: 90.0246, Jump: 138.9972, Decline: 87.6369, PDE: 698.7347, Reg: 3953.4983), Eth Losses: China: 335.2215, India: 225.0229, Philippines: 228.6313... (more ethnicities), Val Loss: 607.7248, Val MAE: 11.9105, Val R2: 0.7903
2025-04-25 05:05:42,589 - spatial_moe_trainer - INFO - Epoch 24/100 - Train Loss: 188.0629 (Col: 61.1231, Jump: 145.6869, Decline: 90.2235, PDE: 623.0059, Reg: 2721.4061), Eth Losses: China: 287.5489, India: 179.3960, Philippines: 182.7739... (more ethnicities), Val Loss: 568.6353, Val MAE: 11.6367, Val R2: 0.8038
2025-04-25 05:06:05,136 - spatial_moe_trainer - INFO - Epoch 25/100 - Train Loss: 173.1185 (Col: 56.3041, Jump: 134.2166, Decline: 84.7254, PDE: 577.7028, Reg: 2659.5715), Eth Losses: China: 246.1348, India: 173.2269, Philippines: 173.4287... (more ethnicities), Val Loss: 574.1236, Val MAE: 11.5779, Val R2: 0.8019
2025-04-25 05:06:27,483 - spatial_moe_trainer - INFO - Epoch 26/100 - Train Loss: 167.4088 (Col: 55.7244, Jump: 152.5352, Decline: 87.6386, PDE: 591.7774, Reg: 1851.2973), Eth Losses: China: 250.6636, India: 158.5933, Philippines: 171.2708... (more ethnicities), Val Loss: 577.8141, Val MAE: 11.5821, Val R2: 0.8006
2025-04-25 05:06:49,815 - spatial_moe_trainer - INFO - Epoch 27/100 - Train Loss: 171.3103 (Col: 61.5819, Jump: 144.3514, Decline: 87.3407, PDE: 572.4001, Reg: 2006.1999), Eth Losses: China: 262.3262, India: 164.3506, Philippines: 168.9093... (more ethnicities), Val Loss: 586.3746, Val MAE: 11.5091, Val R2: 0.7977
2025-04-25 05:07:12,260 - spatial_moe_trainer - INFO - Epoch 28/100 - Train Loss: 161.0969 (Col: 59.8379, Jump: 130.5943, Decline: 85.0989, PDE: 539.0193, Reg: 1969.1060), Eth Losses: China: 228.7016, India: 174.6940, Philippines: 160.7294... (more ethnicities), Val Loss: 606.3906, Val MAE: 11.7131, Val R2: 0.7908
2025-04-25 05:07:34,799 - spatial_moe_trainer - INFO - Epoch 29/100 - Train Loss: 162.7041 (Col: 57.9142, Jump: 122.3570, Decline: 82.9809, PDE: 543.1605, Reg: 2117.1437), Eth Losses: China: 231.0105, India: 175.1446, Philippines: 154.4019... (more ethnicities), Val Loss: 556.8148, Val MAE: 11.6005, Val R2: 0.8079
2025-04-25 05:07:57,487 - spatial_moe_trainer - INFO - Epoch 30/100 - Train Loss: 163.6027 (Col: 63.8899, Jump: 163.0431, Decline: 84.6818, PDE: 515.3324, Reg: 2056.8391), Eth Losses: China: 245.7060, India: 163.8801, Philippines: 163.2537... (more ethnicities), Val Loss: 586.2822, Val MAE: 11.4647, Val R2: 0.7977
2025-04-25 05:08:20,013 - spatial_moe_trainer - INFO - Epoch 31/100 - Train Loss: 152.3873 (Col: 59.0715, Jump: 127.9014, Decline: 82.7697, PDE: 490.3015, Reg: 1783.8512), Eth Losses: China: 208.6193, India: 169.7143, Philippines: 153.9517... (more ethnicities), Val Loss: 540.2755, Val MAE: 11.4423, Val R2: 0.8136
2025-04-25 05:08:42,532 - spatial_moe_trainer - INFO - Epoch 32/100 - Train Loss: 151.3505 (Col: 52.8753, Jump: 134.9111, Decline: 81.4708, PDE: 516.2102, Reg: 1731.7339), Eth Losses: China: 230.6935, India: 159.7346, Philippines: 151.1498... (more ethnicities), Val Loss: 607.5943, Val MAE: 11.5421, Val R2: 0.7903
2025-04-25 05:09:05,108 - spatial_moe_trainer - INFO - Epoch 33/100 - Train Loss: 152.4447 (Col: 51.6786, Jump: 133.9124, Decline: 82.7455, PDE: 529.8240, Reg: 1792.1536), Eth Losses: China: 239.7367, India: 145.0304, Philippines: 159.8138... (more ethnicities), Val Loss: 556.7111, Val MAE: 11.4079, Val R2: 0.8079
2025-04-25 05:09:27,464 - spatial_moe_trainer - INFO - Epoch 34/100 - Train Loss: 144.9183 (Col: 53.7306, Jump: 129.1699, Decline: 82.4662, PDE: 485.2110, Reg: 1463.9673), Eth Losses: China: 204.5029, India: 154.8959, Philippines: 159.1498... (more ethnicities), Val Loss: 586.9381, Val MAE: 11.4700, Val R2: 0.7975
2025-04-25 05:09:49,928 - spatial_moe_trainer - INFO - Epoch 35/100 - Train Loss: 153.2358 (Col: 54.8541, Jump: 140.6315, Decline: 80.0538, PDE: 504.6141, Reg: 2488.3624), Eth Losses: China: 262.8036, India: 144.8798, Philippines: 160.2451... (more ethnicities), Val Loss: 599.0945, Val MAE: 11.4392, Val R2: 0.7933
2025-04-25 05:10:12,355 - spatial_moe_trainer - INFO - Epoch 36/100 - Train Loss: 148.3625 (Col: 61.5817, Jump: 136.1066, Decline: 76.4909, PDE: 484.1170, Reg: 1615.5717), Eth Losses: China: 215.2559, India: 175.5036, Philippines: 154.9395... (more ethnicities), Val Loss: 586.7416, Val MAE: 11.4178, Val R2: 0.7975
2025-04-25 05:10:34,916 - spatial_moe_trainer - INFO - Epoch 37/100 - Train Loss: 143.2165 (Col: 47.4769, Jump: 127.7869, Decline: 81.2027, PDE: 474.3515, Reg: 1551.1871), Eth Losses: China: 209.9491, India: 157.5817, Philippines: 146.9059... (more ethnicities), Val Loss: 554.3993, Val MAE: 11.4995, Val R2: 0.8087
2025-04-25 05:10:57,311 - spatial_moe_trainer - INFO - Epoch 38/100 - Train Loss: 137.8173 (Col: 48.0026, Jump: 118.3886, Decline: 81.8820, PDE: 448.5995, Reg: 1558.4443), Eth Losses: China: 219.7125, India: 150.3828, Philippines: 137.2841... (more ethnicities), Val Loss: 565.4767, Val MAE: 11.4101, Val R2: 0.8049
2025-04-25 05:11:19,892 - spatial_moe_trainer - INFO - Epoch 39/100 - Train Loss: 134.8753 (Col: 43.8811, Jump: 126.3707, Decline: 79.6057, PDE: 467.0710, Reg: 1775.1859), Eth Losses: China: 223.4020, India: 138.9775, Philippines: 130.1527... (more ethnicities), Val Loss: 551.2045, Val MAE: 11.3389, Val R2: 0.8098
2025-04-25 05:11:42,317 - spatial_moe_trainer - INFO - Epoch 40/100 - Train Loss: 130.4721 (Col: 45.2807, Jump: 113.7173, Decline: 80.8906, PDE: 421.4994, Reg: 1515.8158), Eth Losses: China: 199.8446, India: 140.3228, Philippines: 125.8920... (more ethnicities), Val Loss: 567.1791, Val MAE: 11.3349, Val R2: 0.8043
2025-04-25 05:12:04,820 - spatial_moe_trainer - INFO - Epoch 41/100 - Train Loss: 129.2690 (Col: 47.3959, Jump: 115.1118, Decline: 76.1482, PDE: 422.1955, Reg: 1271.3165), Eth Losses: China: 218.4341, India: 136.9664, Philippines: 119.8059... (more ethnicities), Val Loss: 559.3193, Val MAE: 11.4167, Val R2: 0.8070
2025-04-25 05:12:04,820 - spatial_moe_trainer - INFO - Early stopping at epoch 41
2025-04-25 05:12:04,836 - spatial_moe_trainer - INFO - Saving metrics to ./optuna_results/trial_41/metrics
2025-04-25 05:12:04,839 - spatial_moe_trainer - INFO - Training metrics saved to ./optuna_results/trial_41/metrics/training_metrics.csv
2025-04-25 05:12:04,842 - spatial_moe_trainer - INFO - Validation metrics saved to ./optuna_results/trial_41/metrics/validation_metrics.csv
2025-04-25 05:12:04,879 - spatial_moe_trainer - INFO - Multi-Ethnic Spatial MoE model saved to ./optuna_results/trial_41/model.pt
2025-04-25 05:12:04,913 - __mp_main__ - INFO - Running trial 42 on device cuda:0
2025-04-25 05:12:04,929 - __main__ - INFO - Trial 41 completed with value: 540.275481
2025-04-25 05:12:05,112 - __mp_main__ - INFO - Using adjusted dimensions - hidden_dims: [36, 24, 24], coord_embed_dim: 16
2025-04-25 05:12:05,157 - spatial_moe_trainer - INFO - Multi-Ethnic Spatial MoE model initialized on cuda:0
2025-04-25 05:12:05,157 - spatial_moe_trainer - INFO - Model will predict 5 ethnicities: ['China', 'India', 'Philippines', 'Portugal', 'Sri Lanka']
2025-04-25 05:12:05,178 - __mp_main__ - INFO - Testing model forward pass before training...
2025-04-25 05:12:05,341 - __mp_main__ - INFO - Test forward pass successful. Output shape: torch.Size([64, 5])
2025-04-25 05:12:05,342 - spatial_moe_trainer - INFO - Starting multi-ethnic spatial MoE model training with learnable expert router...
2025-04-25 05:12:05,342 - spatial_moe_trainer - INFO - Using colonization_weight=9.915406054950795, jump_weight=6.68146837011818, decline_weight=7.240503922256434, pde_weight=9.34950312342166
2025-04-25 05:12:27,729 - spatial_moe_trainer - INFO - Epoch 1/100 - Train Loss: 942.2285 (Col: 813.9624, Jump: 750.8378, Decline: 110.2813, PDE: 2300.6824, Reg: 3383.9203), Eth Losses: China: 1565.7429, India: 731.4104, Philippines: 1026.2375... (more ethnicities), Val Loss: 997.6481, Val MAE: 15.3061, Val R2: 0.6557
2025-04-25 05:12:50,062 - spatial_moe_trainer - INFO - Epoch 2/100 - Train Loss: 650.4483 (Col: 421.6018, Jump: 453.5772, Decline: 99.0555, PDE: 1583.7376, Reg: 6644.4328), Eth Losses: China: 959.7832, India: 783.4301, Philippines: 650.0759... (more ethnicities), Val Loss: 879.9896, Val MAE: 14.2247, Val R2: 0.6963
2025-04-25 05:13:12,441 - spatial_moe_trainer - INFO - Epoch 3/100 - Train Loss: 480.5156 (Col: 226.4823, Jump: 448.9282, Decline: 92.0925, PDE: 1429.7207, Reg: 5051.4537), Eth Losses: China: 725.5450, India: 497.7535, Philippines: 542.6502... (more ethnicities), Val Loss: 843.2800, Val MAE: 14.1165, Val R2: 0.7090
2025-04-25 05:13:34,946 - spatial_moe_trainer - INFO - Epoch 4/100 - Train Loss: 455.7676 (Col: 235.4530, Jump: 345.8665, Decline: 99.1439, PDE: 1300.8531, Reg: 4551.1051), Eth Losses: China: 653.7108, India: 477.0468, Philippines: 499.1364... (more ethnicities), Val Loss: 778.4757, Val MAE: 13.6101, Val R2: 0.7314
2025-04-25 05:13:57,344 - spatial_moe_trainer - INFO - Epoch 5/100 - Train Loss: 414.6886 (Col: 201.1520, Jump: 345.3820, Decline: 85.7046, PDE: 1251.9249, Reg: 3979.3761), Eth Losses: China: 656.7859, India: 399.6727, Philippines: 446.4530... (more ethnicities), Val Loss: 861.4105, Val MAE: 13.7558, Val R2: 0.7028
2025-04-25 05:14:19,918 - spatial_moe_trainer - INFO - Epoch 6/100 - Train Loss: 384.8586 (Col: 193.9813, Jump: 374.9164, Decline: 85.1228, PDE: 1147.1397, Reg: 3992.9900), Eth Losses: China: 529.2693, India: 363.9107, Philippines: 430.8416... (more ethnicities), Val Loss: 752.6974, Val MAE: 13.4244, Val R2: 0.7403
2025-04-25 05:14:42,390 - spatial_moe_trainer - INFO - Epoch 7/100 - Train Loss: 389.9077 (Col: 174.5775, Jump: 330.8718, Decline: 78.0553, PDE: 1104.6749, Reg: 4694.6648), Eth Losses: China: 667.9036, India: 344.8051, Philippines: 436.3726... (more ethnicities), Val Loss: 789.0945, Val MAE: 13.5688, Val R2: 0.7277
2025-04-25 05:15:04,881 - spatial_moe_trainer - INFO - Epoch 8/100 - Train Loss: 356.5541 (Col: 150.9108, Jump: 299.2527, Decline: 78.2890, PDE: 1078.5950, Reg: 4144.1889), Eth Losses: China: 539.5763, India: 373.4781, Philippines: 389.7448... (more ethnicities), Val Loss: 786.8597, Val MAE: 13.5361, Val R2: 0.7285
2025-04-25 05:15:27,288 - spatial_moe_trainer - INFO - Epoch 9/100 - Train Loss: 350.8061 (Col: 192.2735, Jump: 264.0111, Decline: 79.8755, PDE: 987.1779, Reg: 3077.5628), Eth Losses: China: 519.8424, India: 344.3699, Philippines: 392.5757... (more ethnicities), Val Loss: 816.4413, Val MAE: 13.1583, Val R2: 0.7183
2025-04-25 05:15:49,838 - spatial_moe_trainer - INFO - Epoch 10/100 - Train Loss: 319.5841 (Col: 150.8913, Jump: 255.6458, Decline: 82.9642, PDE: 967.0312, Reg: 3191.0775), Eth Losses: China: 504.0881, India: 324.4284, Philippines: 343.8157... (more ethnicities), Val Loss: 703.8216, Val MAE: 13.0586, Val R2: 0.7571
2025-04-25 05:16:12,370 - spatial_moe_trainer - INFO - Epoch 11/100 - Train Loss: 296.7314 (Col: 139.5567, Jump: 234.6738, Decline: 93.9417, PDE: 924.9198, Reg: 2788.0887), Eth Losses: China: 403.3872, India: 313.3193, Philippines: 323.9296... (more ethnicities), Val Loss: 768.3120, Val MAE: 12.9868, Val R2: 0.7349
2025-04-25 05:16:34,946 - spatial_moe_trainer - INFO - Epoch 12/100 - Train Loss: 322.3181 (Col: 142.5143, Jump: 229.0800, Decline: 133.1208, PDE: 949.7345, Reg: 3512.0353), Eth Losses: China: 515.7295, India: 344.6028, Philippines: 321.8020... (more ethnicities), Val Loss: 784.5993, Val MAE: 13.2454, Val R2: 0.7293
2025-04-25 05:16:57,362 - spatial_moe_trainer - INFO - Epoch 13/100 - Train Loss: 297.3643 (Col: 126.7262, Jump: 219.2495, Decline: 132.1865, PDE: 893.3354, Reg: 3202.6820), Eth Losses: China: 381.4264, India: 367.3837, Philippines: 294.2736... (more ethnicities), Val Loss: 822.3730, Val MAE: 13.1764, Val R2: 0.7162
2025-04-25 05:17:19,908 - spatial_moe_trainer - INFO - Epoch 14/100 - Train Loss: 282.1134 (Col: 126.2835, Jump: 201.0667, Decline: 101.6327, PDE: 879.1653, Reg: 2659.5864), Eth Losses: China: 375.7690, India: 341.7442, Philippines: 268.5861... (more ethnicities), Val Loss: 738.3172, Val MAE: 12.9377, Val R2: 0.7452
2025-04-25 05:17:42,598 - spatial_moe_trainer - INFO - Epoch 15/100 - Train Loss: 272.1784 (Col: 127.8775, Jump: 189.0960, Decline: 99.3112, PDE: 788.5589, Reg: 2867.2104), Eth Losses: China: 443.5038, India: 277.1833, Philippines: 269.3178... (more ethnicities), Val Loss: 701.1181, Val MAE: 12.9922, Val R2: 0.7581
2025-04-25 05:18:05,124 - spatial_moe_trainer - INFO - Epoch 16/100 - Train Loss: 258.9348 (Col: 125.8325, Jump: 177.8049, Decline: 78.8699, PDE: 751.3565, Reg: 3144.0300), Eth Losses: China: 392.2260, India: 290.8905, Philippines: 242.3839... (more ethnicities), Val Loss: 689.5670, Val MAE: 12.7225, Val R2: 0.7621
2025-04-25 05:18:27,599 - spatial_moe_trainer - INFO - Epoch 17/100 - Train Loss: 261.4446 (Col: 124.9886, Jump: 186.0712, Decline: 72.7997, PDE: 725.7615, Reg: 3009.7904), Eth Losses: China: 441.5108, India: 245.9773, Philippines: 226.4638... (more ethnicities), Val Loss: 683.3250, Val MAE: 12.8277, Val R2: 0.7642
2025-04-25 05:18:49,980 - spatial_moe_trainer - INFO - Epoch 18/100 - Train Loss: 230.9429 (Col: 106.0828, Jump: 175.6565, Decline: 76.8222, PDE: 654.8515, Reg: 2463.9244), Eth Losses: China: 337.4589, India: 272.9059, Philippines: 210.7999... (more ethnicities), Val Loss: 653.2725, Val MAE: 12.2557, Val R2: 0.7746
2025-04-25 05:19:12,509 - spatial_moe_trainer - INFO - Epoch 19/100 - Train Loss: 213.6830 (Col: 106.7070, Jump: 161.4122, Decline: 71.2834, PDE: 617.1204, Reg: 2183.2596), Eth Losses: China: 334.1834, India: 203.6186, Philippines: 217.2572... (more ethnicities), Val Loss: 677.2412, Val MAE: 12.1365, Val R2: 0.7663
2025-04-25 05:19:35,023 - spatial_moe_trainer - INFO - Epoch 20/100 - Train Loss: 207.6729 (Col: 107.8161, Jump: 156.5778, Decline: 73.0551, PDE: 614.3924, Reg: 1779.7768), Eth Losses: China: 307.0100, India: 236.6738, Philippines: 181.9763... (more ethnicities), Val Loss: 701.0624, Val MAE: 12.5036, Val R2: 0.7581
2025-04-25 05:19:57,733 - spatial_moe_trainer - INFO - Epoch 21/100 - Train Loss: 213.5995 (Col: 102.4308, Jump: 169.5784, Decline: 71.0575, PDE: 575.1702, Reg: 2670.1008), Eth Losses: China: 374.4274, India: 191.7515, Philippines: 190.0647... (more ethnicities), Val Loss: 760.7219, Val MAE: 12.7015, Val R2: 0.7375
2025-04-25 05:20:20,300 - spatial_moe_trainer - INFO - Epoch 22/100 - Train Loss: 196.5136 (Col: 89.3867, Jump: 153.2023, Decline: 83.8225, PDE: 614.5251, Reg: 2116.0584), Eth Losses: China: 294.4067, India: 179.6764, Philippines: 178.8708... (more ethnicities), Val Loss: 670.1776, Val MAE: 12.1289, Val R2: 0.7687
2025-04-25 05:20:42,694 - spatial_moe_trainer - INFO - Epoch 23/100 - Train Loss: 180.3728 (Col: 78.7073, Jump: 152.4839, Decline: 75.9293, PDE: 561.7445, Reg: 1834.2278), Eth Losses: China: 248.5528, India: 188.1997, Philippines: 183.4180... (more ethnicities), Val Loss: 668.5515, Val MAE: 12.1242, Val R2: 0.7693
2025-04-25 05:21:05,310 - spatial_moe_trainer - INFO - Epoch 24/100 - Train Loss: 190.7058 (Col: 94.9262, Jump: 143.3033, Decline: 73.3664, PDE: 561.4748, Reg: 1668.6527), Eth Losses: China: 294.5397, India: 192.8778, Philippines: 163.8690... (more ethnicities), Val Loss: 671.6814, Val MAE: 11.9462, Val R2: 0.7682
2025-04-25 05:21:27,863 - spatial_moe_trainer - INFO - Epoch 25/100 - Train Loss: 175.1536 (Col: 74.0198, Jump: 136.1824, Decline: 81.5260, PDE: 565.3059, Reg: 1567.0021), Eth Losses: China: 250.1549, India: 152.5000, Philippines: 150.3805... (more ethnicities), Val Loss: 696.0885, Val MAE: 12.2200, Val R2: 0.7598
2025-04-25 05:21:50,404 - spatial_moe_trainer - INFO - Epoch 26/100 - Train Loss: 183.2019 (Col: 60.1907, Jump: 142.9922, Decline: 99.1311, PDE: 634.8924, Reg: 1660.8424), Eth Losses: China: 223.9091, India: 201.7535, Philippines: 133.8193... (more ethnicities), Val Loss: 666.1213, Val MAE: 12.1957, Val R2: 0.7701
2025-04-25 05:22:12,918 - spatial_moe_trainer - INFO - Epoch 27/100 - Train Loss: 196.1189 (Col: 61.5659, Jump: 142.3302, Decline: 145.6222, PDE: 659.9640, Reg: 1761.9908), Eth Losses: China: 232.1110, India: 150.6700, Philippines: 139.6106... (more ethnicities), Val Loss: 700.9826, Val MAE: 12.4139, Val R2: 0.7581
2025-04-25 05:22:35,431 - spatial_moe_trainer - INFO - Epoch 28/100 - Train Loss: 221.4276 (Col: 60.3584, Jump: 136.7969, Decline: 211.5506, PDE: 760.2602, Reg: 1739.4399), Eth Losses: China: 211.9629, India: 172.8926, Philippines: 129.0354... (more ethnicities), Val Loss: 739.4544, Val MAE: 12.7149, Val R2: 0.7448
2025-04-25 05:22:35,431 - spatial_moe_trainer - INFO - Early stopping at epoch 28
2025-04-25 05:22:35,447 - spatial_moe_trainer - INFO - Saving metrics to ./optuna_results/trial_42/metrics
2025-04-25 05:22:35,449 - spatial_moe_trainer - INFO - Training metrics saved to ./optuna_results/trial_42/metrics/training_metrics.csv
2025-04-25 05:22:35,451 - spatial_moe_trainer - INFO - Validation metrics saved to ./optuna_results/trial_42/metrics/validation_metrics.csv
2025-04-25 05:22:35,488 - spatial_moe_trainer - INFO - Multi-Ethnic Spatial MoE model saved to ./optuna_results/trial_42/model.pt
2025-04-25 05:22:35,535 - __mp_main__ - INFO - Running trial 43 on device cuda:0
2025-04-25 05:22:35,549 - __main__ - INFO - Trial 42 completed with value: 653.272484
2025-04-25 05:22:35,737 - __mp_main__ - INFO - Using adjusted dimensions - hidden_dims: [52, 20, 28], coord_embed_dim: 12
2025-04-25 05:22:35,783 - spatial_moe_trainer - INFO - Multi-Ethnic Spatial MoE model initialized on cuda:0
2025-04-25 05:22:35,783 - spatial_moe_trainer - INFO - Model will predict 5 ethnicities: ['China', 'India', 'Philippines', 'Portugal', 'Sri Lanka']
2025-04-25 05:22:35,803 - __mp_main__ - INFO - Testing model forward pass before training...
2025-04-25 05:22:35,962 - __mp_main__ - INFO - Test forward pass successful. Output shape: torch.Size([64, 5])
2025-04-25 05:22:35,962 - spatial_moe_trainer - INFO - Starting multi-ethnic spatial MoE model training with learnable expert router...
2025-04-25 05:22:35,962 - spatial_moe_trainer - INFO - Using colonization_weight=9.242551172111648, jump_weight=4.6650256298244726, decline_weight=6.023634835031883, pde_weight=4.231436961721122
2025-04-25 05:22:58,591 - spatial_moe_trainer - INFO - Epoch 1/100 - Train Loss: 1210.1111 (Col: 799.9193, Jump: 852.8978, Decline: 148.6327, PDE: 3701.5878, Reg: 10635.0650), Eth Losses: China: 2115.7177, India: 987.1741, Philippines: 1375.0941... (more ethnicities), Val Loss: 1160.4923, Val MAE: 16.6899, Val R2: 0.5996
2025-04-25 05:23:21,096 - spatial_moe_trainer - INFO - Epoch 2/100 - Train Loss: 788.6052 (Col: 452.7612, Jump: 584.0151, Decline: 118.4095, PDE: 2609.2036, Reg: 8989.9367), Eth Losses: China: 1242.2614, India: 689.3450, Philippines: 965.0799... (more ethnicities), Val Loss: 982.4591, Val MAE: 14.6915, Val R2: 0.6610
2025-04-25 05:23:43,490 - spatial_moe_trainer - INFO - Epoch 3/100 - Train Loss: 599.0253 (Col: 257.7162, Jump: 490.5893, Decline: 116.4220, PDE: 2335.4385, Reg: 6537.0932), Eth Losses: China: 913.4504, India: 569.9925, Philippines: 780.6331... (more ethnicities), Val Loss: 849.4244, Val MAE: 14.0845, Val R2: 0.7069
2025-04-25 05:24:05,967 - spatial_moe_trainer - INFO - Epoch 4/100 - Train Loss: 546.5158 (Col: 235.3402, Jump: 470.3871, Decline: 105.2530, PDE: 2186.9400, Reg: 7178.1092), Eth Losses: China: 849.1666, India: 515.9673, Philippines: 714.6163... (more ethnicities), Val Loss: 922.5952, Val MAE: 14.0916, Val R2: 0.6816
2025-04-25 05:24:28,427 - spatial_moe_trainer - INFO - Epoch 5/100 - Train Loss: 501.4225 (Col: 192.1366, Jump: 400.1653, Decline: 99.1392, PDE: 1938.0245, Reg: 6300.4426), Eth Losses: China: 818.0296, India: 511.3164, Philippines: 627.4532... (more ethnicities), Val Loss: 836.1360, Val MAE: 13.8775, Val R2: 0.7115
2025-04-25 05:24:50,786 - spatial_moe_trainer - INFO - Epoch 6/100 - Train Loss: 491.9698 (Col: 209.0811, Jump: 381.6441, Decline: 96.6443, PDE: 1943.6076, Reg: 5896.6699), Eth Losses: China: 822.3028, India: 435.9863, Philippines: 627.7204... (more ethnicities), Val Loss: 803.6219, Val MAE: 13.5109, Val R2: 0.7227
2025-04-25 05:25:13,441 - spatial_moe_trainer - INFO - Epoch 7/100 - Train Loss: 460.7103 (Col: 206.1470, Jump: 333.1491, Decline: 92.4105, PDE: 1794.2423, Reg: 4288.8453), Eth Losses: China: 727.6587, India: 433.3592, Philippines: 564.0856... (more ethnicities), Val Loss: 813.3644, Val MAE: 13.4666, Val R2: 0.7193
2025-04-25 05:25:35,686 - spatial_moe_trainer - INFO - Epoch 8/100 - Train Loss: 424.5036 (Col: 166.0243, Jump: 321.5644, Decline: 91.6872, PDE: 1768.1949, Reg: 4858.9323), Eth Losses: China: 561.9031, India: 418.4774, Philippines: 545.9414... (more ethnicities), Val Loss: 748.6482, Val MAE: 13.4064, Val R2: 0.7417
2025-04-25 05:25:58,116 - spatial_moe_trainer - INFO - Epoch 9/100 - Train Loss: 411.6325 (Col: 172.4901, Jump: 274.8894, Decline: 105.1343, PDE: 1624.0265, Reg: 3826.7162), Eth Losses: China: 635.2721, India: 395.4049, Philippines: 489.4463... (more ethnicities), Val Loss: 699.9123, Val MAE: 13.3054, Val R2: 0.7585
2025-04-25 05:26:20,566 - spatial_moe_trainer - INFO - Epoch 10/100 - Train Loss: 397.9786 (Col: 160.3405, Jump: 263.7398, Decline: 119.5034, PDE: 1559.6107, Reg: 3921.3564), Eth Losses: China: 545.5045, India: 378.7545, Philippines: 500.2416... (more ethnicities), Val Loss: 744.5469, Val MAE: 13.1692, Val R2: 0.7431
2025-04-25 05:26:43,023 - spatial_moe_trainer - INFO - Epoch 11/100 - Train Loss: 403.5878 (Col: 144.3329, Jump: 265.1954, Decline: 218.2927, PDE: 1566.6962, Reg: 4401.9968), Eth Losses: China: 515.9816, India: 362.5472, Philippines: 442.9955... (more ethnicities), Val Loss: 715.7201, Val MAE: 13.3193, Val R2: 0.7530
2025-04-25 05:27:05,583 - spatial_moe_trainer - INFO - Epoch 12/100 - Train Loss: 394.0038 (Col: 149.8425, Jump: 235.8922, Decline: 205.2779, PDE: 1485.8463, Reg: 3643.0374), Eth Losses: China: 593.7829, India: 336.8236, Philippines: 426.2261... (more ethnicities), Val Loss: 819.0434, Val MAE: 13.3470, Val R2: 0.7174
2025-04-25 05:27:28,106 - spatial_moe_trainer - INFO - Epoch 13/100 - Train Loss: 352.6428 (Col: 136.6578, Jump: 218.3751, Decline: 101.7700, PDE: 1432.2112, Reg: 3378.1045), Eth Losses: China: 520.0798, India: 352.3527, Philippines: 441.5153... (more ethnicities), Val Loss: 724.6862, Val MAE: 12.6792, Val R2: 0.7499
2025-04-25 05:27:50,833 - spatial_moe_trainer - INFO - Epoch 14/100 - Train Loss: 338.8688 (Col: 116.6742, Jump: 229.6428, Decline: 93.3371, PDE: 1344.7137, Reg: 4601.4326), Eth Losses: China: 507.1858, India: 348.3073, Philippines: 378.8447... (more ethnicities), Val Loss: 653.5169, Val MAE: 12.4491, Val R2: 0.7745
2025-04-25 05:28:13,507 - spatial_moe_trainer - INFO - Epoch 15/100 - Train Loss: 339.5041 (Col: 143.0122, Jump: 202.8602, Decline: 85.2349, PDE: 1391.5557, Reg: 2454.9890), Eth Losses: China: 473.3247, India: 324.3248, Philippines: 434.0187... (more ethnicities), Val Loss: 681.5768, Val MAE: 12.4156, Val R2: 0.7648
2025-04-25 05:28:35,942 - spatial_moe_trainer - INFO - Epoch 16/100 - Train Loss: 305.3501 (Col: 116.6114, Jump: 211.7650, Decline: 91.8390, PDE: 1224.2491, Reg: 3587.1929), Eth Losses: China: 431.2854, India: 312.7959, Philippines: 357.3707... (more ethnicities), Val Loss: 621.1387, Val MAE: 12.2282, Val R2: 0.7857
2025-04-25 05:28:58,461 - spatial_moe_trainer - INFO - Epoch 17/100 - Train Loss: 310.9760 (Col: 117.8290, Jump: 195.8076, Decline: 90.5410, PDE: 1239.9642, Reg: 3836.9255), Eth Losses: China: 459.7400, India: 275.5200, Philippines: 390.4056... (more ethnicities), Val Loss: 698.6437, Val MAE: 12.9657, Val R2: 0.7589
2025-04-25 05:29:20,992 - spatial_moe_trainer - INFO - Epoch 18/100 - Train Loss: 318.7934 (Col: 159.2819, Jump: 177.3435, Decline: 91.1393, PDE: 1122.6317, Reg: 3931.6141), Eth Losses: China: 490.4043, India: 316.2137, Philippines: 345.8790... (more ethnicities), Val Loss: 663.1652, Val MAE: 12.2095, Val R2: 0.7712
2025-04-25 05:29:43,451 - spatial_moe_trainer - INFO - Epoch 19/100 - Train Loss: 287.8313 (Col: 126.3702, Jump: 169.1929, Decline: 77.6229, PDE: 1090.4943, Reg: 2780.3892), Eth Losses: China: 478.3220, India: 286.9800, Philippines: 355.0197... (more ethnicities), Val Loss: 754.8437, Val MAE: 12.4109, Val R2: 0.7395
2025-04-25 05:30:06,008 - spatial_moe_trainer - INFO - Epoch 20/100 - Train Loss: 271.2787 (Col: 115.0399, Jump: 161.6570, Decline: 82.7149, PDE: 1038.3435, Reg: 2351.7680), Eth Losses: China: 399.9668, India: 291.3665, Philippines: 315.5197... (more ethnicities), Val Loss: 595.2475, Val MAE: 11.7004, Val R2: 0.7946
2025-04-25 05:30:28,380 - spatial_moe_trainer - INFO - Epoch 21/100 - Train Loss: 276.4619 (Col: 137.8009, Jump: 146.1948, Decline: 75.5899, PDE: 996.3329, Reg: 2166.3554), Eth Losses: China: 432.2355, India: 253.0879, Philippines: 290.8907... (more ethnicities), Val Loss: 634.0386, Val MAE: 11.8995, Val R2: 0.7812
2025-04-25 05:30:50,836 - spatial_moe_trainer - INFO - Epoch 22/100 - Train Loss: 262.7219 (Col: 95.4852, Jump: 159.1555, Decline: 91.0435, PDE: 1008.0897, Reg: 3490.7857), Eth Losses: China: 347.0988, India: 257.7069, Philippines: 305.1877... (more ethnicities), Val Loss: 636.7612, Val MAE: 11.9884, Val R2: 0.7803
2025-04-25 05:31:13,517 - spatial_moe_trainer - INFO - Epoch 23/100 - Train Loss: 251.6926 (Col: 91.1435, Jump: 156.2747, Decline: 98.0228, PDE: 951.3048, Reg: 3312.7552), Eth Losses: China: 351.4759, India: 220.9774, Philippines: 271.5964... (more ethnicities), Val Loss: 654.9062, Val MAE: 11.9458, Val R2: 0.7740
2025-04-25 05:31:35,848 - spatial_moe_trainer - INFO - Epoch 24/100 - Train Loss: 277.5137 (Col: 110.8187, Jump: 174.5650, Decline: 96.0634, PDE: 985.2500, Reg: 3653.0975), Eth Losses: China: 430.3433, India: 246.3810, Philippines: 277.6610... (more ethnicities), Val Loss: 763.4128, Val MAE: 12.0468, Val R2: 0.7366
2025-04-25 05:31:58,228 - spatial_moe_trainer - INFO - Epoch 25/100 - Train Loss: 253.5148 (Col: 99.4865, Jump: 136.6119, Decline: 88.8735, PDE: 916.7058, Reg: 4466.3007), Eth Losses: China: 379.5523, India: 228.7580, Philippines: 259.6427... (more ethnicities), Val Loss: 657.8648, Val MAE: 11.9400, Val R2: 0.7730
2025-04-25 05:32:20,768 - spatial_moe_trainer - INFO - Epoch 26/100 - Train Loss: 243.6189 (Col: 121.7156, Jump: 127.5678, Decline: 86.3487, PDE: 829.9933, Reg: 2414.8701), Eth Losses: China: 386.5117, India: 191.7223, Philippines: 256.5807... (more ethnicities), Val Loss: 637.5419, Val MAE: 11.7642, Val R2: 0.7800
2025-04-25 05:32:43,204 - spatial_moe_trainer - INFO - Epoch 27/100 - Train Loss: 219.0990 (Col: 74.4018, Jump: 143.2710, Decline: 89.5152, PDE: 813.8545, Reg: 2918.0450), Eth Losses: China: 332.7847, India: 198.0917, Philippines: 242.6398... (more ethnicities), Val Loss: 586.0476, Val MAE: 11.4473, Val R2: 0.7978
2025-04-25 05:33:05,735 - spatial_moe_trainer - INFO - Epoch 28/100 - Train Loss: 216.2665 (Col: 81.5209, Jump: 148.3041, Decline: 84.2761, PDE: 779.0140, Reg: 5187.0901), Eth Losses: China: 312.8166, India: 211.7300, Philippines: 227.1710... (more ethnicities), Val Loss: 630.2524, Val MAE: 11.5322, Val R2: 0.7825
2025-04-25 05:33:28,117 - spatial_moe_trainer - INFO - Epoch 29/100 - Train Loss: 230.3331 (Col: 87.3582, Jump: 134.1402, Decline: 91.1813, PDE: 857.1909, Reg: 3992.6540), Eth Losses: China: 373.4662, India: 198.4927, Philippines: 231.5526... (more ethnicities), Val Loss: 599.6747, Val MAE: 11.4263, Val R2: 0.7931
2025-04-25 05:33:50,586 - spatial_moe_trainer - INFO - Epoch 30/100 - Train Loss: 204.6706 (Col: 74.5822, Jump: 135.1642, Decline: 82.8812, PDE: 768.6492, Reg: 2623.1201), Eth Losses: China: 316.0876, India: 182.7987, Philippines: 211.3857... (more ethnicities), Val Loss: 586.6986, Val MAE: 11.3967, Val R2: 0.7975
2025-04-25 05:34:13,034 - spatial_moe_trainer - INFO - Epoch 31/100 - Train Loss: 196.1461 (Col: 68.2252, Jump: 138.3556, Decline: 85.0173, PDE: 731.0499, Reg: 2395.5089), Eth Losses: China: 276.0730, India: 178.2027, Philippines: 223.8317... (more ethnicities), Val Loss: 628.5842, Val MAE: 11.4920, Val R2: 0.7831
2025-04-25 05:34:35,368 - spatial_moe_trainer - INFO - Epoch 32/100 - Train Loss: 184.3601 (Col: 61.3024, Jump: 136.4173, Decline: 82.1132, PDE: 716.1912, Reg: 2138.2431), Eth Losses: China: 248.8795, India: 164.0845, Philippines: 209.5068... (more ethnicities), Val Loss: 650.4596, Val MAE: 11.6190, Val R2: 0.7755
2025-04-25 05:34:57,808 - spatial_moe_trainer - INFO - Epoch 33/100 - Train Loss: 189.8366 (Col: 59.7724, Jump: 132.0717, Decline: 79.5543, PDE: 737.0750, Reg: 2852.1556), Eth Losses: China: 288.2655, India: 162.6415, Philippines: 214.0745... (more ethnicities), Val Loss: 575.8755, Val MAE: 11.4308, Val R2: 0.8013
2025-04-25 05:35:20,442 - spatial_moe_trainer - INFO - Epoch 34/100 - Train Loss: 196.8707 (Col: 68.6231, Jump: 134.7052, Decline: 83.7206, PDE: 742.4572, Reg: 2328.1669), Eth Losses: China: 302.0569, India: 176.4144, Philippines: 219.4185... (more ethnicities), Val Loss: 596.3951, Val MAE: 11.3480, Val R2: 0.7942
2025-04-25 05:35:42,977 - spatial_moe_trainer - INFO - Epoch 35/100 - Train Loss: 185.4072 (Col: 60.1756, Jump: 139.2457, Decline: 78.6084, PDE: 752.2681, Reg: 1662.4355), Eth Losses: China: 262.9850, India: 173.4994, Philippines: 210.0614... (more ethnicities), Val Loss: 608.8040, Val MAE: 11.3584, Val R2: 0.7899
2025-04-25 05:36:05,369 - spatial_moe_trainer - INFO - Epoch 36/100 - Train Loss: 180.4899 (Col: 56.2228, Jump: 134.4936, Decline: 86.9278, PDE: 711.6485, Reg: 2415.6087), Eth Losses: China: 252.8301, India: 173.6234, Philippines: 190.4752... (more ethnicities), Val Loss: 602.3411, Val MAE: 11.4266, Val R2: 0.7922
2025-04-25 05:36:27,711 - spatial_moe_trainer - INFO - Epoch 37/100 - Train Loss: 171.3295 (Col: 46.8031, Jump: 148.5768, Decline: 84.4122, PDE: 689.2265, Reg: 2452.4445), Eth Losses: China: 237.0041, India: 158.0991, Philippines: 195.5672... (more ethnicities), Val Loss: 582.5183, Val MAE: 11.2662, Val R2: 0.7990
2025-04-25 05:36:50,213 - spatial_moe_trainer - INFO - Epoch 38/100 - Train Loss: 167.7357 (Col: 56.6795, Jump: 131.1964, Decline: 67.7779, PDE: 644.3243, Reg: 3378.3672), Eth Losses: China: 260.2924, India: 146.9522, Philippines: 189.7123... (more ethnicities), Val Loss: 608.3222, Val MAE: 11.4081, Val R2: 0.7901
2025-04-25 05:37:12,833 - spatial_moe_trainer - INFO - Epoch 39/100 - Train Loss: 175.6440 (Col: 53.7632, Jump: 132.5364, Decline: 66.8432, PDE: 680.1610, Reg: 2330.2937), Eth Losses: China: 301.4090, India: 162.2854, Philippines: 182.3289... (more ethnicities), Val Loss: 598.5488, Val MAE: 11.3022, Val R2: 0.7935
2025-04-25 05:37:35,264 - spatial_moe_trainer - INFO - Epoch 40/100 - Train Loss: 164.7402 (Col: 46.9463, Jump: 149.8518, Decline: 69.2785, PDE: 666.5465, Reg: 2566.1064), Eth Losses: China: 249.9881, India: 174.7188, Philippines: 182.7075... (more ethnicities), Val Loss: 597.4735, Val MAE: 11.2810, Val R2: 0.7938
2025-04-25 05:37:57,815 - spatial_moe_trainer - INFO - Epoch 41/100 - Train Loss: 155.9015 (Col: 48.9632, Jump: 132.8965, Decline: 64.0959, PDE: 658.8551, Reg: 1221.1303), Eth Losses: China: 239.0095, India: 142.2635, Philippines: 186.5716... (more ethnicities), Val Loss: 590.9756, Val MAE: 11.2489, Val R2: 0.7961
2025-04-25 05:38:20,442 - spatial_moe_trainer - INFO - Epoch 42/100 - Train Loss: 155.3140 (Col: 43.5911, Jump: 137.6363, Decline: 65.7258, PDE: 645.4295, Reg: 1824.6141), Eth Losses: China: 236.3125, India: 150.5180, Philippines: 179.1407... (more ethnicities), Val Loss: 594.7415, Val MAE: 11.2568, Val R2: 0.7948
2025-04-25 05:38:42,899 - spatial_moe_trainer - INFO - Epoch 43/100 - Train Loss: 146.7207 (Col: 45.7495, Jump: 120.8316, Decline: 61.9506, PDE: 604.5907, Reg: 1566.2471), Eth Losses: China: 204.0953, India: 147.3372, Philippines: 180.0430... (more ethnicities), Val Loss: 610.0190, Val MAE: 11.4101, Val R2: 0.7895
2025-04-25 05:38:42,899 - spatial_moe_trainer - INFO - Early stopping at epoch 43
2025-04-25 05:38:42,915 - spatial_moe_trainer - INFO - Saving metrics to ./optuna_results/trial_43/metrics
2025-04-25 05:38:42,918 - spatial_moe_trainer - INFO - Training metrics saved to ./optuna_results/trial_43/metrics/training_metrics.csv
2025-04-25 05:38:42,921 - spatial_moe_trainer - INFO - Validation metrics saved to ./optuna_results/trial_43/metrics/validation_metrics.csv
2025-04-25 05:38:42,958 - spatial_moe_trainer - INFO - Multi-Ethnic Spatial MoE model saved to ./optuna_results/trial_43/model.pt
2025-04-25 05:38:42,993 - __mp_main__ - INFO - Running trial 44 on device cuda:0
2025-04-25 05:38:43,009 - __main__ - INFO - Trial 43 completed with value: 575.875529
2025-04-25 05:38:43,194 - __mp_main__ - INFO - Using adjusted dimensions - hidden_dims: [57, 21, 18], coord_embed_dim: 12
2025-04-25 05:38:43,243 - spatial_moe_trainer - INFO - Multi-Ethnic Spatial MoE model initialized on cuda:0
2025-04-25 05:38:43,243 - spatial_moe_trainer - INFO - Model will predict 5 ethnicities: ['China', 'India', 'Philippines', 'Portugal', 'Sri Lanka']
2025-04-25 05:38:43,263 - __mp_main__ - INFO - Testing model forward pass before training...
2025-04-25 05:38:43,423 - __mp_main__ - INFO - Test forward pass successful. Output shape: torch.Size([64, 5])
2025-04-25 05:38:43,423 - spatial_moe_trainer - INFO - Starting multi-ethnic spatial MoE model training with learnable expert router...
2025-04-25 05:38:43,423 - spatial_moe_trainer - INFO - Using colonization_weight=8.61556962988984, jump_weight=5.47126338834952, decline_weight=7.742057054511653, pde_weight=7.845433108354158
2025-04-25 05:39:05,909 - spatial_moe_trainer - INFO - Epoch 1/100 - Train Loss: 1158.0720 (Col: 873.8180, Jump: 787.8316, Decline: 107.6913, PDE: 3182.5800, Reg: 4735.2126), Eth Losses: China: 2042.4193, India: 809.8024, Philippines: 1277.1284... (more ethnicities), Val Loss: 1195.4485, Val MAE: 16.5157, Val R2: 0.5875
2025-04-25 05:39:28,497 - spatial_moe_trainer - INFO - Epoch 2/100 - Train Loss: 831.3046 (Col: 549.6352, Jump: 559.0163, Decline: 93.3480, PDE: 2341.8723, Reg: 8581.1467), Eth Losses: China: 1310.9191, India: 646.1951, Philippines: 865.5416... (more ethnicities), Val Loss: 953.3766, Val MAE: 15.1886, Val R2: 0.6710
2025-04-25 05:39:50,910 - spatial_moe_trainer - INFO - Epoch 3/100 - Train Loss: 632.9669 (Col: 320.0266, Jump: 491.9519, Decline: 88.5316, PDE: 2134.3533, Reg: 6940.0733), Eth Losses: China: 930.4309, India: 585.1456, Philippines: 709.1411... (more ethnicities), Val Loss: 873.3481, Val MAE: 14.7558, Val R2: 0.6986
2025-04-25 05:40:13,463 - spatial_moe_trainer - INFO - Epoch 4/100 - Train Loss: 552.1605 (Col: 227.4963, Jump: 485.0284, Decline: 86.5630, PDE: 1987.8848, Reg: 6775.0341), Eth Losses: China: 874.9199, India: 526.6476, Philippines: 646.4017... (more ethnicities), Val Loss: 843.2605, Val MAE: 14.1849, Val R2: 0.7090
2025-04-25 05:40:35,979 - spatial_moe_trainer - INFO - Epoch 5/100 - Train Loss: 522.8638 (Col: 186.4596, Jump: 455.8708, Decline: 87.1535, PDE: 1919.5691, Reg: 7469.6832), Eth Losses: China: 839.7713, India: 529.1407, Philippines: 600.9565... (more ethnicities), Val Loss: 846.4184, Val MAE: 13.9308, Val R2: 0.7079
2025-04-25 05:40:58,434 - spatial_moe_trainer - INFO - Epoch 6/100 - Train Loss: 468.4657 (Col: 179.5297, Jump: 401.2677, Decline: 83.0129, PDE: 1740.7567, Reg: 5733.5320), Eth Losses: China: 749.4490, India: 460.9528, Philippines: 560.5728... (more ethnicities), Val Loss: 900.1680, Val MAE: 14.3936, Val R2: 0.6894
2025-04-25 05:41:20,864 - spatial_moe_trainer - INFO - Epoch 7/100 - Train Loss: 487.6867 (Col: 168.1026, Jump: 324.9448, Decline: 77.9499, PDE: 1718.3731, Reg: 7564.8622), Eth Losses: China: 858.6387, India: 485.1407, Philippines: 507.3147... (more ethnicities), Val Loss: 826.0079, Val MAE: 13.9232, Val R2: 0.7150
2025-04-25 05:41:43,409 - spatial_moe_trainer - INFO - Epoch 8/100 - Train Loss: 435.0181 (Col: 158.7917, Jump: 308.2300, Decline: 76.6585, PDE: 1611.7880, Reg: 4834.8425), Eth Losses: China: 702.0137, India: 427.6291, Philippines: 478.4113... (more ethnicities), Val Loss: 822.4219, Val MAE: 13.6820, Val R2: 0.7162
2025-04-25 05:42:05,965 - spatial_moe_trainer - INFO - Epoch 9/100 - Train Loss: 386.0805 (Col: 142.1835, Jump: 275.2038, Decline: 74.0532, PDE: 1509.1441, Reg: 3636.1953), Eth Losses: China: 529.6091, India: 400.2033, Philippines: 452.6672... (more ethnicities), Val Loss: 852.7031, Val MAE: 13.4257, Val R2: 0.7058
2025-04-25 05:42:28,293 - spatial_moe_trainer - INFO - Epoch 10/100 - Train Loss: 411.2515 (Col: 157.4624, Jump: 273.0550, Decline: 74.1003, PDE: 1493.5479, Reg: 7238.4185), Eth Losses: China: 621.9545, India: 415.6581, Philippines: 455.9618... (more ethnicities), Val Loss: 748.3020, Val MAE: 13.1893, Val R2: 0.7418
2025-04-25 05:42:50,626 - spatial_moe_trainer - INFO - Epoch 11/100 - Train Loss: 372.0997 (Col: 143.1968, Jump: 246.4461, Decline: 76.2337, PDE: 1349.0898, Reg: 5029.2924), Eth Losses: China: 554.7780, India: 413.6337, Philippines: 381.9464... (more ethnicities), Val Loss: 692.3496, Val MAE: 12.8265, Val R2: 0.7611
2025-04-25 05:43:13,175 - spatial_moe_trainer - INFO - Epoch 12/100 - Train Loss: 356.2229 (Col: 139.5385, Jump: 227.3217, Decline: 77.4375, PDE: 1327.0019, Reg: 3593.7243), Eth Losses: China: 507.3461, India: 360.3198, Philippines: 392.1448... (more ethnicities), Val Loss: 702.9136, Val MAE: 12.8996, Val R2: 0.7574
2025-04-25 05:43:35,731 - spatial_moe_trainer - INFO - Epoch 13/100 - Train Loss: 345.4850 (Col: 138.3745, Jump: 259.2942, Decline: 76.4992, PDE: 1268.0060, Reg: 3526.0915), Eth Losses: China: 513.5856, India: 361.1647, Philippines: 359.1615... (more ethnicities), Val Loss: 726.1917, Val MAE: 12.6624, Val R2: 0.7494
2025-04-25 05:43:58,162 - spatial_moe_trainer - INFO - Epoch 14/100 - Train Loss: 362.2944 (Col: 157.7473, Jump: 203.1086, Decline: 74.9282, PDE: 1220.4050, Reg: 4528.5797), Eth Losses: China: 593.3297, India: 365.7100, Philippines: 357.5209... (more ethnicities), Val Loss: 669.1551, Val MAE: 12.5163, Val R2: 0.7691
2025-04-25 05:44:20,705 - spatial_moe_trainer - INFO - Epoch 15/100 - Train Loss: 317.5838 (Col: 105.3227, Jump: 219.4135, Decline: 74.4034, PDE: 1163.5935, Reg: 8712.2084), Eth Losses: China: 474.1011, India: 338.7390, Philippines: 323.6586... (more ethnicities), Val Loss: 662.4245, Val MAE: 12.6592, Val R2: 0.7714
2025-04-25 05:44:43,409 - spatial_moe_trainer - INFO - Epoch 16/100 - Train Loss: 325.6562 (Col: 133.2479, Jump: 199.5417, Decline: 74.9626, PDE: 1165.7012, Reg: 4062.7651), Eth Losses: China: 494.8407, India: 335.6472, Philippines: 361.3220... (more ethnicities), Val Loss: 718.3941, Val MAE: 12.7341, Val R2: 0.7521
2025-04-25 05:45:06,031 - spatial_moe_trainer - INFO - Epoch 17/100 - Train Loss: 281.6450 (Col: 98.9293, Jump: 218.4758, Decline: 71.2492, PDE: 1057.8810, Reg: 3187.9551), Eth Losses: China: 363.3951, India: 309.0380, Philippines: 296.9483... (more ethnicities), Val Loss: 675.9553, Val MAE: 12.5540, Val R2: 0.7667
2025-04-25 05:45:28,645 - spatial_moe_trainer - INFO - Epoch 18/100 - Train Loss: 321.3327 (Col: 138.3222, Jump: 202.9860, Decline: 76.2092, PDE: 1099.4554, Reg: 3668.3851), Eth Losses: China: 558.6530, India: 304.3374, Philippines: 293.5307... (more ethnicities), Val Loss: 653.7537, Val MAE: 12.4706, Val R2: 0.7744
2025-04-25 05:45:50,976 - spatial_moe_trainer - INFO - Epoch 19/100 - Train Loss: 276.0730 (Col: 109.0809, Jump: 194.1916, Decline: 75.1328, PDE: 1005.6189, Reg: 3155.8982), Eth Losses: China: 398.6930, India: 306.7898, Philippines: 266.1569... (more ethnicities), Val Loss: 663.0715, Val MAE: 12.2391, Val R2: 0.7712
2025-04-25 05:46:13,598 - spatial_moe_trainer - INFO - Epoch 20/100 - Train Loss: 269.6389 (Col: 105.9752, Jump: 180.5320, Decline: 72.4457, PDE: 961.2259, Reg: 3461.3846), Eth Losses: China: 382.1902, India: 273.5836, Philippines: 279.6533... (more ethnicities), Val Loss: 637.9425, Val MAE: 12.5057, Val R2: 0.7799
2025-04-25 05:46:36,051 - spatial_moe_trainer - INFO - Epoch 21/100 - Train Loss: 264.6468 (Col: 104.0692, Jump: 179.3996, Decline: 72.1255, PDE: 951.2365, Reg: 2940.1305), Eth Losses: China: 366.7550, India: 283.0027, Philippines: 264.2740... (more ethnicities), Val Loss: 681.2323, Val MAE: 12.2306, Val R2: 0.7649
2025-04-25 05:46:58,534 - spatial_moe_trainer - INFO - Epoch 22/100 - Train Loss: 271.3878 (Col: 112.2111, Jump: 181.5771, Decline: 72.5613, PDE: 962.0311, Reg: 2687.4258), Eth Losses: China: 459.1808, India: 262.1676, Philippines: 260.7326... (more ethnicities), Val Loss: 688.6557, Val MAE: 12.5388, Val R2: 0.7624
2025-04-25 05:47:21,139 - spatial_moe_trainer - INFO - Epoch 23/100 - Train Loss: 248.4150 (Col: 99.0926, Jump: 170.9006, Decline: 66.2673, PDE: 906.8835, Reg: 2706.7774), Eth Losses: China: 372.6266, India: 285.1403, Philippines: 240.7131... (more ethnicities), Val Loss: 625.4119, Val MAE: 12.3026, Val R2: 0.7842
2025-04-25 05:47:43,856 - spatial_moe_trainer - INFO - Epoch 24/100 - Train Loss: 248.4620 (Col: 93.6134, Jump: 192.2419, Decline: 72.5078, PDE: 885.4663, Reg: 2884.0686), Eth Losses: China: 364.2508, India: 288.1006, Philippines: 258.3316... (more ethnicities), Val Loss: 642.0332, Val MAE: 12.0157, Val R2: 0.7785
2025-04-25 05:48:06,431 - spatial_moe_trainer - INFO - Epoch 25/100 - Train Loss: 245.2431 (Col: 93.2523, Jump: 171.6242, Decline: 65.9241, PDE: 923.9426, Reg: 3153.2876), Eth Losses: China: 342.2573, India: 310.7324, Philippines: 242.4186... (more ethnicities), Val Loss: 598.5377, Val MAE: 11.9311, Val R2: 0.7935
2025-04-25 05:48:29,015 - spatial_moe_trainer - INFO - Epoch 26/100 - Train Loss: 228.1963 (Col: 85.3562, Jump: 162.2595, Decline: 66.7718, PDE: 839.2384, Reg: 2490.4575), Eth Losses: China: 299.4567, India: 252.0990, Philippines: 253.7569... (more ethnicities), Val Loss: 587.3600, Val MAE: 11.7631, Val R2: 0.7973
2025-04-25 05:48:51,651 - spatial_moe_trainer - INFO - Epoch 27/100 - Train Loss: 246.3477 (Col: 88.6153, Jump: 161.9587, Decline: 70.6408, PDE: 818.8302, Reg: 5215.8805), Eth Losses: China: 306.3329, India: 336.2570, Philippines: 241.3002... (more ethnicities), Val Loss: 603.4640, Val MAE: 11.8905, Val R2: 0.7918
2025-04-25 05:49:14,173 - spatial_moe_trainer - INFO - Epoch 28/100 - Train Loss: 226.8776 (Col: 95.0223, Jump: 153.4665, Decline: 63.8346, PDE: 800.2329, Reg: 2095.1132), Eth Losses: China: 344.3024, India: 255.6973, Philippines: 208.3134... (more ethnicities), Val Loss: 589.2805, Val MAE: 11.6958, Val R2: 0.7967
2025-04-25 05:49:36,549 - spatial_moe_trainer - INFO - Epoch 29/100 - Train Loss: 219.8676 (Col: 86.3922, Jump: 165.0444, Decline: 66.4625, PDE: 768.4839, Reg: 2447.1466), Eth Losses: China: 306.9383, India: 254.4080, Philippines: 217.1166... (more ethnicities), Val Loss: 658.9180, Val MAE: 11.9893, Val R2: 0.7726
2025-04-25 05:49:59,074 - spatial_moe_trainer - INFO - Epoch 30/100 - Train Loss: 217.9624 (Col: 84.0376, Jump: 152.7400, Decline: 70.6868, PDE: 763.1131, Reg: 2621.8096), Eth Losses: China: 306.6379, India: 249.2448, Philippines: 242.8232... (more ethnicities), Val Loss: 624.8220, Val MAE: 12.0123, Val R2: 0.7844
2025-04-25 05:50:21,782 - spatial_moe_trainer - INFO - Epoch 31/100 - Train Loss: 205.8112 (Col: 83.3898, Jump: 145.9324, Decline: 66.9807, PDE: 754.0466, Reg: 1821.2196), Eth Losses: China: 290.0766, India: 225.9052, Philippines: 216.5293... (more ethnicities), Val Loss: 602.3276, Val MAE: 11.7839, Val R2: 0.7922
2025-04-25 05:50:44,198 - spatial_moe_trainer - INFO - Epoch 32/100 - Train Loss: 201.7337 (Col: 73.3122, Jump: 151.4738, Decline: 65.9770, PDE: 769.4163, Reg: 2196.7043), Eth Losses: China: 269.8623, India: 258.1348, Philippines: 202.4611... (more ethnicities), Val Loss: 582.2495, Val MAE: 11.6861, Val R2: 0.7991
2025-04-25 05:51:06,705 - spatial_moe_trainer - INFO - Epoch 33/100 - Train Loss: 201.2245 (Col: 80.4650, Jump: 142.9513, Decline: 65.2394, PDE: 719.3473, Reg: 2473.1924), Eth Losses: China: 320.6216, India: 222.3649, Philippines: 210.2013... (more ethnicities), Val Loss: 612.3354, Val MAE: 11.8004, Val R2: 0.7887
2025-04-25 05:51:29,160 - spatial_moe_trainer - INFO - Epoch 34/100 - Train Loss: 204.3870 (Col: 83.3912, Jump: 138.9422, Decline: 67.2711, PDE: 727.1036, Reg: 1878.1285), Eth Losses: China: 318.5977, India: 200.7642, Philippines: 223.5451... (more ethnicities), Val Loss: 617.7270, Val MAE: 11.8183, Val R2: 0.7868
2025-04-25 05:51:51,653 - spatial_moe_trainer - INFO - Epoch 35/100 - Train Loss: 194.9811 (Col: 80.8468, Jump: 159.2425, Decline: 63.1705, PDE: 670.8954, Reg: 2259.4801), Eth Losses: China: 308.3983, India: 221.6307, Philippines: 195.4287... (more ethnicities), Val Loss: 607.7743, Val MAE: 11.8395, Val R2: 0.7903
2025-04-25 05:52:14,198 - spatial_moe_trainer - INFO - Epoch 36/100 - Train Loss: 201.6927 (Col: 72.0163, Jump: 141.0669, Decline: 67.4987, PDE: 767.5495, Reg: 2011.6789), Eth Losses: China: 258.9116, India: 295.7251, Philippines: 199.9195... (more ethnicities), Val Loss: 582.5712, Val MAE: 11.6293, Val R2: 0.7990
2025-04-25 05:52:36,558 - spatial_moe_trainer - INFO - Epoch 37/100 - Train Loss: 191.0840 (Col: 66.5091, Jump: 135.3012, Decline: 65.8385, PDE: 699.1346, Reg: 2115.7148), Eth Losses: China: 284.4520, India: 237.2194, Philippines: 189.8248... (more ethnicities), Val Loss: 615.5273, Val MAE: 11.5533, Val R2: 0.7876
2025-04-25 05:52:58,919 - spatial_moe_trainer - INFO - Epoch 38/100 - Train Loss: 184.7980 (Col: 74.2191, Jump: 150.4133, Decline: 65.9285, PDE: 644.9905, Reg: 2186.9226), Eth Losses: China: 266.1418, India: 208.5153, Philippines: 187.7078... (more ethnicities), Val Loss: 605.1701, Val MAE: 11.7418, Val R2: 0.7912
2025-04-25 05:53:21,492 - spatial_moe_trainer - INFO - Epoch 39/100 - Train Loss: 202.2790 (Col: 63.8147, Jump: 136.3049, Decline: 69.5446, PDE: 713.8539, Reg: 2850.5831), Eth Losses: China: 331.7187, India: 219.6723, Philippines: 215.0367... (more ethnicities), Val Loss: 613.4626, Val MAE: 11.8068, Val R2: 0.7883
2025-04-25 05:53:44,106 - spatial_moe_trainer - INFO - Epoch 40/100 - Train Loss: 172.5564 (Col: 63.4444, Jump: 154.2482, Decline: 67.1554, PDE: 598.7660, Reg: 2587.2459), Eth Losses: China: 254.3657, India: 184.8800, Philippines: 194.6651... (more ethnicities), Val Loss: 579.9800, Val MAE: 11.6767, Val R2: 0.7999
2025-04-25 05:54:06,684 - spatial_moe_trainer - INFO - Epoch 41/100 - Train Loss: 174.3364 (Col: 51.0865, Jump: 136.1693, Decline: 68.0695, PDE: 622.7876, Reg: 2582.6280), Eth Losses: China: 254.3097, India: 205.0885, Philippines: 194.9436... (more ethnicities), Val Loss: 592.4202, Val MAE: 11.6723, Val R2: 0.7956
2025-04-25 05:54:29,063 - spatial_moe_trainer - INFO - Epoch 42/100 - Train Loss: 163.6123 (Col: 58.4317, Jump: 149.9767, Decline: 68.9384, PDE: 589.9063, Reg: 1792.9139), Eth Losses: China: 219.8994, India: 176.3144, Philippines: 179.6164... (more ethnicities), Val Loss: 584.3881, Val MAE: 11.6503, Val R2: 0.7983
2025-04-25 05:54:51,474 - spatial_moe_trainer - INFO - Epoch 43/100 - Train Loss: 169.0172 (Col: 51.1133, Jump: 131.0652, Decline: 63.5527, PDE: 625.8400, Reg: 2287.6365), Eth Losses: China: 230.3120, India: 195.1074, Philippines: 182.7679... (more ethnicities), Val Loss: 582.2205, Val MAE: 11.5921, Val R2: 0.7991
2025-04-25 05:55:13,942 - spatial_moe_trainer - INFO - Epoch 44/100 - Train Loss: 162.0598 (Col: 50.5700, Jump: 137.0480, Decline: 68.9352, PDE: 597.8445, Reg: 2678.0686), Eth Losses: China: 232.6834, India: 184.6808, Philippines: 171.6487... (more ethnicities), Val Loss: 614.6507, Val MAE: 11.6340, Val R2: 0.7879
2025-04-25 05:55:36,502 - spatial_moe_trainer - INFO - Epoch 45/100 - Train Loss: 162.3276 (Col: 49.7143, Jump: 129.7834, Decline: 66.5466, PDE: 627.3779, Reg: 1853.0745), Eth Losses: China: 254.3380, India: 169.8031, Philippines: 167.9017... (more ethnicities), Val Loss: 579.7464, Val MAE: 11.5927, Val R2: 0.7999
2025-04-25 05:55:58,847 - spatial_moe_trainer - INFO - Epoch 46/100 - Train Loss: 157.7923 (Col: 55.4008, Jump: 155.5655, Decline: 65.4593, PDE: 584.3254, Reg: 1758.9550), Eth Losses: China: 241.2325, India: 181.8089, Philippines: 159.6005... (more ethnicities), Val Loss: 567.7131, Val MAE: 11.4353, Val R2: 0.8041
2025-04-25 05:56:21,373 - spatial_moe_trainer - INFO - Epoch 47/100 - Train Loss: 163.1588 (Col: 50.9107, Jump: 156.8688, Decline: 66.3162, PDE: 593.9970, Reg: 2020.0877), Eth Losses: China: 254.3548, India: 173.0708, Philippines: 187.5258... (more ethnicities), Val Loss: 584.1219, Val MAE: 11.5325, Val R2: 0.7984
2025-04-25 05:56:43,787 - spatial_moe_trainer - INFO - Epoch 48/100 - Train Loss: 159.0985 (Col: 60.2060, Jump: 128.2158, Decline: 65.5585, PDE: 569.7128, Reg: 1655.2701), Eth Losses: China: 228.3841, India: 178.3714, Philippines: 166.8149... (more ethnicities), Val Loss: 562.1271, Val MAE: 11.4313, Val R2: 0.8060
2025-04-25 05:57:06,259 - spatial_moe_trainer - INFO - Epoch 49/100 - Train Loss: 157.3953 (Col: 50.5311, Jump: 147.1244, Decline: 65.7338, PDE: 556.9680, Reg: 1964.0004), Eth Losses: China: 247.6524, India: 164.9772, Philippines: 164.7294... (more ethnicities), Val Loss: 599.8218, Val MAE: 11.4802, Val R2: 0.7930
2025-04-25 05:57:28,642 - spatial_moe_trainer - INFO - Epoch 50/100 - Train Loss: 151.2818 (Col: 50.3075, Jump: 132.8056, Decline: 63.2880, PDE: 547.3811, Reg: 2086.4760), Eth Losses: China: 233.2453, India: 158.2444, Philippines: 162.6243... (more ethnicities), Val Loss: 577.7208, Val MAE: 11.4265, Val R2: 0.8006
2025-04-25 05:57:51,280 - spatial_moe_trainer - INFO - Epoch 51/100 - Train Loss: 146.2524 (Col: 51.9276, Jump: 156.2809, Decline: 63.9128, PDE: 535.1183, Reg: 1676.5617), Eth Losses: China: 211.8065, India: 162.6212, Philippines: 153.7161... (more ethnicities), Val Loss: 560.4031, Val MAE: 11.4327, Val R2: 0.8066
2025-04-25 05:58:13,729 - spatial_moe_trainer - INFO - Epoch 52/100 - Train Loss: 151.9981 (Col: 55.6521, Jump: 141.0858, Decline: 60.5413, PDE: 530.1297, Reg: 1854.2073), Eth Losses: China: 249.6940, India: 154.9633, Philippines: 156.3206... (more ethnicities), Val Loss: 570.9072, Val MAE: 11.3789, Val R2: 0.8030
2025-04-25 05:58:36,067 - spatial_moe_trainer - INFO - Epoch 53/100 - Train Loss: 159.0594 (Col: 67.7837, Jump: 137.4608, Decline: 62.7391, PDE: 530.0762, Reg: 1666.6329), Eth Losses: China: 231.2510, India: 180.4838, Philippines: 164.0236... (more ethnicities), Val Loss: 560.1945, Val MAE: 11.3743, Val R2: 0.8067
2025-04-25 05:58:58,462 - spatial_moe_trainer - INFO - Epoch 54/100 - Train Loss: 150.0978 (Col: 54.3705, Jump: 130.6323, Decline: 66.8987, PDE: 494.4019, Reg: 2052.8202), Eth Losses: China: 222.4279, India: 175.5891, Philippines: 152.1445... (more ethnicities), Val Loss: 561.5326, Val MAE: 11.3159, Val R2: 0.8062
2025-04-25 05:59:20,948 - spatial_moe_trainer - INFO - Epoch 55/100 - Train Loss: 139.6479 (Col: 49.0872, Jump: 120.1253, Decline: 62.0948, PDE: 513.4337, Reg: 1471.3895), Eth Losses: China: 208.9758, India: 156.3219, Philippines: 152.4200... (more ethnicities), Val Loss: 560.4121, Val MAE: 11.3631, Val R2: 0.8066
2025-04-25 05:59:43,486 - spatial_moe_trainer - INFO - Epoch 56/100 - Train Loss: 148.0974 (Col: 50.4404, Jump: 127.1589, Decline: 64.6871, PDE: 512.8885, Reg: 1945.2479), Eth Losses: China: 253.0582, India: 148.7392, Philippines: 144.1147... (more ethnicities), Val Loss: 554.9823, Val MAE: 11.3370, Val R2: 0.8085
2025-04-25 06:00:05,782 - spatial_moe_trainer - INFO - Epoch 57/100 - Train Loss: 138.4360 (Col: 46.0509, Jump: 125.6623, Decline: 64.1250, PDE: 515.6153, Reg: 1270.0768), Eth Losses: China: 195.3503, India: 145.0120, Philippines: 166.5220... (more ethnicities), Val Loss: 556.2075, Val MAE: 11.3381, Val R2: 0.8081
2025-04-25 06:00:28,139 - spatial_moe_trainer - INFO - Epoch 58/100 - Train Loss: 144.9845 (Col: 43.9466, Jump: 144.4848, Decline: 67.7769, PDE: 533.2891, Reg: 1834.0049), Eth Losses: China: 207.5036, India: 176.4827, Philippines: 152.8579... (more ethnicities), Val Loss: 587.6336, Val MAE: 11.4706, Val R2: 0.7972
2025-04-25 06:00:50,627 - spatial_moe_trainer - INFO - Epoch 59/100 - Train Loss: 145.0590 (Col: 53.8310, Jump: 131.2358, Decline: 59.5924, PDE: 519.3355, Reg: 1589.4305), Eth Losses: China: 234.9545, India: 157.1115, Philippines: 145.7426... (more ethnicities), Val Loss: 544.1421, Val MAE: 11.4183, Val R2: 0.8122
2025-04-25 06:01:13,047 - spatial_moe_trainer - INFO - Epoch 60/100 - Train Loss: 141.8077 (Col: 49.7455, Jump: 121.2795, Decline: 64.0574, PDE: 499.0449, Reg: 1791.0677), Eth Losses: China: 218.9761, India: 154.3170, Philippines: 145.5296... (more ethnicities), Val Loss: 545.0756, Val MAE: 11.3404, Val R2: 0.8119
2025-04-25 06:01:35,335 - spatial_moe_trainer - INFO - Epoch 61/100 - Train Loss: 142.9077 (Col: 48.8987, Jump: 131.3043, Decline: 64.8614, PDE: 506.7297, Reg: 1812.7715), Eth Losses: China: 210.4559, India: 166.0819, Philippines: 144.8469... (more ethnicities), Val Loss: 608.9643, Val MAE: 11.5838, Val R2: 0.7899
2025-04-25 06:01:57,695 - spatial_moe_trainer - INFO - Epoch 62/100 - Train Loss: 140.0285 (Col: 41.6606, Jump: 127.5457, Decline: 64.0891, PDE: 519.9145, Reg: 1798.1608), Eth Losses: China: 211.8041, India: 161.4460, Philippines: 152.5670... (more ethnicities), Val Loss: 599.5013, Val MAE: 11.5131, Val R2: 0.7931
2025-04-25 06:02:20,413 - spatial_moe_trainer - INFO - Epoch 63/100 - Train Loss: 137.2954 (Col: 46.1228, Jump: 139.8683, Decline: 65.0100, PDE: 501.3865, Reg: 1441.5426), Eth Losses: China: 202.9126, India: 150.2705, Philippines: 137.9892... (more ethnicities), Val Loss: 584.1955, Val MAE: 11.4187, Val R2: 0.7984
2025-04-25 06:02:42,834 - spatial_moe_trainer - INFO - Epoch 64/100 - Train Loss: 142.9593 (Col: 43.4511, Jump: 143.3970, Decline: 64.5739, PDE: 491.3810, Reg: 2051.7160), Eth Losses: China: 242.5093, India: 143.4901, Philippines: 139.9950... (more ethnicities), Val Loss: 579.4985, Val MAE: 11.4546, Val R2: 0.8000
2025-04-25 06:03:05,354 - spatial_moe_trainer - INFO - Epoch 65/100 - Train Loss: 139.2912 (Col: 47.3606, Jump: 113.1747, Decline: 62.3675, PDE: 481.5427, Reg: 1784.4013), Eth Losses: China: 227.4501, India: 143.3566, Philippines: 144.3509... (more ethnicities), Val Loss: 602.6137, Val MAE: 11.3719, Val R2: 0.7921
2025-04-25 06:03:27,852 - spatial_moe_trainer - INFO - Epoch 66/100 - Train Loss: 138.8079 (Col: 47.1668, Jump: 129.2973, Decline: 60.7263, PDE: 495.0432, Reg: 1499.8698), Eth Losses: China: 214.0243, India: 154.1495, Philippines: 154.5303... (more ethnicities), Val Loss: 565.1149, Val MAE: 11.3258, Val R2: 0.8050
2025-04-25 06:03:50,311 - spatial_moe_trainer - INFO - Epoch 67/100 - Train Loss: 135.2236 (Col: 46.9197, Jump: 122.3677, Decline: 59.6849, PDE: 458.0459, Reg: 1905.3834), Eth Losses: China: 234.5701, India: 145.9082, Philippines: 129.6328... (more ethnicities), Val Loss: 541.8559, Val MAE: 11.2540, Val R2: 0.8130
2025-04-25 06:04:12,909 - spatial_moe_trainer - INFO - Epoch 68/100 - Train Loss: 134.4373 (Col: 44.9549, Jump: 127.7628, Decline: 59.6976, PDE: 492.2073, Reg: 1514.2623), Eth Losses: China: 212.6097, India: 139.1037, Philippines: 138.3785... (more ethnicities), Val Loss: 572.6361, Val MAE: 11.3663, Val R2: 0.8024
2025-04-25 06:04:35,633 - spatial_moe_trainer - INFO - Epoch 69/100 - Train Loss: 134.9400 (Col: 37.1841, Jump: 132.8774, Decline: 64.2472, PDE: 474.4144, Reg: 2007.8543), Eth Losses: China: 230.2487, India: 146.1931, Philippines: 136.1753... (more ethnicities), Val Loss: 543.3835, Val MAE: 11.2741, Val R2: 0.8125
2025-04-25 06:04:58,050 - spatial_moe_trainer - INFO - Epoch 70/100 - Train Loss: 131.1601 (Col: 36.2113, Jump: 122.2648, Decline: 62.0070, PDE: 498.3561, Reg: 1591.0217), Eth Losses: China: 193.5438, India: 149.6556, Philippines: 137.4188... (more ethnicities), Val Loss: 561.7813, Val MAE: 11.3067, Val R2: 0.8061
2025-04-25 06:05:20,763 - spatial_moe_trainer - INFO - Epoch 71/100 - Train Loss: 141.2063 (Col: 64.3997, Jump: 112.0875, Decline: 60.9088, PDE: 447.1359, Reg: 1597.4235), Eth Losses: China: 260.5464, India: 130.3167, Philippines: 136.8950... (more ethnicities), Val Loss: 555.9250, Val MAE: 11.2626, Val R2: 0.8082
2025-04-25 06:05:43,273 - spatial_moe_trainer - INFO - Epoch 72/100 - Train Loss: 132.9984 (Col: 45.9377, Jump: 155.8904, Decline: 63.2524, PDE: 453.1397, Reg: 1533.9564), Eth Losses: China: 213.9986, India: 141.4624, Philippines: 136.4475... (more ethnicities), Val Loss: 564.8699, Val MAE: 11.2625, Val R2: 0.8051
2025-04-25 06:06:05,924 - spatial_moe_trainer - INFO - Epoch 73/100 - Train Loss: 139.1930 (Col: 45.7392, Jump: 138.2782, Decline: 61.2930, PDE: 506.9634, Reg: 1547.5827), Eth Losses: China: 232.8561, India: 130.8857, Philippines: 144.1332... (more ethnicities), Val Loss: 567.7724, Val MAE: 11.2798, Val R2: 0.8041
2025-04-25 06:06:28,315 - spatial_moe_trainer - INFO - Epoch 74/100 - Train Loss: 130.7920 (Col: 38.3744, Jump: 123.6114, Decline: 61.0087, PDE: 489.1809, Reg: 1509.2153), Eth Losses: China: 200.9703, India: 145.7818, Philippines: 136.0468... (more ethnicities), Val Loss: 556.8772, Val MAE: 11.3072, Val R2: 0.8078
2025-04-25 06:06:50,904 - spatial_moe_trainer - INFO - Epoch 75/100 - Train Loss: 127.0299 (Col: 42.0365, Jump: 107.6618, Decline: 59.2551, PDE: 447.4478, Reg: 1994.6280), Eth Losses: China: 216.6647, India: 119.5958, Philippines: 131.6955... (more ethnicities), Val Loss: 568.1978, Val MAE: 11.2950, Val R2: 0.8039
2025-04-25 06:07:13,528 - spatial_moe_trainer - INFO - Epoch 76/100 - Train Loss: 120.4049 (Col: 37.0049, Jump: 141.7405, Decline: 59.2706, PDE: 451.7625, Reg: 1319.9364), Eth Losses: China: 172.5878, India: 131.6486, Philippines: 127.8364... (more ethnicities), Val Loss: 557.9207, Val MAE: 11.3047, Val R2: 0.8075
2025-04-25 06:07:36,062 - spatial_moe_trainer - INFO - Epoch 77/100 - Train Loss: 128.7598 (Col: 42.6675, Jump: 133.7529, Decline: 64.9349, PDE: 466.4379, Reg: 1421.0378), Eth Losses: China: 186.4814, India: 133.8395, Philippines: 144.3276... (more ethnicities), Val Loss: 556.7005, Val MAE: 11.2701, Val R2: 0.8079
2025-04-25 06:07:36,062 - spatial_moe_trainer - INFO - Early stopping at epoch 77
2025-04-25 06:07:36,079 - spatial_moe_trainer - INFO - Saving metrics to ./optuna_results/trial_44/metrics
2025-04-25 06:07:36,082 - spatial_moe_trainer - INFO - Training metrics saved to ./optuna_results/trial_44/metrics/training_metrics.csv
2025-04-25 06:07:36,087 - spatial_moe_trainer - INFO - Validation metrics saved to ./optuna_results/trial_44/metrics/validation_metrics.csv
2025-04-25 06:07:36,124 - spatial_moe_trainer - INFO - Multi-Ethnic Spatial MoE model saved to ./optuna_results/trial_44/model.pt
2025-04-25 06:07:36,160 - __mp_main__ - INFO - Running trial 45 on device cuda:0
2025-04-25 06:07:36,175 - __main__ - INFO - Trial 44 completed with value: 541.855938
2025-04-25 06:07:36,363 - __mp_main__ - INFO - Using adjusted dimensions - hidden_dims: [38, 22, 12], coord_embed_dim: 6
2025-04-25 06:07:36,408 - spatial_moe_trainer - INFO - Multi-Ethnic Spatial MoE model initialized on cuda:0
2025-04-25 06:07:36,408 - spatial_moe_trainer - INFO - Model will predict 5 ethnicities: ['China', 'India', 'Philippines', 'Portugal', 'Sri Lanka']
2025-04-25 06:07:36,429 - __mp_main__ - INFO - Testing model forward pass before training...
2025-04-25 06:07:36,589 - __mp_main__ - INFO - Test forward pass successful. Output shape: torch.Size([64, 5])
2025-04-25 06:07:36,590 - spatial_moe_trainer - INFO - Starting multi-ethnic spatial MoE model training with learnable expert router...
2025-04-25 06:07:36,590 - spatial_moe_trainer - INFO - Using colonization_weight=6.9535191147096915, jump_weight=5.336416046494745, decline_weight=7.8604658659774085, pde_weight=7.860703135001416
2025-04-25 06:07:59,070 - spatial_moe_trainer - INFO - Epoch 1/100 - Train Loss: 1218.3576 (Col: 851.7699, Jump: 769.6172, Decline: 149.4175, PDE: 3816.1094, Reg: 8893.0390), Eth Losses: China: 2019.4106, India: 1006.6527, Philippines: 1428.6689... (more ethnicities), Val Loss: 1154.5086, Val MAE: 16.5221, Val R2: 0.6016
2025-04-25 06:08:21,530 - spatial_moe_trainer - INFO - Epoch 2/100 - Train Loss: 849.6908 (Col: 513.1022, Jump: 560.4826, Decline: 122.9901, PDE: 2744.9540, Reg: 10200.4550), Eth Losses: China: 1400.0287, India: 681.4575, Philippines: 1021.1796... (more ethnicities), Val Loss: 1080.8756, Val MAE: 15.6755, Val R2: 0.6270
2025-04-25 06:08:44,127 - spatial_moe_trainer - INFO - Epoch 3/100 - Train Loss: 663.9832 (Col: 294.0339, Jump: 448.2323, Decline: 127.3718, PDE: 2479.5533, Reg: 9067.2145), Eth Losses: China: 1031.8120, India: 669.5680, Philippines: 841.3929... (more ethnicities), Val Loss: 1050.9446, Val MAE: 15.3884, Val R2: 0.6374
2025-04-25 06:09:06,665 - spatial_moe_trainer - INFO - Epoch 4/100 - Train Loss: 592.1672 (Col: 226.6009, Jump: 369.3703, Decline: 117.7817, PDE: 2390.8533, Reg: 9120.3874), Eth Losses: China: 900.0364, India: 581.1275, Philippines: 760.3759... (more ethnicities), Val Loss: 938.4867, Val MAE: 14.5310, Val R2: 0.6762
2025-04-25 06:09:29,208 - spatial_moe_trainer - INFO - Epoch 5/100 - Train Loss: 536.5141 (Col: 203.7014, Jump: 341.4949, Decline: 109.7130, PDE: 2194.3802, Reg: 7752.5748), Eth Losses: China: 766.1747, India: 540.7557, Philippines: 716.9928... (more ethnicities), Val Loss: 915.9213, Val MAE: 14.5325, Val R2: 0.6839
2025-04-25 06:09:51,901 - spatial_moe_trainer - INFO - Epoch 6/100 - Train Loss: 529.1921 (Col: 187.6505, Jump: 358.7591, Decline: 113.1067, PDE: 2118.4678, Reg: 8540.4776), Eth Losses: China: 785.0305, India: 547.9776, Philippines: 700.4251... (more ethnicities), Val Loss: 877.8150, Val MAE: 14.1809, Val R2: 0.6971
2025-04-25 06:10:14,430 - spatial_moe_trainer - INFO - Epoch 7/100 - Train Loss: 503.6936 (Col: 172.5267, Jump: 328.3656, Decline: 123.0995, PDE: 1958.4540, Reg: 10675.7540), Eth Losses: China: 699.9043, India: 534.0009, Philippines: 671.1631... (more ethnicities), Val Loss: 844.1703, Val MAE: 13.9646, Val R2: 0.7087
2025-04-25 06:10:36,767 - spatial_moe_trainer - INFO - Epoch 8/100 - Train Loss: 517.5259 (Col: 168.8286, Jump: 251.4643, Decline: 118.5576, PDE: 2028.8067, Reg: 9495.8095), Eth Losses: China: 701.2044, India: 532.4828, Philippines: 721.3147... (more ethnicities), Val Loss: 775.3717, Val MAE: 14.0665, Val R2: 0.7324
2025-04-25 06:10:59,181 - spatial_moe_trainer - INFO - Epoch 9/100 - Train Loss: 432.6594 (Col: 158.1507, Jump: 275.0056, Decline: 109.9408, PDE: 1726.2248, Reg: 6340.4922), Eth Losses: China: 577.4245, India: 502.2474, Philippines: 547.4503... (more ethnicities), Val Loss: 758.1990, Val MAE: 13.1574, Val R2: 0.7384
2025-04-25 06:11:21,666 - spatial_moe_trainer - INFO - Epoch 10/100 - Train Loss: 429.0764 (Col: 148.9931, Jump: 235.1223, Decline: 119.9942, PDE: 1705.7508, Reg: 8084.3219), Eth Losses: China: 588.3659, India: 416.9606, Philippines: 545.2065... (more ethnicities), Val Loss: 717.3982, Val MAE: 12.7967, Val R2: 0.7524
2025-04-25 06:11:44,263 - spatial_moe_trainer - INFO - Epoch 11/100 - Train Loss: 402.2260 (Col: 165.5648, Jump: 239.7666, Decline: 112.2202, PDE: 1569.8177, Reg: 5014.4991), Eth Losses: China: 569.3366, India: 421.3318, Philippines: 498.3194... (more ethnicities), Val Loss: 675.6780, Val MAE: 12.9735, Val R2: 0.7668
2025-04-25 06:12:06,685 - spatial_moe_trainer - INFO - Epoch 12/100 - Train Loss: 389.1849 (Col: 133.1348, Jump: 220.4430, Decline: 108.6546, PDE: 1479.4844, Reg: 7427.2325), Eth Losses: China: 500.3399, India: 408.9386, Philippines: 477.1891... (more ethnicities), Val Loss: 726.3009, Val MAE: 12.8499, Val R2: 0.7494
2025-04-25 06:12:29,086 - spatial_moe_trainer - INFO - Epoch 13/100 - Train Loss: 384.2741 (Col: 160.4753, Jump: 202.2512, Decline: 113.3929, PDE: 1397.7668, Reg: 4809.7167), Eth Losses: China: 509.8831, India: 491.7644, Philippines: 404.9540... (more ethnicities), Val Loss: 840.2806, Val MAE: 13.0717, Val R2: 0.7100
2025-04-25 06:12:51,440 - spatial_moe_trainer - INFO - Epoch 14/100 - Train Loss: 371.9906 (Col: 151.3259, Jump: 214.7958, Decline: 102.2492, PDE: 1402.8011, Reg: 5767.3396), Eth Losses: China: 570.4757, India: 405.8783, Philippines: 402.9806... (more ethnicities), Val Loss: 710.3492, Val MAE: 12.6271, Val R2: 0.7549
2025-04-25 06:13:13,899 - spatial_moe_trainer - INFO - Epoch 15/100 - Train Loss: 341.6679 (Col: 134.3789, Jump: 178.8381, Decline: 102.7829, PDE: 1287.8226, Reg: 5802.5278), Eth Losses: China: 500.9834, India: 377.5399, Philippines: 381.8506... (more ethnicities), Val Loss: 737.5103, Val MAE: 12.6356, Val R2: 0.7455
2025-04-25 06:13:36,128 - spatial_moe_trainer - INFO - Epoch 16/100 - Train Loss: 320.5779 (Col: 120.9447, Jump: 168.5818, Decline: 105.3431, PDE: 1272.6447, Reg: 4109.3831), Eth Losses: China: 415.0602, India: 355.4652, Philippines: 381.3995... (more ethnicities), Val Loss: 717.9520, Val MAE: 12.7937, Val R2: 0.7523
2025-04-25 06:13:58,568 - spatial_moe_trainer - INFO - Epoch 17/100 - Train Loss: 318.0477 (Col: 127.1674, Jump: 194.3183, Decline: 94.9880, PDE: 1202.1917, Reg: 4865.6239), Eth Losses: China: 391.1378, India: 339.3359, Philippines: 360.3319... (more ethnicities), Val Loss: 719.0226, Val MAE: 12.4383, Val R2: 0.7519
2025-04-25 06:14:20,942 - spatial_moe_trainer - INFO - Epoch 18/100 - Train Loss: 295.4759 (Col: 106.9573, Jump: 192.1117, Decline: 86.6934, PDE: 1170.3798, Reg: 3595.4578), Eth Losses: China: 371.9810, India: 330.9561, Philippines: 366.6835... (more ethnicities), Val Loss: 647.2411, Val MAE: 12.3330, Val R2: 0.7767
2025-04-25 06:14:43,258 - spatial_moe_trainer - INFO - Epoch 19/100 - Train Loss: 287.8733 (Col: 90.5197, Jump: 180.6147, Decline: 87.9957, PDE: 1182.9534, Reg: 3815.6043), Eth Losses: China: 411.6632, India: 306.2062, Philippines: 320.3660... (more ethnicities), Val Loss: 705.1453, Val MAE: 12.4128, Val R2: 0.7567
2025-04-25 06:15:05,932 - spatial_moe_trainer - INFO - Epoch 20/100 - Train Loss: 257.6660 (Col: 87.0973, Jump: 159.2151, Decline: 86.0812, PDE: 1105.2603, Reg: 2148.4631), Eth Losses: China: 313.0044, India: 272.6400, Philippines: 318.4271... (more ethnicities), Val Loss: 665.8064, Val MAE: 12.2620, Val R2: 0.7703
2025-04-25 06:15:28,476 - spatial_moe_trainer - INFO - Epoch 21/100 - Train Loss: 260.9943 (Col: 88.2292, Jump: 181.0096, Decline: 85.2617, PDE: 1073.8072, Reg: 3537.7892), Eth Losses: China: 368.3449, India: 275.4849, Philippines: 299.2328... (more ethnicities), Val Loss: 612.9401, Val MAE: 12.1276, Val R2: 0.7885
2025-04-25 06:15:50,776 - spatial_moe_trainer - INFO - Epoch 22/100 - Train Loss: 253.0192 (Col: 84.8027, Jump: 164.0217, Decline: 80.4846, PDE: 1037.9553, Reg: 3586.1538), Eth Losses: China: 317.2567, India: 268.8583, Philippines: 297.9770... (more ethnicities), Val Loss: 616.9414, Val MAE: 11.9975, Val R2: 0.7871
2025-04-25 06:16:13,260 - spatial_moe_trainer - INFO - Epoch 23/100 - Train Loss: 255.7895 (Col: 83.7121, Jump: 185.0705, Decline: 83.7962, PDE: 1035.4275, Reg: 3846.8399), Eth Losses: China: 347.2748, India: 272.0049, Philippines: 317.6183... (more ethnicities), Val Loss: 662.2422, Val MAE: 12.0482, Val R2: 0.7715
2025-04-25 06:16:35,681 - spatial_moe_trainer - INFO - Epoch 24/100 - Train Loss: 256.2001 (Col: 74.1976, Jump: 146.1711, Decline: 87.7443, PDE: 1056.0582, Reg: 4411.9237), Eth Losses: China: 383.2148, India: 253.5345, Philippines: 289.0160... (more ethnicities), Val Loss: 642.8985, Val MAE: 12.1140, Val R2: 0.7782
2025-04-25 06:16:57,942 - spatial_moe_trainer - INFO - Epoch 25/100 - Train Loss: 252.2327 (Col: 88.3889, Jump: 183.9803, Decline: 81.7360, PDE: 1002.1132, Reg: 3913.5841), Eth Losses: China: 368.0279, India: 257.8462, Philippines: 279.5987... (more ethnicities), Val Loss: 648.3755, Val MAE: 11.9986, Val R2: 0.7763
2025-04-25 06:17:20,429 - spatial_moe_trainer - INFO - Epoch 26/100 - Train Loss: 244.7210 (Col: 78.4970, Jump: 168.7409, Decline: 77.1960, PDE: 973.2680, Reg: 4412.5538), Eth Losses: China: 337.1891, India: 257.2271, Philippines: 265.3182... (more ethnicities), Val Loss: 626.8258, Val MAE: 11.8777, Val R2: 0.7837
2025-04-25 06:17:43,043 - spatial_moe_trainer - INFO - Epoch 27/100 - Train Loss: 231.6782 (Col: 69.7462, Jump: 150.0548, Decline: 79.2956, PDE: 969.9720, Reg: 3042.8706), Eth Losses: China: 301.5156, India: 249.1185, Philippines: 256.9721... (more ethnicities), Val Loss: 616.0630, Val MAE: 12.0090, Val R2: 0.7874
2025-04-25 06:18:05,570 - spatial_moe_trainer - INFO - Epoch 28/100 - Train Loss: 227.2570 (Col: 72.0734, Jump: 144.2856, Decline: 80.3180, PDE: 938.0170, Reg: 3351.2483), Eth Losses: China: 307.4697, India: 230.7070, Philippines: 249.2447... (more ethnicities), Val Loss: 619.7539, Val MAE: 11.9561, Val R2: 0.7861
2025-04-25 06:18:28,018 - spatial_moe_trainer - INFO - Epoch 29/100 - Train Loss: 228.7926 (Col: 66.8162, Jump: 145.0350, Decline: 81.8285, PDE: 931.0027, Reg: 3393.5905), Eth Losses: China: 323.1110, India: 223.6779, Philippines: 256.3179... (more ethnicities), Val Loss: 590.0061, Val MAE: 11.8405, Val R2: 0.7964
2025-04-25 06:18:50,406 - spatial_moe_trainer - INFO - Epoch 30/100 - Train Loss: 211.8220 (Col: 63.3193, Jump: 156.5166, Decline: 75.3811, PDE: 910.9245, Reg: 2391.5623), Eth Losses: China: 286.9874, India: 220.8770, Philippines: 244.0631... (more ethnicities), Val Loss: 598.4683, Val MAE: 11.8378, Val R2: 0.7935
2025-04-25 06:19:12,790 - spatial_moe_trainer - INFO - Epoch 31/100 - Train Loss: 217.8278 (Col: 67.9357, Jump: 154.0713, Decline: 76.7863, PDE: 897.7884, Reg: 3002.3928), Eth Losses: China: 274.7781, India: 246.1882, Philippines: 249.8303... (more ethnicities), Val Loss: 588.0257, Val MAE: 11.8195, Val R2: 0.7971
2025-04-25 06:19:35,075 - spatial_moe_trainer - INFO - Epoch 32/100 - Train Loss: 219.6271 (Col: 68.6339, Jump: 151.1433, Decline: 75.9061, PDE: 900.1502, Reg: 2997.9027), Eth Losses: China: 306.6081, India: 222.7047, Philippines: 254.9633... (more ethnicities), Val Loss: 589.6598, Val MAE: 11.8422, Val R2: 0.7965
2025-04-25 06:19:57,620 - spatial_moe_trainer - INFO - Epoch 33/100 - Train Loss: 215.0919 (Col: 69.6213, Jump: 148.1755, Decline: 77.4247, PDE: 886.8978, Reg: 2809.1526), Eth Losses: China: 322.3801, India: 212.4375, Philippines: 237.6822... (more ethnicities), Val Loss: 564.5217, Val MAE: 11.7397, Val R2: 0.8052
2025-04-25 06:20:20,112 - spatial_moe_trainer - INFO - Epoch 34/100 - Train Loss: 203.9982 (Col: 58.4457, Jump: 124.7439, Decline: 77.4615, PDE: 859.9635, Reg: 2247.3754), Eth Losses: China: 259.7505, India: 214.0081, Philippines: 242.8904... (more ethnicities), Val Loss: 572.1311, Val MAE: 11.6785, Val R2: 0.8026
2025-04-25 06:20:42,655 - spatial_moe_trainer - INFO - Epoch 35/100 - Train Loss: 212.9324 (Col: 65.8535, Jump: 142.3466, Decline: 76.6349, PDE: 884.0698, Reg: 2731.2966), Eth Losses: China: 305.9274, India: 209.5932, Philippines: 238.7339... (more ethnicities), Val Loss: 574.3939, Val MAE: 11.6454, Val R2: 0.8018
2025-04-25 06:21:05,237 - spatial_moe_trainer - INFO - Epoch 36/100 - Train Loss: 199.0770 (Col: 56.9044, Jump: 159.5280, Decline: 75.8626, PDE: 860.1083, Reg: 1810.3460), Eth Losses: China: 266.7717, India: 210.9648, Philippines: 238.7185... (more ethnicities), Val Loss: 577.0770, Val MAE: 11.7388, Val R2: 0.8009
2025-04-25 06:21:27,744 - spatial_moe_trainer - INFO - Epoch 37/100 - Train Loss: 213.5359 (Col: 67.7548, Jump: 150.2392, Decline: 77.4707, PDE: 890.4879, Reg: 2620.8763), Eth Losses: China: 321.9226, India: 204.2408, Philippines: 232.4294... (more ethnicities), Val Loss: 608.2331, Val MAE: 11.7877, Val R2: 0.7901
2025-04-25 06:21:50,122 - spatial_moe_trainer - INFO - Epoch 38/100 - Train Loss: 200.2480 (Col: 61.9739, Jump: 140.6127, Decline: 75.0007, PDE: 853.7590, Reg: 2193.6216), Eth Losses: China: 283.2481, India: 220.1651, Philippines: 216.6999... (more ethnicities), Val Loss: 566.2048, Val MAE: 11.6451, Val R2: 0.8046
2025-04-25 06:22:12,626 - spatial_moe_trainer - INFO - Epoch 39/100 - Train Loss: 210.2007 (Col: 61.7515, Jump: 160.9064, Decline: 74.7628, PDE: 869.5293, Reg: 2528.1124), Eth Losses: China: 289.6882, India: 223.2034, Philippines: 241.6534... (more ethnicities), Val Loss: 591.9835, Val MAE: 11.7745, Val R2: 0.7957
2025-04-25 06:22:34,932 - spatial_moe_trainer - INFO - Epoch 40/100 - Train Loss: 209.2694 (Col: 67.9868, Jump: 132.4485, Decline: 77.5361, PDE: 864.4370, Reg: 2362.6115), Eth Losses: China: 289.0642, India: 211.1812, Philippines: 246.4992... (more ethnicities), Val Loss: 571.6152, Val MAE: 11.5927, Val R2: 0.8028
2025-04-25 06:22:57,296 - spatial_moe_trainer - INFO - Epoch 41/100 - Train Loss: 201.1867 (Col: 55.9444, Jump: 151.0987, Decline: 76.1428, PDE: 847.5291, Reg: 3205.0677), Eth Losses: China: 297.4277, India: 185.2016, Philippines: 219.7695... (more ethnicities), Val Loss: 564.6956, Val MAE: 11.6003, Val R2: 0.8051
2025-04-25 06:23:19,785 - spatial_moe_trainer - INFO - Epoch 42/100 - Train Loss: 202.2847 (Col: 55.5135, Jump: 145.1105, Decline: 74.9602, PDE: 848.8812, Reg: 3018.7112), Eth Losses: China: 287.8165, India: 204.9868, Philippines: 232.6127... (more ethnicities), Val Loss: 570.0560, Val MAE: 11.5922, Val R2: 0.8033
2025-04-25 06:23:42,238 - spatial_moe_trainer - INFO - Epoch 43/100 - Train Loss: 192.7304 (Col: 56.5930, Jump: 156.6939, Decline: 74.9210, PDE: 798.5851, Reg: 2847.1963), Eth Losses: China: 250.5689, India: 214.9389, Philippines: 220.0304... (more ethnicities), Val Loss: 579.4929, Val MAE: 11.6443, Val R2: 0.8000
2025-04-25 06:23:42,239 - spatial_moe_trainer - INFO - Early stopping at epoch 43
2025-04-25 06:23:42,254 - spatial_moe_trainer - INFO - Saving metrics to ./optuna_results/trial_45/metrics
2025-04-25 06:23:42,257 - spatial_moe_trainer - INFO - Training metrics saved to ./optuna_results/trial_45/metrics/training_metrics.csv
2025-04-25 06:23:42,260 - spatial_moe_trainer - INFO - Validation metrics saved to ./optuna_results/trial_45/metrics/validation_metrics.csv
2025-04-25 06:23:42,297 - spatial_moe_trainer - INFO - Multi-Ethnic Spatial MoE model saved to ./optuna_results/trial_45/model.pt
2025-04-25 06:23:42,333 - __mp_main__ - INFO - Running trial 46 on device cuda:0
2025-04-25 06:23:42,347 - __main__ - INFO - Trial 45 completed with value: 564.521690
2025-04-25 06:23:42,532 - __mp_main__ - INFO - Using adjusted dimensions - hidden_dims: [69, 33, 18], coord_embed_dim: 15
2025-04-25 06:23:42,578 - spatial_moe_trainer - INFO - Multi-Ethnic Spatial MoE model initialized on cuda:0
2025-04-25 06:23:42,578 - spatial_moe_trainer - INFO - Model will predict 5 ethnicities: ['China', 'India', 'Philippines', 'Portugal', 'Sri Lanka']
2025-04-25 06:23:42,599 - __mp_main__ - INFO - Testing model forward pass before training...
2025-04-25 06:23:42,757 - __mp_main__ - INFO - Test forward pass successful. Output shape: torch.Size([64, 5])
2025-04-25 06:23:42,758 - spatial_moe_trainer - INFO - Starting multi-ethnic spatial MoE model training with learnable expert router...
2025-04-25 06:23:42,758 - spatial_moe_trainer - INFO - Using colonization_weight=7.70194809505662, jump_weight=2.2703898624335253, decline_weight=8.814495164538439, pde_weight=5.854906282181436
2025-04-25 06:24:05,188 - spatial_moe_trainer - INFO - Epoch 1/100 - Train Loss: 1217.1312 (Col: 905.0406, Jump: 901.7975, Decline: 137.3840, PDE: 3397.4799, Reg: 7049.0701), Eth Losses: China: 2186.0366, India: 834.7272, Philippines: 1346.7483... (more ethnicities), Val Loss: 1091.0237, Val MAE: 16.6003, Val R2: 0.6235
2025-04-25 06:24:27,747 - spatial_moe_trainer - INFO - Epoch 2/100 - Train Loss: 769.6743 (Col: 500.3593, Jump: 629.7649, Decline: 110.6335, PDE: 2227.9730, Reg: 7382.6878), Eth Losses: China: 1168.2829, India: 638.9084, Philippines: 973.6491... (more ethnicities), Val Loss: 958.8837, Val MAE: 15.0950, Val R2: 0.6691
2025-04-25 06:24:50,150 - spatial_moe_trainer - INFO - Epoch 3/100 - Train Loss: 582.9656 (Col: 317.4778, Jump: 583.6420, Decline: 106.7225, PDE: 1930.2383, Reg: 5629.3819), Eth Losses: China: 935.1853, India: 557.3886, Philippines: 746.8731... (more ethnicities), Val Loss: 934.4377, Val MAE: 14.8333, Val R2: 0.6776
2025-04-25 06:25:12,647 - spatial_moe_trainer - INFO - Epoch 4/100 - Train Loss: 502.7114 (Col: 234.9476, Jump: 478.6957, Decline: 102.1246, PDE: 1704.5277, Reg: 5494.8373), Eth Losses: China: 759.8978, India: 519.0068, Philippines: 624.0965... (more ethnicities), Val Loss: 909.6397, Val MAE: 14.2881, Val R2: 0.6861
2025-04-25 06:25:35,127 - spatial_moe_trainer - INFO - Epoch 5/100 - Train Loss: 468.1973 (Col: 203.7120, Jump: 396.7935, Decline: 94.8150, PDE: 1620.7025, Reg: 6340.2593), Eth Losses: China: 705.7340, India: 503.3005, Philippines: 552.6238... (more ethnicities), Val Loss: 785.9843, Val MAE: 13.9625, Val R2: 0.7288
2025-04-25 06:25:57,545 - spatial_moe_trainer - INFO - Epoch 6/100 - Train Loss: 455.3183 (Col: 196.3225, Jump: 367.1391, Decline: 93.5441, PDE: 1580.8278, Reg: 5395.4147), Eth Losses: China: 758.8588, India: 467.7873, Philippines: 491.6447... (more ethnicities), Val Loss: 839.8092, Val MAE: 13.7263, Val R2: 0.7102
2025-04-25 06:26:20,095 - spatial_moe_trainer - INFO - Epoch 7/100 - Train Loss: 415.1485 (Col: 177.5542, Jump: 333.1929, Decline: 89.6936, PDE: 1477.1520, Reg: 5084.6989), Eth Losses: China: 650.5178, India: 416.4597, Philippines: 482.3769... (more ethnicities), Val Loss: 792.7872, Val MAE: 13.7167, Val R2: 0.7264
2025-04-25 06:26:42,682 - spatial_moe_trainer - INFO - Epoch 8/100 - Train Loss: 425.4416 (Col: 171.8911, Jump: 363.5227, Decline: 88.1920, PDE: 1467.9417, Reg: 6279.6141), Eth Losses: China: 702.3663, India: 422.1840, Philippines: 495.0694... (more ethnicities), Val Loss: 802.2727, Val MAE: 13.8567, Val R2: 0.7232
2025-04-25 06:27:05,162 - spatial_moe_trainer - INFO - Epoch 9/100 - Train Loss: 371.1696 (Col: 166.0166, Jump: 325.5835, Decline: 84.8213, PDE: 1362.0672, Reg: 4038.3030), Eth Losses: China: 591.8061, India: 352.5426, Philippines: 452.8686... (more ethnicities), Val Loss: 793.6277, Val MAE: 13.5244, Val R2: 0.7261
2025-04-25 06:27:27,675 - spatial_moe_trainer - INFO - Epoch 10/100 - Train Loss: 390.7472 (Col: 187.4692, Jump: 314.8451, Decline: 84.1618, PDE: 1321.4199, Reg: 4368.4474), Eth Losses: China: 692.4705, India: 376.5046, Philippines: 425.3020... (more ethnicities), Val Loss: 759.5700, Val MAE: 13.4275, Val R2: 0.7379
2025-04-25 06:27:50,247 - spatial_moe_trainer - INFO - Epoch 11/100 - Train Loss: 358.3803 (Col: 168.6945, Jump: 290.0433, Decline: 81.5376, PDE: 1270.1892, Reg: 3051.1784), Eth Losses: China: 602.7514, India: 355.8496, Philippines: 398.8024... (more ethnicities), Val Loss: 707.3760, Val MAE: 13.1417, Val R2: 0.7559
2025-04-25 06:28:12,784 - spatial_moe_trainer - INFO - Epoch 12/100 - Train Loss: 332.1882 (Col: 130.4746, Jump: 299.7831, Decline: 79.2483, PDE: 1207.3364, Reg: 3755.5738), Eth Losses: China: 512.7305, India: 339.1178, Philippines: 386.1560... (more ethnicities), Val Loss: 756.9039, Val MAE: 12.9783, Val R2: 0.7388
2025-04-25 06:28:35,381 - spatial_moe_trainer - INFO - Epoch 13/100 - Train Loss: 339.0217 (Col: 146.5241, Jump: 293.6556, Decline: 76.9088, PDE: 1192.2912, Reg: 4134.8831), Eth Losses: China: 573.2041, India: 309.9533, Philippines: 403.1170... (more ethnicities), Val Loss: 768.3824, Val MAE: 13.1689, Val R2: 0.7349
2025-04-25 06:28:57,857 - spatial_moe_trainer - INFO - Epoch 14/100 - Train Loss: 293.5468 (Col: 115.2341, Jump: 285.1598, Decline: 73.6049, PDE: 1133.6015, Reg: 2973.3710), Eth Losses: China: 396.2709, India: 323.4147, Philippines: 362.5977... (more ethnicities), Val Loss: 724.9534, Val MAE: 12.8286, Val R2: 0.7498
2025-04-25 06:29:20,200 - spatial_moe_trainer - INFO - Epoch 15/100 - Train Loss: 296.3603 (Col: 121.0824, Jump: 274.5410, Decline: 71.5925, PDE: 1114.4685, Reg: 2999.0482), Eth Losses: China: 373.8493, India: 314.4841, Philippines: 375.2398... (more ethnicities), Val Loss: 733.7923, Val MAE: 13.0745, Val R2: 0.7468
2025-04-25 06:29:42,810 - spatial_moe_trainer - INFO - Epoch 16/100 - Train Loss: 299.3465 (Col: 120.0155, Jump: 258.2949, Decline: 71.3294, PDE: 1120.9325, Reg: 3384.4025), Eth Losses: China: 430.1894, India: 330.5650, Philippines: 345.4157... (more ethnicities), Val Loss: 712.6359, Val MAE: 12.7389, Val R2: 0.7541
2025-04-25 06:30:05,140 - spatial_moe_trainer - INFO - Trial pruned at epoch 17
2025-04-25 06:30:05,149 - spatial_moe_trainer - INFO - Saving metrics to ./optuna_results/trial_46/metrics
2025-04-25 06:30:05,151 - spatial_moe_trainer - INFO - Training metrics saved to ./optuna_results/trial_46/metrics/training_metrics.csv
2025-04-25 06:30:05,153 - spatial_moe_trainer - INFO - Validation metrics saved to ./optuna_results/trial_46/metrics/validation_metrics.csv
2025-04-25 06:30:05,191 - spatial_moe_trainer - INFO - Multi-Ethnic Spatial MoE model saved to ./optuna_results/trial_46/model.pt
2025-04-25 06:30:05,228 - __mp_main__ - INFO - Running trial 47 on device cuda:0
2025-04-25 06:30:05,242 - __main__ - INFO - Trial 46 completed with value: 707.376000
2025-04-25 06:30:05,427 - __mp_main__ - INFO - Using adjusted dimensions - hidden_dims: [38, 14, 12], coord_embed_dim: 6
2025-04-25 06:30:05,472 - spatial_moe_trainer - INFO - Multi-Ethnic Spatial MoE model initialized on cuda:0
2025-04-25 06:30:05,472 - spatial_moe_trainer - INFO - Model will predict 5 ethnicities: ['China', 'India', 'Philippines', 'Portugal', 'Sri Lanka']
2025-04-25 06:30:05,492 - __mp_main__ - INFO - Testing model forward pass before training...
2025-04-25 06:30:05,649 - __mp_main__ - INFO - Test forward pass successful. Output shape: torch.Size([64, 5])
2025-04-25 06:30:05,650 - spatial_moe_trainer - INFO - Starting multi-ethnic spatial MoE model training with learnable expert router...
2025-04-25 06:30:05,650 - spatial_moe_trainer - INFO - Using colonization_weight=8.600493579307944, jump_weight=6.779387916544724, decline_weight=7.466895531272388, pde_weight=8.273334932559605
2025-04-25 06:30:28,090 - spatial_moe_trainer - INFO - Epoch 1/100 - Train Loss: 1472.7235 (Col: 1138.0707, Jump: 1058.9888, Decline: 57.3276, PDE: 2896.6301, Reg: 6910.3019), Eth Losses: China: 2470.0157, India: 1248.6857, Philippines: 1496.3607... (more ethnicities), Val Loss: 1678.6327, Val MAE: 20.5850, Val R2: 0.4208
2025-04-25 06:30:50,513 - spatial_moe_trainer - INFO - Epoch 2/100 - Train Loss: 1133.9892 (Col: 781.9361, Jump: 1015.1865, Decline: 43.2788, PDE: 2433.0881, Reg: 6818.8716), Eth Losses: China: 1809.6118, India: 943.1775, Philippines: 1348.6001... (more ethnicities), Val Loss: 1273.8386, Val MAE: 17.4629, Val R2: 0.5604
2025-04-25 06:31:13,013 - spatial_moe_trainer - INFO - Epoch 3/100 - Train Loss: 985.5085 (Col: 635.1717, Jump: 853.4571, Decline: 40.6027, PDE: 2136.0831, Reg: 6971.4728), Eth Losses: China: 1488.1473, India: 833.5120, Philippines: 1148.3731... (more ethnicities), Val Loss: 1118.9393, Val MAE: 16.3577, Val R2: 0.6139
2025-04-25 06:31:35,533 - spatial_moe_trainer - INFO - Epoch 4/100 - Train Loss: 851.0088 (Col: 526.1103, Jump: 814.9061, Decline: 41.9459, PDE: 1939.8348, Reg: 7310.5196), Eth Losses: China: 1249.1312, India: 720.0760, Philippines: 1061.2433... (more ethnicities), Val Loss: 1031.1752, Val MAE: 15.8275, Val R2: 0.6442
2025-04-25 06:31:57,954 - spatial_moe_trainer - INFO - Epoch 5/100 - Train Loss: 779.0848 (Col: 405.1806, Jump: 758.1017, Decline: 39.1813, PDE: 1885.2943, Reg: 8138.7946), Eth Losses: China: 1163.9813, India: 716.5831, Philippines: 1015.7533... (more ethnicities), Val Loss: 970.1580, Val MAE: 15.2029, Val R2: 0.6652
2025-04-25 06:32:20,551 - spatial_moe_trainer - INFO - Epoch 6/100 - Train Loss: 690.6796 (Col: 310.4921, Jump: 788.2585, Decline: 39.5129, PDE: 1821.4365, Reg: 6323.9857), Eth Losses: China: 981.4225, India: 695.4044, Philippines: 931.4826... (more ethnicities), Val Loss: 965.1556, Val MAE: 15.1597, Val R2: 0.6670
2025-04-25 06:32:42,963 - spatial_moe_trainer - INFO - Epoch 7/100 - Train Loss: 656.6634 (Col: 244.8901, Jump: 698.7766, Decline: 40.9126, PDE: 1821.0990, Reg: 7458.8965), Eth Losses: China: 945.6180, India: 674.6479, Philippines: 860.8152... (more ethnicities), Val Loss: 958.6850, Val MAE: 14.9557, Val R2: 0.6692
2025-04-25 06:33:05,507 - spatial_moe_trainer - INFO - Epoch 8/100 - Train Loss: 634.7097 (Col: 239.2220, Jump: 663.8839, Decline: 41.5750, PDE: 1741.8138, Reg: 6453.7170), Eth Losses: China: 888.6948, India: 697.8060, Philippines: 776.6200... (more ethnicities), Val Loss: 908.5666, Val MAE: 14.5267, Val R2: 0.6865
2025-04-25 06:33:27,866 - spatial_moe_trainer - INFO - Epoch 9/100 - Train Loss: 599.0104 (Col: 223.2800, Jump: 622.4423, Decline: 39.8836, PDE: 1682.9041, Reg: 6555.3082), Eth Losses: China: 871.4014, India: 612.7257, Philippines: 746.5987... (more ethnicities), Val Loss: 914.7890, Val MAE: 14.6174, Val R2: 0.6843
2025-04-25 06:33:50,279 - spatial_moe_trainer - INFO - Epoch 10/100 - Train Loss: 562.3674 (Col: 188.2481, Jump: 654.6253, Decline: 39.1584, PDE: 1616.8557, Reg: 7068.7426), Eth Losses: China: 805.5434, India: 608.0204, Philippines: 719.3569... (more ethnicities), Val Loss: 909.7791, Val MAE: 14.4699, Val R2: 0.6861
2025-04-25 06:34:12,776 - spatial_moe_trainer - INFO - Trial pruned at epoch 11
2025-04-25 06:34:12,785 - spatial_moe_trainer - INFO - Saving metrics to ./optuna_results/trial_47/metrics
2025-04-25 06:34:12,787 - spatial_moe_trainer - INFO - Training metrics saved to ./optuna_results/trial_47/metrics/training_metrics.csv
2025-04-25 06:34:12,789 - spatial_moe_trainer - INFO - Validation metrics saved to ./optuna_results/trial_47/metrics/validation_metrics.csv
2025-04-25 06:34:12,826 - spatial_moe_trainer - INFO - Multi-Ethnic Spatial MoE model saved to ./optuna_results/trial_47/model.pt
2025-04-25 06:34:12,862 - __mp_main__ - INFO - Running trial 48 on device cuda:0
2025-04-25 06:34:12,878 - __main__ - INFO - Trial 47 completed with value: 866.501438
2025-04-25 06:34:13,059 - __mp_main__ - INFO - Using adjusted dimensions - hidden_dims: [69, 24, 24], coord_embed_dim: 6
2025-04-25 06:34:13,105 - spatial_moe_trainer - INFO - Multi-Ethnic Spatial MoE model initialized on cuda:0
2025-04-25 06:34:13,105 - spatial_moe_trainer - INFO - Model will predict 5 ethnicities: ['China', 'India', 'Philippines', 'Portugal', 'Sri Lanka']
2025-04-25 06:34:13,125 - __mp_main__ - INFO - Testing model forward pass before training...
2025-04-25 06:34:13,285 - __mp_main__ - INFO - Test forward pass successful. Output shape: torch.Size([64, 5])
2025-04-25 06:34:13,285 - spatial_moe_trainer - INFO - Starting multi-ethnic spatial MoE model training with learnable expert router...
2025-04-25 06:34:13,285 - spatial_moe_trainer - INFO - Using colonization_weight=6.795408466721011, jump_weight=8.224959839215389, decline_weight=6.431443467933896, pde_weight=7.089895344072876
2025-04-25 06:34:35,779 - spatial_moe_trainer - INFO - Epoch 1/100 - Train Loss: 1323.1561 (Col: 893.8430, Jump: 841.6957, Decline: 178.6029, PDE: 4368.0316, Reg: 8535.8133), Eth Losses: China: 2410.2910, India: 1014.1451, Philippines: 1496.5199... (more ethnicities), Val Loss: 1357.4213, Val MAE: 16.6920, Val R2: 0.5316
2025-04-25 06:34:58,637 - spatial_moe_trainer - INFO - Epoch 2/100 - Train Loss: 972.8763 (Col: 591.7803, Jump: 666.5760, Decline: 154.0658, PDE: 3412.7426, Reg: 8020.0937), Eth Losses: China: 1648.7027, India: 816.3902, Philippines: 1180.8385... (more ethnicities), Val Loss: 1036.2068, Val MAE: 15.4164, Val R2: 0.6424
2025-04-25 06:35:21,261 - spatial_moe_trainer - INFO - Epoch 3/100 - Train Loss: 759.4609 (Col: 348.9398, Jump: 603.4133, Decline: 142.2395, PDE: 3075.6392, Reg: 7728.1534), Eth Losses: China: 1264.3875, India: 641.1362, Philippines: 1007.1026... (more ethnicities), Val Loss: 1019.6285, Val MAE: 14.7993, Val R2: 0.6482
2025-04-25 06:35:43,649 - spatial_moe_trainer - INFO - Epoch 4/100 - Train Loss: 654.0306 (Col: 251.2861, Jump: 479.5021, Decline: 141.2932, PDE: 2795.3805, Reg: 8050.9347), Eth Losses: China: 1025.3234, India: 642.7844, Philippines: 862.9429... (more ethnicities), Val Loss: 994.3646, Val MAE: 15.1781, Val R2: 0.6569
2025-04-25 06:36:06,125 - spatial_moe_trainer - INFO - Epoch 5/100 - Train Loss: 649.0231 (Col: 265.9475, Jump: 547.4556, Decline: 137.9275, PDE: 2744.2691, Reg: 6691.4383), Eth Losses: China: 1126.8237, India: 612.8597, Philippines: 829.8775... (more ethnicities), Val Loss: 997.7933, Val MAE: 14.5899, Val R2: 0.6557
2025-04-25 06:36:28,768 - spatial_moe_trainer - INFO - Epoch 6/100 - Train Loss: 585.9061 (Col: 181.9368, Jump: 416.9514, Decline: 133.6455, PDE: 2539.5585, Reg: 10721.5788), Eth Losses: China: 924.5623, India: 601.7213, Philippines: 780.7730... (more ethnicities), Val Loss: 921.6363, Val MAE: 14.3549, Val R2: 0.6820
2025-04-25 06:36:51,241 - spatial_moe_trainer - INFO - Epoch 7/100 - Train Loss: 544.0019 (Col: 168.1752, Jump: 408.5784, Decline: 124.6306, PDE: 2506.8172, Reg: 5990.9471), Eth Losses: China: 872.4561, India: 545.6594, Philippines: 724.2306... (more ethnicities), Val Loss: 798.4828, Val MAE: 14.0983, Val R2: 0.7245
2025-04-25 06:37:13,883 - spatial_moe_trainer - INFO - Epoch 8/100 - Train Loss: 545.8777 (Col: 176.7181, Jump: 396.8600, Decline: 127.0376, PDE: 2429.9406, Reg: 10445.0160), Eth Losses: China: 919.4070, India: 545.9247, Philippines: 710.4711... (more ethnicities), Val Loss: 830.1567, Val MAE: 13.8391, Val R2: 0.7135
2025-04-25 06:37:36,484 - spatial_moe_trainer - INFO - Epoch 9/100 - Train Loss: 508.6286 (Col: 145.9090, Jump: 347.5594, Decline: 125.9895, PDE: 2288.4296, Reg: 7711.6557), Eth Losses: China: 781.6578, India: 573.1193, Philippines: 681.9084... (more ethnicities), Val Loss: 885.0343, Val MAE: 14.1541, Val R2: 0.6946
2025-04-25 06:37:58,955 - spatial_moe_trainer - INFO - Epoch 10/100 - Train Loss: 506.7186 (Col: 145.0867, Jump: 411.2574, Decline: 122.1438, PDE: 2338.9188, Reg: 7295.4492), Eth Losses: China: 772.8649, India: 543.0784, Philippines: 671.1076... (more ethnicities), Val Loss: 919.7831, Val MAE: 13.9688, Val R2: 0.6826
2025-04-25 06:38:21,753 - spatial_moe_trainer - INFO - Epoch 11/100 - Train Loss: 484.3190 (Col: 144.6828, Jump: 354.6244, Decline: 121.3275, PDE: 2206.4462, Reg: 6404.7902), Eth Losses: China: 763.7471, India: 498.6066, Philippines: 618.7485... (more ethnicities), Val Loss: 771.3589, Val MAE: 13.6211, Val R2: 0.7338
2025-04-25 06:38:44,167 - spatial_moe_trainer - INFO - Trial pruned at epoch 12
2025-04-25 06:38:44,181 - spatial_moe_trainer - INFO - Saving metrics to ./optuna_results/trial_48/metrics
2025-04-25 06:38:44,183 - spatial_moe_trainer - INFO - Training metrics saved to ./optuna_results/trial_48/metrics/training_metrics.csv
2025-04-25 06:38:44,184 - spatial_moe_trainer - INFO - Validation metrics saved to ./optuna_results/trial_48/metrics/validation_metrics.csv
2025-04-25 06:38:44,222 - spatial_moe_trainer - INFO - Multi-Ethnic Spatial MoE model saved to ./optuna_results/trial_48/model.pt
2025-04-25 06:38:44,257 - __mp_main__ - INFO - Running trial 49 on device cuda:0
2025-04-25 06:38:44,269 - __main__ - INFO - Trial 48 completed with value: 771.358860
2025-04-25 06:38:44,460 - __mp_main__ - INFO - Using adjusted dimensions - hidden_dims: [81, 30, 18], coord_embed_dim: 12
2025-04-25 06:38:44,506 - spatial_moe_trainer - INFO - Multi-Ethnic Spatial MoE model initialized on cuda:0
2025-04-25 06:38:44,507 - spatial_moe_trainer - INFO - Model will predict 5 ethnicities: ['China', 'India', 'Philippines', 'Portugal', 'Sri Lanka']
2025-04-25 06:38:44,527 - __mp_main__ - INFO - Testing model forward pass before training...
2025-04-25 06:38:44,686 - __mp_main__ - INFO - Test forward pass successful. Output shape: torch.Size([64, 5])
2025-04-25 06:38:44,687 - spatial_moe_trainer - INFO - Starting multi-ethnic spatial MoE model training with learnable expert router...
2025-04-25 06:38:44,687 - spatial_moe_trainer - INFO - Using colonization_weight=8.371797681740434, jump_weight=7.398545623487764, decline_weight=5.567454064515632, pde_weight=4.603136980897344
2025-04-25 06:39:07,275 - spatial_moe_trainer - INFO - Epoch 1/100 - Train Loss: 1106.9407 (Col: 862.4966, Jump: 783.9943, Decline: 125.5195, PDE: 2990.3634, Reg: 5763.2272), Eth Losses: China: 2035.6287, India: 702.8857, Philippines: 1194.4766... (more ethnicities), Val Loss: 1031.1494, Val MAE: 15.9188, Val R2: 0.6442
2025-04-25 06:39:29,770 - spatial_moe_trainer - INFO - Epoch 2/100 - Train Loss: 717.0867 (Col: 496.4604, Jump: 625.3495, Decline: 105.9582, PDE: 2011.6244, Reg: 4799.6517), Eth Losses: China: 1228.0953, India: 549.0627, Philippines: 816.3369... (more ethnicities), Val Loss: 883.8043, Val MAE: 14.3903, Val R2: 0.6950
2025-04-25 06:39:52,204 - spatial_moe_trainer - INFO - Epoch 3/100 - Train Loss: 514.2393 (Col: 249.7550, Jump: 507.8420, Decline: 99.6756, PDE: 1745.9931, Reg: 5182.5575), Eth Losses: China: 786.2583, India: 504.6041, Philippines: 621.6327... (more ethnicities), Val Loss: 844.4345, Val MAE: 14.0514, Val R2: 0.7086
2025-04-25 06:40:14,739 - spatial_moe_trainer - INFO - Epoch 4/100 - Train Loss: 460.9758 (Col: 210.2652, Jump: 395.2720, Decline: 92.0542, PDE: 1625.6476, Reg: 5283.6314), Eth Losses: China: 676.3784, India: 455.3764, Philippines: 543.7552... (more ethnicities), Val Loss: 801.8982, Val MAE: 14.3052, Val R2: 0.7233
2025-04-25 06:40:37,287 - spatial_moe_trainer - INFO - Epoch 5/100 - Train Loss: 451.8580 (Col: 243.4285, Jump: 355.9330, Decline: 89.4648, PDE: 1495.8413, Reg: 3629.6807), Eth Losses: China: 674.6240, India: 401.1689, Philippines: 539.8746... (more ethnicities), Val Loss: 828.5801, Val MAE: 13.7649, Val R2: 0.7141
2025-04-25 06:40:59,810 - spatial_moe_trainer - INFO - Epoch 6/100 - Train Loss: 430.8727 (Col: 195.9837, Jump: 337.6944, Decline: 88.6181, PDE: 1532.1363, Reg: 4262.6592), Eth Losses: China: 628.2999, India: 390.7480, Philippines: 540.3604... (more ethnicities), Val Loss: 769.4496, Val MAE: 13.7640, Val R2: 0.7345
2025-04-25 06:41:22,462 - spatial_moe_trainer - INFO - Epoch 7/100 - Train Loss: 420.4236 (Col: 195.1943, Jump: 327.9367, Decline: 85.1244, PDE: 1436.4276, Reg: 5858.3838), Eth Losses: China: 740.0764, India: 370.5555, Philippines: 466.1784... (more ethnicities), Val Loss: 762.1329, Val MAE: 13.4426, Val R2: 0.7370
2025-04-25 06:41:44,858 - spatial_moe_trainer - INFO - Epoch 8/100 - Train Loss: 372.7652 (Col: 161.6949, Jump: 334.4310, Decline: 85.5284, PDE: 1376.4888, Reg: 3636.0674), Eth Losses: China: 519.9549, India: 341.8680, Philippines: 478.8414... (more ethnicities), Val Loss: 792.6672, Val MAE: 13.8404, Val R2: 0.7265
2025-04-25 06:42:07,330 - spatial_moe_trainer - INFO - Epoch 9/100 - Train Loss: 394.4403 (Col: 190.1436, Jump: 314.6884, Decline: 83.6588, PDE: 1344.5350, Reg: 4368.3252), Eth Losses: China: 587.3841, India: 370.0460, Philippines: 457.4344... (more ethnicities), Val Loss: 772.5965, Val MAE: 13.5667, Val R2: 0.7334
2025-04-25 06:42:29,668 - spatial_moe_trainer - INFO - Epoch 10/100 - Train Loss: 373.9786 (Col: 178.1618, Jump: 293.5219, Decline: 84.6402, PDE: 1264.8658, Reg: 4844.9007), Eth Losses: China: 647.4643, India: 291.6334, Philippines: 428.6469... (more ethnicities), Val Loss: 719.4878, Val MAE: 13.1177, Val R2: 0.7517
2025-04-25 06:42:52,208 - spatial_moe_trainer - INFO - Epoch 11/100 - Train Loss: 330.4976 (Col: 131.5237, Jump: 267.5468, Decline: 79.5670, PDE: 1289.0537, Reg: 2641.0408), Eth Losses: China: 464.2749, India: 337.6472, Philippines: 375.5144... (more ethnicities), Val Loss: 685.2468, Val MAE: 12.9878, Val R2: 0.7635
2025-04-25 06:43:14,725 - spatial_moe_trainer - INFO - Epoch 12/100 - Train Loss: 313.0403 (Col: 125.8248, Jump: 252.6851, Decline: 77.9631, PDE: 1197.8286, Reg: 3018.0200), Eth Losses: China: 463.2879, India: 278.2232, Philippines: 360.8375... (more ethnicities), Val Loss: 758.1028, Val MAE: 12.9484, Val R2: 0.7384
2025-04-25 06:43:37,074 - spatial_moe_trainer - INFO - Epoch 13/100 - Train Loss: 316.1818 (Col: 134.8830, Jump: 232.7793, Decline: 78.9843, PDE: 1173.1207, Reg: 2950.9994), Eth Losses: China: 500.1381, India: 311.6895, Philippines: 342.3679... (more ethnicities), Val Loss: 644.8562, Val MAE: 12.8784, Val R2: 0.7775
2025-04-25 06:43:59,658 - spatial_moe_trainer - INFO - Epoch 14/100 - Train Loss: 295.8176 (Col: 112.5550, Jump: 234.1088, Decline: 76.2147, PDE: 1138.2182, Reg: 2653.9090), Eth Losses: China: 396.0159, India: 305.4766, Philippines: 330.3287... (more ethnicities), Val Loss: 729.9586, Val MAE: 12.8366, Val R2: 0.7481
2025-04-25 06:44:22,127 - spatial_moe_trainer - INFO - Epoch 15/100 - Train Loss: 298.1748 (Col: 127.5238, Jump: 220.6417, Decline: 76.8717, PDE: 1124.8420, Reg: 2488.5771), Eth Losses: China: 469.7546, India: 266.5856, Philippines: 298.1806... (more ethnicities), Val Loss: 661.7994, Val MAE: 12.4048, Val R2: 0.7716
2025-04-25 06:44:44,504 - spatial_moe_trainer - INFO - Epoch 16/100 - Train Loss: 276.6794 (Col: 111.6107, Jump: 223.2618, Decline: 73.9513, PDE: 1037.4351, Reg: 2631.5782), Eth Losses: China: 453.2144, India: 251.4064, Philippines: 278.2471... (more ethnicities), Val Loss: 665.8698, Val MAE: 12.3032, Val R2: 0.7702
2025-04-25 06:45:06,996 - spatial_moe_trainer - INFO - Epoch 17/100 - Train Loss: 265.4141 (Col: 117.0352, Jump: 202.9017, Decline: 70.4000, PDE: 968.6436, Reg: 2297.1620), Eth Losses: China: 420.3146, India: 239.5545, Philippines: 279.0150... (more ethnicities), Val Loss: 675.5868, Val MAE: 12.3444, Val R2: 0.7669
2025-04-25 06:45:29,539 - spatial_moe_trainer - INFO - Epoch 18/100 - Train Loss: 263.3349 (Col: 119.8665, Jump: 200.9720, Decline: 70.2654, PDE: 918.4176, Reg: 2437.1641), Eth Losses: China: 441.3711, India: 238.9575, Philippines: 271.5781... (more ethnicities), Val Loss: 631.8248, Val MAE: 12.4304, Val R2: 0.7820
2025-04-25 06:45:52,028 - spatial_moe_trainer - INFO - Epoch 19/100 - Train Loss: 242.8833 (Col: 98.1593, Jump: 192.7993, Decline: 70.0556, PDE: 922.6754, Reg: 2011.0532), Eth Losses: China: 358.2199, India: 247.9044, Philippines: 256.5584... (more ethnicities), Val Loss: 660.7789, Val MAE: 12.1856, Val R2: 0.7720
2025-04-25 06:46:14,474 - spatial_moe_trainer - INFO - Epoch 20/100 - Train Loss: 243.5309 (Col: 106.5096, Jump: 191.5388, Decline: 69.2627, PDE: 884.1334, Reg: 2032.3274), Eth Losses: China: 377.8996, India: 213.9992, Philippines: 241.0138... (more ethnicities), Val Loss: 616.9811, Val MAE: 12.1966, Val R2: 0.7871
2025-04-25 06:46:37,025 - spatial_moe_trainer - INFO - Epoch 21/100 - Train Loss: 231.9727 (Col: 84.1362, Jump: 175.7286, Decline: 69.0653, PDE: 877.6337, Reg: 2453.2786), Eth Losses: China: 390.2244, India: 206.4832, Philippines: 222.4534... (more ethnicities), Val Loss: 615.0678, Val MAE: 12.1705, Val R2: 0.7878
2025-04-25 06:46:59,444 - spatial_moe_trainer - INFO - Epoch 22/100 - Train Loss: 239.7460 (Col: 105.4827, Jump: 166.2453, Decline: 78.8561, PDE: 847.1532, Reg: 2368.2569), Eth Losses: China: 366.3005, India: 199.7626, Philippines: 232.9822... (more ethnicities), Val Loss: 624.6128, Val MAE: 12.1236, Val R2: 0.7845
2025-04-25 06:47:21,962 - spatial_moe_trainer - INFO - Epoch 23/100 - Train Loss: 237.8783 (Col: 108.8326, Jump: 181.9175, Decline: 78.3206, PDE: 834.5355, Reg: 2077.3044), Eth Losses: China: 339.9382, India: 204.0251, Philippines: 227.8807... (more ethnicities), Val Loss: 649.4410, Val MAE: 12.2450, Val R2: 0.7759
2025-04-25 06:47:44,618 - spatial_moe_trainer - INFO - Epoch 24/100 - Train Loss: 221.3345 (Col: 90.4726, Jump: 160.7637, Decline: 77.9600, PDE: 844.4528, Reg: 1628.4415), Eth Losses: China: 345.1001, India: 201.5135, Philippines: 215.1675... (more ethnicities), Val Loss: 694.5987, Val MAE: 12.2587, Val R2: 0.7603
2025-04-25 06:48:07,298 - spatial_moe_trainer - INFO - Epoch 25/100 - Train Loss: 230.3408 (Col: 94.5626, Jump: 170.3951, Decline: 80.3051, PDE: 811.2729, Reg: 2474.2353), Eth Losses: China: 383.7535, India: 201.3214, Philippines: 198.6559... (more ethnicities), Val Loss: 657.9660, Val MAE: 12.0904, Val R2: 0.7730
2025-04-25 06:48:29,731 - spatial_moe_trainer - INFO - Epoch 26/100 - Train Loss: 223.3922 (Col: 87.1996, Jump: 156.4444, Decline: 80.2397, PDE: 787.2406, Reg: 2192.7144), Eth Losses: China: 334.2966, India: 185.4302, Philippines: 214.1243... (more ethnicities), Val Loss: 649.1366, Val MAE: 11.9800, Val R2: 0.7760
2025-04-25 06:48:52,206 - spatial_moe_trainer - INFO - Epoch 27/100 - Train Loss: 204.6596 (Col: 82.1933, Jump: 153.7968, Decline: 75.9846, PDE: 772.0277, Reg: 1963.7439), Eth Losses: China: 291.8305, India: 186.7380, Philippines: 195.6463... (more ethnicities), Val Loss: 626.1465, Val MAE: 12.1359, Val R2: 0.7839
2025-04-25 06:49:14,794 - spatial_moe_trainer - INFO - Epoch 28/100 - Train Loss: 200.0790 (Col: 82.6889, Jump: 153.3540, Decline: 80.8756, PDE: 732.1247, Reg: 1595.0554), Eth Losses: China: 292.8318, India: 173.9808, Philippines: 184.7730... (more ethnicities), Val Loss: 644.4693, Val MAE: 12.0335, Val R2: 0.7776
2025-04-25 06:49:37,336 - spatial_moe_trainer - INFO - Epoch 29/100 - Train Loss: 195.1134 (Col: 66.8733, Jump: 158.5901, Decline: 82.4073, PDE: 756.0116, Reg: 1817.1934), Eth Losses: China: 286.2124, India: 183.4094, Philippines: 170.1910... (more ethnicities), Val Loss: 647.1849, Val MAE: 12.0001, Val R2: 0.7767
2025-04-25 06:49:59,858 - spatial_moe_trainer - INFO - Epoch 30/100 - Train Loss: 196.5728 (Col: 70.0424, Jump: 150.3362, Decline: 85.8017, PDE: 760.9459, Reg: 1565.4194), Eth Losses: China: 268.2878, India: 177.9561, Philippines: 195.6296... (more ethnicities), Val Loss: 660.4354, Val MAE: 11.8938, Val R2: 0.7721
2025-04-25 06:50:22,385 - spatial_moe_trainer - INFO - Epoch 31/100 - Train Loss: 193.1771 (Col: 66.4641, Jump: 166.5352, Decline: 87.6319, PDE: 751.6979, Reg: 1881.3851), Eth Losses: China: 312.2907, India: 167.1065, Philippines: 165.9675... (more ethnicities), Val Loss: 632.9601, Val MAE: 11.8634, Val R2: 0.7816
2025-04-25 06:50:22,386 - spatial_moe_trainer - INFO - Early stopping at epoch 31
2025-04-25 06:50:22,402 - spatial_moe_trainer - INFO - Saving metrics to ./optuna_results/trial_49/metrics
2025-04-25 06:50:22,404 - spatial_moe_trainer - INFO - Training metrics saved to ./optuna_results/trial_49/metrics/training_metrics.csv
2025-04-25 06:50:22,407 - spatial_moe_trainer - INFO - Validation metrics saved to ./optuna_results/trial_49/metrics/validation_metrics.csv
2025-04-25 06:50:22,444 - spatial_moe_trainer - INFO - Multi-Ethnic Spatial MoE model saved to ./optuna_results/trial_49/model.pt
2025-04-25 06:50:22,634 - __main__ - INFO - Trial 49 completed with value: 615.067817
2025-04-25 06:50:23,362 - __main__ - INFO - Hyperparameter optimization completed
2025-04-25 06:50:23,362 - __main__ - INFO - Best trial: 25
2025-04-25 06:50:23,362 - __main__ - INFO - Best value: 524.757844
2025-04-25 06:50:23,362 - __main__ - INFO - Best parameters: {'attention_heads': 6, 'hidden_dim_1_base': 18, 'hidden_dim_2_base': 7, 'hidden_dim_3_base': 5, 'coord_embed_base': 2, 'dropout_rate': 0.3353262051364367, 'colonization_threshold': 0.17014667404757933, 'colonization_expert_weight': 0.6038994444722598, 'colonization_weight': 9.762502584862888, 'jump_threshold': 106.9406365130335, 'jump_expert_weight': 0.5680056997187877, 'jump_weight': 2.6655567447823585, 'decline_threshold': 34.661205286371036, 'decline_expert_weight': 0.7479287954068051, 'decline_weight': 5.854631221378225, 'pde_expert_weight': 0.545238217259996, 'pde_weight': 8.982475473133988, 'learning_rate': 0.0003429667321326434, 'weight_decay': 4.833881100406519e-07}
